date,ticker,replay_score
2026-05-20,AAPL,-0.13375206
2026-05-21,AAPL,-0.10647458
2026-05-22,AAPL,-0.09403833
2026-05-26,AAPL,-0.08892108
2026-05-27,AAPL,-0.080955744
2026-05-28,AAPL,-0.059081405
2026-05-29,AAPL,-0.061077785
2026-06-01,AAPL,-0.08171486
2026-06-02,AAPL,-0.05464102
2026-06-03,AAPL,-0.072320305
2026-06-04,AAPL,-0.07316937
2026-06-05,AAPL,-0.08056855
2026-06-08,AAPL,-0.07750274
2026-06-09,AAPL,-0.02352862
2026-06-10,AAPL,-0.019072475
2026-06-11,AAPL,-0.021133872
2026-06-12,AAPL,-0.03646385
2026-06-15,AAPL,-0.029818067
2026-06-16,AAPL,-0.0005825564
2026-06-17,AAPL,-0.04596533
2026-06-18,AAPL,-0.06891733
2026-06-22,AAPL,-0.0787885
2026-06-23,AAPL,-0.108095504
2026-06-24,AAPL,-0.105394654
2026-06-25,AAPL,-0.027777674
2026-06-26,AAPL,-0.049779583
2026-06-29,AAPL,-0.046954114
2026-06-30,AAPL,-0.085703574
2026-07-01,AAPL,-0.0809538
2026-07-02,AAPL,-0.10546442
2026-07-06,AAPL,-0.10763172
2026-07-07,AAPL,-0.10849484
2026-07-08,AAPL,-0.106567405
2026-07-09,AAPL,-0.08584777
2026-07-10,AAPL,-0.10416982
2026-07-13,AAPL,-0.11518631
2026-07-14,AAPL,-0.11777536
2026-07-15,AAPL,-0.10085666
2026-07-16,AAPL,-0.085535
2026-07-17,AAPL,-0.085283995
2026-07-20,AAPL,-0.11771066
2026-07-21,AAPL,-0.11729172
2026-07-22,AAPL,-0.11780531
2026-07-23,AAPL,-0.117319554
2026-07-24,AAPL,-0.10332986
2026-07-27,AAPL,-0.09779494
2026-07-28,AAPL,-0.07609114
2026-07-29,AAPL,-0.10324147
2026-07-30,AAPL,-0.11841465
2026-07-31,AAPL,-0.047938872
2026-05-20,ABBV,-0.19439204
2026-05-21,ABBV,-0.19043867
2026-05-22,ABBV,-0.18976219
2026-05-26,ABBV,-0.1951534
2026-05-27,ABBV,-0.1928882
2026-05-28,ABBV,-0.19957203
2026-05-29,ABBV,-0.20005731
2026-06-01,ABBV,-0.19993801
2026-06-02,ABBV,-0.19960624
2026-06-03,ABBV,-0.19800496
2026-06-04,ABBV,-0.14665647
2026-06-05,ABBV,-0.13779636
2026-06-08,ABBV,-0.15031053
2026-06-09,ABBV,-0.1558717
2026-06-10,ABBV,-0.16727753
2026-06-11,ABBV,-0.17219372
2026-06-12,ABBV,-0.15386595
2026-06-15,ABBV,-0.1766088
2026-06-16,ABBV,-0.1807793
2026-06-17,ABBV,-0.17637725
2026-06-18,ABBV,-0.1515963
2026-06-22,ABBV,-0.1336762
2026-06-23,ABBV,-0.124062546
2026-06-24,ABBV,-0.124982156
2026-06-25,ABBV,-0.11040781
2026-06-26,ABBV,-0.09500294
2026-06-29,ABBV,-0.09501713
2026-06-30,ABBV,-0.07124738
2026-07-01,ABBV,-0.06409738
2026-07-02,ABBV,-0.031511303
2026-07-06,ABBV,-0.08237148
2026-07-07,ABBV,-0.09498536
2026-07-08,ABBV,-0.09627527
2026-07-09,ABBV,-0.0926675
2026-07-10,ABBV,-0.10476548
2026-07-13,ABBV,-0.10057331
2026-07-14,ABBV,-0.06628394
2026-07-15,ABBV,-0.06263662
2026-07-16,ABBV,-0.08949703
2026-07-17,ABBV,-0.09079513
2026-07-20,ABBV,-0.103812225
2026-07-21,ABBV,-0.100266784
2026-07-22,ABBV,-0.09814105
2026-07-23,ABBV,-0.10159541
2026-07-24,ABBV,-0.08248305
2026-07-27,ABBV,-0.09111073
2026-07-28,ABBV,-0.08949551
2026-07-29,ABBV,-0.08135133
2026-07-30,ABBV,-0.09152442
2026-07-31,ABBV,-0.076824374
2026-05-20,ADBE,-0.1437064
2026-05-21,ADBE,-0.10746363
2026-05-22,ADBE,-0.10667657
2026-05-26,ADBE,-0.11666448
2026-05-27,ADBE,-0.13485101
2026-05-28,ADBE,-0.13246064
2026-05-29,ADBE,-0.14506932
2026-06-01,ADBE,-0.11262212
2026-06-02,ADBE,-0.13072662
2026-06-03,ADBE,-0.09163194
2026-06-04,ADBE,-0.11405325
2026-06-05,ADBE,-0.09680446
2026-06-08,ADBE,-0.06178549
2026-06-09,ADBE,-0.050510556
2026-06-10,ADBE,-0.056889158
2026-06-11,ADBE,-0.035926566
2026-06-12,ADBE,0.058355168
2026-06-15,ADBE,0.07514057
2026-06-16,ADBE,0.061259687
2026-06-17,ADBE,0.03648629
2026-06-18,ADBE,0.0586834
2026-06-22,ADBE,0.060436785
2026-06-23,ADBE,0.06599567
2026-06-24,ADBE,0.057715714
2026-06-25,ADBE,0.0479676
2026-06-26,ADBE,0.09177944
2026-06-29,ADBE,0.0806233
2026-06-30,ADBE,0.08369976
2026-07-01,ADBE,0.08023035
2026-07-02,ADBE,0.08601751
2026-07-06,ADBE,0.08508467
2026-07-07,ADBE,0.09485951
2026-07-08,ADBE,0.08793328
2026-07-09,ADBE,0.049765095
2026-07-10,ADBE,0.0097391615
2026-07-13,ADBE,0.004855827
2026-07-14,ADBE,-0.01760425
2026-07-15,ADBE,-0.041000165
2026-07-16,ADBE,-0.013552136
2026-07-17,ADBE,-0.050941188
2026-07-20,ADBE,-0.06142972
2026-07-21,ADBE,-0.10310272
2026-07-22,ADBE,-0.013591453
2026-07-23,ADBE,0.07729549
2026-07-24,ADBE,-0.07961948
2026-07-27,ADBE,-0.11139507
2026-07-28,ADBE,-0.07312899
2026-07-29,ADBE,-0.025537044
2026-07-30,ADBE,-0.03017609
2026-07-31,ADBE,-0.05024672
2026-05-20,ADI,-0.036514204
2026-05-21,ADI,0.015986761
2026-05-22,ADI,-0.019831417
2026-05-26,ADI,-0.0271041
2026-05-27,ADI,-0.01394089
2026-05-28,ADI,-0.005242482
2026-05-29,ADI,0.0009278667
2026-06-01,ADI,0.017888507
2026-06-02,ADI,-0.010331075
2026-06-03,ADI,-0.0047413646
2026-06-04,ADI,-0.004728923
2026-06-05,ADI,-0.00092021126
2026-06-08,ADI,-0.012861821
2026-06-09,ADI,-0.009155494
2026-06-10,ADI,0.028312141
2026-06-11,ADI,-0.01516338
2026-06-12,ADI,-0.028107418
2026-06-15,ADI,-0.055729926
2026-06-16,ADI,-0.041845962
2026-06-17,ADI,-0.043372635
2026-06-18,ADI,-0.06635953
2026-06-22,ADI,-0.04165369
2026-06-23,ADI,-0.026748559
2026-06-24,ADI,-0.019357912
2026-06-25,ADI,-0.034383815
2026-06-26,ADI,-0.0012538439
2026-06-29,ADI,-0.005610416
2026-06-30,ADI,-0.0110368235
2026-07-01,ADI,-0.0034467867
2026-07-02,ADI,-0.010610107
2026-07-06,ADI,-0.020257333
2026-07-07,ADI,-0.019319855
2026-07-08,ADI,-0.024003161
2026-07-09,ADI,0.0010267632
2026-07-10,ADI,-0.036357004
2026-07-13,ADI,-0.041607514
2026-07-14,ADI,-0.024633924
2026-07-15,ADI,-0.038501356
2026-07-16,ADI,-0.06771534
2026-07-17,ADI,-0.059291374
2026-07-20,ADI,-0.0647436
2026-07-21,ADI,-0.05570874
2026-07-22,ADI,-0.04332599
2026-07-23,ADI,-0.073670946
2026-07-24,ADI,-0.0822627
2026-07-27,ADI,-0.07623952
2026-07-28,ADI,-0.06834087
2026-07-29,ADI,-0.0423328
2026-07-30,ADI,-0.08295158
2026-07-31,ADI,-0.08276002
2026-05-20,AEP,-0.20331486
2026-05-21,AEP,-0.20970498
2026-05-22,AEP,-0.19917925
2026-05-26,AEP,-0.19951604
2026-05-27,AEP,-0.21004498
2026-05-28,AEP,-0.20239066
2026-05-29,AEP,-0.18788113
2026-06-01,AEP,-0.13829513
2026-06-02,AEP,-0.19874603
2026-06-03,AEP,-0.19532771
2026-06-04,AEP,-0.21858068
2026-06-05,AEP,-0.22332512
2026-06-08,AEP,-0.21213497
2026-06-09,AEP,-0.2254715
2026-06-10,AEP,-0.22552572
2026-06-11,AEP,-0.22397532
2026-06-12,AEP,-0.22234403
2026-06-15,AEP,-0.2209366
2026-06-16,AEP,-0.21960229
2026-06-17,AEP,-0.22899413
2026-06-18,AEP,-0.22950059
2026-06-22,AEP,-0.22009598
2026-06-23,AEP,-0.20253128
2026-06-24,AEP,-0.18582948
2026-06-25,AEP,-0.17431693
2026-06-26,AEP,-0.16210176
2026-06-29,AEP,-0.1807375
2026-06-30,AEP,-0.19805658
2026-07-01,AEP,-0.2021203
2026-07-02,AEP,-0.19202559
2026-07-06,AEP,-0.1993301
2026-07-07,AEP,-0.19727893
2026-07-08,AEP,-0.20073247
2026-07-09,AEP,-0.19522218
2026-07-10,AEP,-0.20217745
2026-07-13,AEP,-0.20133643
2026-07-14,AEP,-0.20402479
2026-07-15,AEP,-0.17733692
2026-07-16,AEP,-0.19639474
2026-07-17,AEP,-0.17463289
2026-07-20,AEP,-0.18414919
2026-07-21,AEP,-0.18504225
2026-07-22,AEP,-0.20083554
2026-07-23,AEP,-0.20649016
2026-07-24,AEP,-0.20580263
2026-07-27,AEP,-0.20119233
2026-07-28,AEP,-0.20500432
2026-07-29,AEP,-0.19443417
2026-07-30,AEP,-0.16953325
2026-07-31,AEP,-0.17088681
2026-05-20,AFRM,0.15315707
2026-05-21,AFRM,0.17185783
2026-05-22,AFRM,0.3146154
2026-05-26,AFRM,0.12794574
2026-05-27,AFRM,0.15043025
2026-05-28,AFRM,0.16320384
2026-05-29,AFRM,0.1545013
2026-06-01,AFRM,0.19789678
2026-06-02,AFRM,0.25487682
2026-06-03,AFRM,0.305935
2026-06-04,AFRM,0.24842493
2026-06-05,AFRM,0.1430736
2026-06-08,AFRM,0.26664236
2026-06-09,AFRM,0.17877947
2026-06-10,AFRM,0.12919079
2026-06-11,AFRM,0.26104486
2026-06-12,AFRM,0.23212431
2026-06-15,AFRM,0.20398279
2026-06-16,AFRM,0.27776006
2026-06-17,AFRM,0.20671642
2026-06-18,AFRM,0.28086287
2026-06-22,AFRM,0.2277628
2026-06-23,AFRM,0.20389587
2026-06-24,AFRM,0.3362104
2026-06-25,AFRM,0.18127458
2026-06-26,AFRM,0.22362882
2026-06-29,AFRM,0.3086551
2026-06-30,AFRM,0.17041735
2026-07-01,AFRM,0.12602784
2026-07-02,AFRM,0.2230763
2026-07-06,AFRM,0.23393388
2026-07-07,AFRM,0.26245415
2026-07-08,AFRM,0.26213583
2026-07-09,AFRM,0.22049712
2026-07-10,AFRM,-0.0063735037
2026-07-13,AFRM,0.00049680594
2026-07-14,AFRM,0.004332651
2026-07-15,AFRM,-0.026022524
2026-07-16,AFRM,-0.01926261
2026-07-17,AFRM,0.007835482
2026-07-20,AFRM,0.032415744
2026-07-21,AFRM,0.0039495993
2026-07-22,AFRM,-0.01639763
2026-07-23,AFRM,0.01185146
2026-07-24,AFRM,0.001582838
2026-07-27,AFRM,0.022539055
2026-07-28,AFRM,0.00028522778
2026-07-29,AFRM,-0.003641923
2026-07-30,AFRM,0.0063731405
2026-07-31,AFRM,-0.012286204
2026-05-20,AMAT,-0.074629694
2026-05-21,AMAT,-0.07971052
2026-05-22,AMAT,-0.052074004
2026-05-26,AMAT,-0.015681464
2026-05-27,AMAT,-0.008026263
2026-05-28,AMAT,0.018534409
2026-05-29,AMAT,0.011342055
2026-06-01,AMAT,-0.0017674211
2026-06-02,AMAT,0.07549087
2026-06-03,AMAT,0.1749844
2026-06-04,AMAT,0.17243762
2026-06-05,AMAT,0.048449904
2026-06-08,AMAT,0.08792144
2026-06-09,AMAT,0.17895
2026-06-10,AMAT,0.1794688
2026-06-11,AMAT,0.181912
2026-06-12,AMAT,0.13025361
2026-06-15,AMAT,0.1674648
2026-06-16,AMAT,0.19264875
2026-06-17,AMAT,0.23236674
2026-06-18,AMAT,0.23783076
2026-06-22,AMAT,0.22490288
2026-06-23,AMAT,0.2315364
2026-06-24,AMAT,0.23781367
2026-06-25,AMAT,0.22338386
2026-06-26,AMAT,0.24726467
2026-06-29,AMAT,0.22230725
2026-06-30,AMAT,0.22451949
2026-07-01,AMAT,0.22482872
2026-07-02,AMAT,0.15102737
2026-07-06,AMAT,0.124826275
2026-07-07,AMAT,0.033576585
2026-07-08,AMAT,0.09068527
2026-07-09,AMAT,0.15207279
2026-07-10,AMAT,0.16795552
2026-07-13,AMAT,0.114997566
2026-07-14,AMAT,0.18912666
2026-07-15,AMAT,0.15300272
2026-07-16,AMAT,0.040599074
2026-07-17,AMAT,0.074696355
2026-07-20,AMAT,0.05759271
2026-07-21,AMAT,0.041691825
2026-07-22,AMAT,0.033161312
2026-07-23,AMAT,0.02624561
2026-07-24,AMAT,0.07856374
2026-07-27,AMAT,0.07224992
2026-07-28,AMAT,0.038571674
2026-07-29,AMAT,-0.0024756298
2026-07-30,AMAT,0.066379175
2026-07-31,AMAT,0.066650346
2026-05-20,AMD,0.25264457
2026-05-21,AMD,0.24580242
2026-05-22,AMD,0.23963974
2026-05-26,AMD,0.24331753
2026-05-27,AMD,0.28837886
2026-05-28,AMD,0.28373998
2026-05-29,AMD,0.30715153
2026-06-01,AMD,0.35421872
2026-06-02,AMD,0.31680915
2026-06-03,AMD,0.30364683
2026-06-04,AMD,0.35112777
2026-06-05,AMD,0.30802533
2026-06-08,AMD,0.33065554
2026-06-09,AMD,0.3133723
2026-06-10,AMD,0.25838116
2026-06-11,AMD,0.3488196
2026-06-12,AMD,0.37209347
2026-06-15,AMD,0.35425484
2026-06-16,AMD,0.3463219
2026-06-17,AMD,0.33593115
2026-06-18,AMD,0.33680376
2026-06-22,AMD,0.2730285
2026-06-23,AMD,0.38010672
2026-06-24,AMD,0.38346338
2026-06-25,AMD,0.31176051
2026-06-26,AMD,0.34693575
2026-06-29,AMD,0.33672976
2026-06-30,AMD,0.3070701
2026-07-01,AMD,0.30657962
2026-07-02,AMD,0.2104944
2026-07-06,AMD,0.40575108
2026-07-07,AMD,0.22722967
2026-07-08,AMD,0.3476031
2026-07-09,AMD,0.35668966
2026-07-10,AMD,0.3251895
2026-07-13,AMD,0.27965936
2026-07-14,AMD,0.29124317
2026-07-15,AMD,0.26522723
2026-07-16,AMD,0.22707474
2026-07-17,AMD,0.22381468
2026-07-20,AMD,0.17888658
2026-07-21,AMD,0.2265591
2026-07-22,AMD,0.21827006
2026-07-23,AMD,0.24148427
2026-07-24,AMD,0.20190507
2026-07-27,AMD,0.114169836
2026-07-28,AMD,0.09174576
2026-07-29,AMD,0.049459826
2026-07-30,AMD,0.11554712
2026-07-31,AMD,0.049752112
2026-05-20,AMZN,0.0067615914
2026-05-21,AMZN,-0.007039921
2026-05-22,AMZN,-0.0002793496
2026-05-26,AMZN,-0.040202614
2026-05-27,AMZN,-0.012416479
2026-05-28,AMZN,0.00012387366
2026-05-29,AMZN,-0.012637884
2026-06-01,AMZN,-0.048748802
2026-06-02,AMZN,-0.04850037
2026-06-03,AMZN,-0.009367057
2026-06-04,AMZN,-0.034675326
2026-06-05,AMZN,0.004062092
2026-06-08,AMZN,-0.011774621
2026-06-09,AMZN,-0.0045184423
2026-06-10,AMZN,-0.023243511
2026-06-11,AMZN,-0.017202271
2026-06-12,AMZN,-0.022680433
2026-06-15,AMZN,0.0068610627
2026-06-16,AMZN,-0.010749723
2026-06-17,AMZN,-0.030540729
2026-06-18,AMZN,-0.01859613
2026-06-22,AMZN,-0.04081148
2026-06-23,AMZN,-0.052804828
2026-06-24,AMZN,-0.03527649
2026-06-25,AMZN,-0.032065704
2026-06-26,AMZN,-0.04225433
2026-06-29,AMZN,0.011133703
2026-06-30,AMZN,-0.011214838
2026-07-01,AMZN,-0.00080911565
2026-07-02,AMZN,-0.01492051
2026-07-06,AMZN,-0.085820965
2026-07-07,AMZN,-0.120894976
2026-07-08,AMZN,-0.09876726
2026-07-09,AMZN,-0.1377027
2026-07-10,AMZN,-0.12361296
2026-07-13,AMZN,-0.15454675
2026-07-14,AMZN,-0.18424474
2026-07-15,AMZN,-0.16573018
2026-07-16,AMZN,-0.18960725
2026-07-17,AMZN,-0.18072207
2026-07-20,AMZN,-0.18960725
2026-07-21,AMZN,-0.18607189
2026-07-22,AMZN,-0.17829604
2026-07-23,AMZN,-0.14526488
2026-07-24,AMZN,-0.13887556
2026-07-27,AMZN,-0.12958604
2026-07-28,AMZN,-0.12163791
2026-07-29,AMZN,-0.088449515
2026-07-30,AMZN,-0.16546436
2026-07-31,AMZN,-0.09667794
2026-05-20,ANET,0.0009017727
2026-05-21,ANET,0.03672115
2026-05-22,ANET,0.051522862
2026-05-26,ANET,0.055924136
2026-05-27,ANET,0.04525877
2026-05-28,ANET,0.06110696
2026-05-29,ANET,0.032765858
2026-06-01,ANET,-0.007823472
2026-06-02,ANET,0.09595215
2026-06-03,ANET,0.04578057
2026-06-04,ANET,-0.015717544
2026-06-05,ANET,0.0432494
2026-06-08,ANET,0.028831972
2026-06-09,ANET,0.04795019
2026-06-10,ANET,0.046252493
2026-06-11,ANET,0.0323888
2026-06-12,ANET,-0.009481695
2026-06-15,ANET,-0.039546866
2026-06-16,ANET,-0.044008296
2026-06-17,ANET,-0.035473507
2026-06-18,ANET,-0.05637281
2026-06-22,ANET,-0.019352555
2026-06-23,ANET,-0.010818407
2026-06-24,ANET,-0.030993456
2026-06-25,ANET,-0.023691038
2026-06-26,ANET,-0.00074481097
2026-06-29,ANET,-0.042410377
2026-06-30,ANET,-0.08574488
2026-07-01,ANET,-0.07447319
2026-07-02,ANET,-0.055586156
2026-07-06,ANET,-0.096433856
2026-07-07,ANET,-0.07910538
2026-07-08,ANET,-0.086486936
2026-07-09,ANET,-0.073085345
2026-07-10,ANET,-0.06667716
2026-07-13,ANET,-0.09104087
2026-07-14,ANET,-0.09034715
2026-07-15,ANET,-0.056180418
2026-07-16,ANET,-0.017375711
2026-07-17,ANET,-0.0082953
2026-07-20,ANET,-0.031632703
2026-07-21,ANET,-0.051201355
2026-07-22,ANET,-0.051802848
2026-07-23,ANET,-0.035925582
2026-07-24,ANET,-0.03867277
2026-07-27,ANET,-0.02449067
2026-07-28,ANET,-0.0070434995
2026-07-29,ANET,0.00083664805
2026-07-30,ANET,-0.023997823
2026-07-31,ANET,-0.07136694
2026-05-20,APH,-0.014401053
2026-05-21,APH,-0.00227031
2026-05-22,APH,0.06663459
2026-05-26,APH,-0.0075146854
2026-05-27,APH,-0.01975593
2026-05-28,APH,-0.07454334
2026-05-29,APH,-0.07493153
2026-06-01,APH,-0.09159645
2026-06-02,APH,-0.08203993
2026-06-03,APH,-0.104855865
2026-06-04,APH,-0.11456073
2026-06-05,APH,-0.04252403
2026-06-08,APH,-0.12168092
2026-06-09,APH,-0.04600655
2026-06-10,APH,-0.0659503
2026-06-11,APH,-0.06515017
2026-06-12,APH,-0.0453728
2026-06-15,APH,-0.027366837
2026-06-16,APH,-0.009758568
2026-06-17,APH,-0.015419642
2026-06-18,APH,0.02346436
2026-06-22,APH,0.0274733
2026-06-23,APH,-0.021299658
2026-06-24,APH,0.0006367254
2026-06-25,APH,0.021386495
2026-06-26,APH,-0.010726962
2026-06-29,APH,0.0013978737
2026-06-30,APH,0.028062081
2026-07-01,APH,0.012400887
2026-07-02,APH,0.018670136
2026-07-06,APH,0.028825998
2026-07-07,APH,-0.0031675946
2026-07-08,APH,-0.0051349984
2026-07-09,APH,0.0042842994
2026-07-10,APH,-0.01328385
2026-07-13,APH,0.0138965845
2026-07-14,APH,-0.015868234
2026-07-15,APH,0.0008442284
2026-07-16,APH,0.017399503
2026-07-17,APH,0.027819598
2026-07-20,APH,0.037494954
2026-07-21,APH,0.0033303823
2026-07-22,APH,0.0032507044
2026-07-23,APH,0.009375341
2026-07-24,APH,-0.008557261
2026-07-27,APH,-0.0019050495
2026-07-28,APH,0.0077631567
2026-07-29,APH,0.043529157
2026-07-30,APH,-0.009819538
2026-07-31,APH,-0.04970825
2026-05-20,APP,-0.030816711
2026-05-21,APP,-0.06798921
2026-05-22,APP,-0.07187715
2026-05-26,APP,-0.07360271
2026-05-27,APP,0.14813922
2026-05-28,APP,0.06480693
2026-05-29,APP,0.18765108
2026-06-01,APP,0.23704214
2026-06-02,APP,0.24145027
2026-06-03,APP,0.1757651
2026-06-04,APP,0.082399935
2026-06-05,APP,0.097506285
2026-06-08,APP,0.09225708
2026-06-09,APP,-0.00013006113
2026-06-10,APP,0.03182359
2026-06-11,APP,0.053311925
2026-06-12,APP,0.04664753
2026-06-15,APP,0.029067462
2026-06-16,APP,0.052713495
2026-06-17,APP,0.028582765
2026-06-18,APP,0.042079408
2026-06-22,APP,0.03154142
2026-06-23,APP,0.041978028
2026-06-24,APP,0.023059985
2026-06-25,APP,0.037319254
2026-06-26,APP,0.029800246
2026-06-29,APP,0.053042185
2026-06-30,APP,0.07720705
2026-07-01,APP,0.027328556
2026-07-02,APP,0.04756682
2026-07-06,APP,0.052755043
2026-07-07,APP,0.057795513
2026-07-08,APP,0.031620275
2026-07-09,APP,0.00092737953
2026-07-10,APP,-0.0041147517
2026-07-13,APP,0.07310819
2026-07-14,APP,0.112840466
2026-07-15,APP,0.111591466
2026-07-16,APP,0.078775086
2026-07-17,APP,0.06763058
2026-07-20,APP,0.060540453
2026-07-21,APP,0.050379142
2026-07-22,APP,0.05645591
2026-07-23,APP,0.055918094
2026-07-24,APP,0.06714892
2026-07-27,APP,0.08437612
2026-07-28,APP,0.08425856
2026-07-29,APP,0.055172022
2026-07-30,APP,0.048297495
2026-07-31,APP,0.09182138
2026-05-20,ASML,-0.13783552
2026-05-21,ASML,-0.1279566
2026-05-22,ASML,-0.10193335
2026-05-26,ASML,-0.08111787
2026-05-27,ASML,-0.09714947
2026-05-28,ASML,-0.09972908
2026-05-29,ASML,-0.100074
2026-06-01,ASML,-0.09632563
2026-06-02,ASML,-0.06813967
2026-06-03,ASML,-0.06427614
2026-06-04,ASML,-0.030357016
2026-06-05,ASML,-0.05110139
2026-06-08,ASML,-0.03402636
2026-06-09,ASML,0.008608571
2026-06-10,ASML,-0.035198774
2026-06-11,ASML,0.0012748981
2026-06-12,ASML,0.005075868
2026-06-15,ASML,0.011766553
2026-06-16,ASML,-0.010110267
2026-06-17,ASML,-0.02019541
2026-06-18,ASML,0.008567058
2026-06-22,ASML,0.013616838
2026-06-23,ASML,0.0116067855
2026-06-24,ASML,0.016798893
2026-06-25,ASML,0.026192402
2026-06-26,ASML,0.0028282579
2026-06-29,ASML,-0.016147284
2026-06-30,ASML,0.14575806
2026-07-01,ASML,0.027884478
2026-07-02,ASML,0.032319304
2026-07-06,ASML,-0.012520899
2026-07-07,ASML,0.019646104
2026-07-08,ASML,0.017410524
2026-07-09,ASML,-0.019909656
2026-07-10,ASML,-0.022225132
2026-07-13,ASML,0.023249941
2026-07-14,ASML,0.002585654
2026-07-15,ASML,-0.031306185
2026-07-16,ASML,-0.026777534
2026-07-17,ASML,0.005239785
2026-07-20,ASML,0.007575683
2026-07-21,ASML,-0.04135255
2026-07-22,ASML,-0.054416906
2026-07-23,ASML,-0.062908895
2026-07-24,ASML,-0.027330065
2026-07-27,ASML,0.009986785
2026-07-28,ASML,0.015623108
2026-07-29,ASML,0.019498087
2026-07-30,ASML,0.051154464
2026-07-31,ASML,0.03461523
2026-05-20,ATI,-0.042349678
2026-05-21,ATI,-0.08871374
2026-05-22,ATI,-0.11920639
2026-05-26,ATI,-0.120273195
2026-05-27,ATI,-0.118749194
2026-05-28,ATI,-0.116655
2026-05-29,ATI,-0.10397094
2026-06-01,ATI,-0.09214425
2026-06-02,ATI,-0.086399406
2026-06-03,ATI,-0.09003294
2026-06-04,ATI,-0.072695844
2026-06-05,ATI,-0.08357779
2026-06-08,ATI,-0.08232346
2026-06-09,ATI,-0.0356317
2026-06-10,ATI,-0.057709713
2026-06-11,ATI,0.003596938
2026-06-12,ATI,-0.0023405452
2026-06-15,ATI,0.0072814426
2026-06-16,ATI,0.018363131
2026-06-17,ATI,0.017112626
2026-06-18,ATI,0.012244145
2026-06-22,ATI,0.033016328
2026-06-23,ATI,0.009196158
2026-06-24,ATI,-0.0022254821
2026-06-25,ATI,0.019748962
2026-06-26,ATI,0.0017167622
2026-06-29,ATI,-0.00901761
2026-06-30,ATI,0.0019185906
2026-07-01,ATI,-0.011412301
2026-07-02,ATI,-0.008827209
2026-07-06,ATI,-0.03315437
2026-07-07,ATI,0.004100662
2026-07-08,ATI,-0.0038868971
2026-07-09,ATI,-0.015342685
2026-07-10,ATI,-0.019362286
2026-07-13,ATI,-0.011846279
2026-07-14,ATI,-0.025789326
2026-07-15,ATI,-0.067970075
2026-07-16,ATI,-0.053434838
2026-07-17,ATI,-0.047040407
2026-07-20,ATI,-0.021411357
2026-07-21,ATI,-0.028926695
2026-07-22,ATI,-0.040868465
2026-07-23,ATI,-0.029269619
2026-07-24,ATI,-0.031691514
2026-07-27,ATI,-0.03734688
2026-07-28,ATI,-0.045121
2026-07-29,ATI,0.0022223156
2026-07-30,ATI,-0.0040959655
2026-07-31,ATI,-0.024234263
2026-05-20,AVGO,0.028484866
2026-05-21,AVGO,0.03991973
2026-05-22,AVGO,0.051637083
2026-05-26,AVGO,-0.0055204313
2026-05-27,AVGO,-0.0032305985
2026-05-28,AVGO,-0.017703773
2026-05-29,AVGO,0.013209212
2026-06-01,AVGO,0.10500604
2026-06-02,AVGO,0.11723653
2026-06-03,AVGO,0.091097265
2026-06-04,AVGO,0.05405195
2026-06-05,AVGO,0.046728972
2026-06-08,AVGO,0.05501588
2026-06-09,AVGO,0.071742065
2026-06-10,AVGO,0.05047966
2026-06-11,AVGO,0.043133695
2026-06-12,AVGO,0.037530366
2026-06-15,AVGO,0.044850722
2026-06-16,AVGO,0.03339784
2026-06-17,AVGO,0.03991902
2026-06-18,AVGO,0.06268722
2026-06-22,AVGO,0.01592541
2026-06-23,AVGO,0.03610004
2026-06-24,AVGO,0.02943247
2026-06-25,AVGO,0.058114838
2026-06-26,AVGO,0.06258959
2026-06-29,AVGO,0.04947004
2026-06-30,AVGO,0.07008665
2026-07-01,AVGO,0.06410735
2026-07-02,AVGO,0.07520274
2026-07-06,AVGO,0.098463856
2026-07-07,AVGO,0.08107099
2026-07-08,AVGO,0.057789896
2026-07-09,AVGO,0.0003312702
2026-07-10,AVGO,-0.009698436
2026-07-13,AVGO,0.06893999
2026-07-14,AVGO,0.022103393
2026-07-15,AVGO,-0.010158415
2026-07-16,AVGO,0.06301076
2026-07-17,AVGO,0.04802822
2026-07-20,AVGO,-0.02157855
2026-07-21,AVGO,-0.11726096
2026-07-22,AVGO,-0.15240236
2026-07-23,AVGO,-0.13201566
2026-07-24,AVGO,-0.07978872
2026-07-27,AVGO,-0.07467528
2026-07-28,AVGO,-0.06502056
2026-07-29,AVGO,0.004970944
2026-07-30,AVGO,-0.13782506
2026-07-31,AVGO,-0.13948406
2026-05-20,AXP,-0.18990453
2026-05-21,AXP,-0.19587898
2026-05-22,AXP,-0.20764096
2026-05-26,AXP,-0.20505147
2026-05-27,AXP,-0.20555373
2026-05-28,AXP,-0.2150322
2026-05-29,AXP,-0.21036486
2026-06-01,AXP,-0.21403031
2026-06-02,AXP,-0.20932336
2026-06-03,AXP,-0.1708442
2026-06-04,AXP,-0.21140866
2026-06-05,AXP,-0.21828453
2026-06-08,AXP,-0.21760921
2026-06-09,AXP,-0.19014823
2026-06-10,AXP,-0.20559895
2026-06-11,AXP,-0.20527025
2026-06-12,AXP,-0.1926393
2026-06-15,AXP,-0.13502909
2026-06-16,AXP,-0.12726691
2026-06-17,AXP,-0.12816593
2026-06-18,AXP,-0.14521702
2026-06-22,AXP,-0.15736292
2026-06-23,AXP,-0.15889037
2026-06-24,AXP,-0.14859667
2026-06-25,AXP,-0.147321
2026-06-26,AXP,-0.16364
2026-06-29,AXP,-0.16681801
2026-06-30,AXP,-0.18040009
2026-07-01,AXP,-0.15971561
2026-07-02,AXP,-0.15239042
2026-07-06,AXP,-0.1436599
2026-07-07,AXP,-0.16088462
2026-07-08,AXP,-0.12771945
2026-07-09,AXP,-0.16349296
2026-07-10,AXP,-0.1617786
2026-07-13,AXP,-0.14111292
2026-07-14,AXP,-0.13343976
2026-07-15,AXP,-0.1340474
2026-07-16,AXP,-0.14603348
2026-07-17,AXP,-0.15340392
2026-07-20,AXP,-0.15162294
2026-07-21,AXP,-0.13071984
2026-07-22,AXP,-0.12711285
2026-07-23,AXP,-0.112924516
2026-07-24,AXP,-0.07089713
2026-07-27,AXP,-0.08994915
2026-07-28,AXP,-0.09755715
2026-07-29,AXP,-0.108593635
2026-07-30,AXP,-0.10931378
2026-07-31,AXP,-0.13657163
2026-05-20,BA,-0.09974771
2026-05-21,BA,-0.104965426
2026-05-22,BA,-0.09358085
2026-05-26,BA,-0.09297978
2026-05-27,BA,-0.12537454
2026-05-28,BA,-0.113119625
2026-05-29,BA,-0.130455
2026-06-01,BA,-0.14124663
2026-06-02,BA,-0.088201486
2026-06-03,BA,-0.022099575
2026-06-04,BA,-0.07695387
2026-06-05,BA,-0.041763034
2026-06-08,BA,-0.04658102
2026-06-09,BA,-0.045406923
2026-06-10,BA,-0.03098484
2026-06-11,BA,-0.09608533
2026-06-12,BA,-0.12986855
2026-06-15,BA,-0.12581618
2026-06-16,BA,-0.11910603
2026-06-17,BA,-0.12686792
2026-06-18,BA,-0.14662401
2026-06-22,BA,-0.14275356
2026-06-23,BA,-0.08855304
2026-06-24,BA,-0.14167127
2026-06-25,BA,-0.104987584
2026-06-26,BA,-0.11301734
2026-06-29,BA,-0.16913192
2026-06-30,BA,-0.18457681
2026-07-01,BA,-0.20024157
2026-07-02,BA,-0.18716069
2026-07-06,BA,-0.15912239
2026-07-07,BA,-0.17118669
2026-07-08,BA,-0.18483317
2026-07-09,BA,-0.15606976
2026-07-10,BA,-0.15354645
2026-07-13,BA,-0.14015393
2026-07-14,BA,-0.16127962
2026-07-15,BA,-0.158454
2026-07-16,BA,-0.14564858
2026-07-17,BA,-0.1415012
2026-07-20,BA,-0.07376901
2026-07-21,BA,-0.045739695
2026-07-22,BA,-0.075858645
2026-07-23,BA,-0.08238181
2026-07-24,BA,-0.08446642
2026-07-27,BA,-0.1330073
2026-07-28,BA,-0.11475778
2026-07-29,BA,-0.14687112
2026-07-30,BA,-0.12716682
2026-07-31,BA,-0.14762731
2026-05-20,BAC,-0.089063115
2026-05-21,BAC,-0.08417853
2026-05-22,BAC,-0.07938806
2026-05-26,BAC,-0.053387452
2026-05-27,BAC,-0.05009387
2026-05-28,BAC,-0.08212877
2026-05-29,BAC,-0.08609766
2026-06-01,BAC,-0.0848506
2026-06-02,BAC,-0.05691025
2026-06-03,BAC,-0.06517478
2026-06-04,BAC,-0.036674682
2026-06-05,BAC,-0.045580253
2026-06-08,BAC,-0.06560572
2026-06-09,BAC,-0.051292296
2026-06-10,BAC,-0.062419742
2026-06-11,BAC,-0.062126305
2026-06-12,BAC,-0.061469663
2026-06-15,BAC,-0.060464878
2026-06-16,BAC,-0.060388263
2026-06-17,BAC,-0.06770178
2026-06-18,BAC,-0.08214893
2026-06-22,BAC,-0.0783182
2026-06-23,BAC,-0.064851284
2026-06-24,BAC,-0.06610458
2026-06-25,BAC,-0.06445921
2026-06-26,BAC,-0.07718536
2026-06-29,BAC,-0.075277545
2026-06-30,BAC,-0.13043225
2026-07-01,BAC,-0.123855986
2026-07-02,BAC,-0.12429801
2026-07-06,BAC,-0.11985954
2026-07-07,BAC,-0.1348977
2026-07-08,BAC,-0.13959736
2026-07-09,BAC,-0.14000733
2026-07-10,BAC,-0.13805021
2026-07-13,BAC,-0.15123014
2026-07-14,BAC,-0.11051289
2026-07-15,BAC,-0.08569672
2026-07-16,BAC,-0.11065072
2026-07-17,BAC,-0.11506587
2026-07-20,BAC,-0.12021018
2026-07-21,BAC,-0.095765136
2026-07-22,BAC,-0.08072262
2026-07-23,BAC,-0.09504043
2026-07-24,BAC,-0.09689722
2026-07-27,BAC,-0.09205518
2026-07-28,BAC,-0.09375149
2026-07-29,BAC,-0.095951475
2026-07-30,BAC,-0.08232991
2026-07-31,BAC,-0.08028252
2026-05-20,BLK,-0.17046535
2026-05-21,BLK,-0.16795374
2026-05-22,BLK,-0.17211545
2026-05-26,BLK,-0.17380716
2026-05-27,BLK,-0.17449342
2026-05-28,BLK,-0.14628911
2026-05-29,BLK,-0.15744737
2026-06-01,BLK,-0.11352238
2026-06-02,BLK,-0.11377027
2026-06-03,BLK,-0.0747327
2026-06-04,BLK,-0.1405922
2026-06-05,BLK,-0.09799496
2026-06-08,BLK,-0.10410736
2026-06-09,BLK,-0.15215605
2026-06-10,BLK,-0.15416972
2026-06-11,BLK,-0.16573513
2026-06-12,BLK,-0.17295967
2026-06-15,BLK,-0.17740703
2026-06-16,BLK,-0.18668239
2026-06-17,BLK,-0.1782869
2026-06-18,BLK,-0.19245155
2026-06-22,BLK,-0.19071211
2026-06-23,BLK,-0.15036692
2026-06-24,BLK,-0.086553454
2026-06-25,BLK,-0.08376578
2026-06-26,BLK,-0.07040077
2026-06-29,BLK,-0.09270256
2026-06-30,BLK,-0.09201542
2026-07-01,BLK,-0.16353445
2026-07-02,BLK,-0.15775102
2026-07-06,BLK,-0.15016033
2026-07-07,BLK,-0.15429208
2026-07-08,BLK,-0.17499895
2026-07-09,BLK,-0.18538503
2026-07-10,BLK,-0.18063831
2026-07-13,BLK,-0.1827047
2026-07-14,BLK,-0.18429065
2026-07-15,BLK,-0.13724594
2026-07-16,BLK,-0.14225183
2026-07-17,BLK,-0.16099508
2026-07-20,BLK,-0.11747891
2026-07-21,BLK,-0.09893292
2026-07-22,BLK,-0.1345673
2026-07-23,BLK,-0.10723024
2026-07-24,BLK,-0.15118171
2026-07-27,BLK,-0.1676817
2026-07-28,BLK,-0.16586466
2026-07-29,BLK,-0.19222118
2026-07-30,BLK,-0.16392939
2026-07-31,BLK,-0.18484604
2026-05-20,BMY,-0.21080178
2026-05-21,BMY,-0.18359977
2026-05-22,BMY,-0.19945306
2026-05-26,BMY,-0.20881182
2026-05-27,BMY,-0.21615739
2026-05-28,BMY,-0.19061501
2026-05-29,BMY,-0.22243817
2026-06-01,BMY,-0.16539882
2026-06-02,BMY,-0.14368814
2026-06-03,BMY,-0.15729319
2026-06-04,BMY,-0.18713732
2026-06-05,BMY,-0.1981984
2026-06-08,BMY,-0.18750525
2026-06-09,BMY,-0.20525092
2026-06-10,BMY,-0.19679211
2026-06-11,BMY,-0.20134674
2026-06-12,BMY,-0.21096759
2026-06-15,BMY,-0.21035528
2026-06-16,BMY,-0.20661454
2026-06-17,BMY,-0.20203753
2026-06-18,BMY,-0.14164303
2026-06-22,BMY,-0.1767625
2026-06-23,BMY,-0.20127802
2026-06-24,BMY,-0.20247008
2026-06-25,BMY,-0.2165125
2026-06-26,BMY,-0.17966872
2026-06-29,BMY,-0.16752148
2026-06-30,BMY,-0.19575667
2026-07-01,BMY,-0.20290339
2026-07-02,BMY,-0.1961108
2026-07-06,BMY,-0.20117332
2026-07-07,BMY,-0.20147365
2026-07-08,BMY,-0.2055221
2026-07-09,BMY,-0.20715393
2026-07-10,BMY,-0.20564467
2026-07-13,BMY,-0.2000773
2026-07-14,BMY,-0.20778912
2026-07-15,BMY,-0.20074958
2026-07-16,BMY,-0.16850412
2026-07-17,BMY,-0.1630889
2026-07-20,BMY,-0.1780384
2026-07-21,BMY,-0.16283327
2026-07-22,BMY,-0.18911386
2026-07-23,BMY,-0.17042726
2026-07-24,BMY,-0.15973376
2026-07-27,BMY,-0.15152012
2026-07-28,BMY,-0.14890997
2026-07-29,BMY,-0.14937238
2026-07-30,BMY,-0.14633983
2026-07-31,BMY,-0.13134484
2026-05-20,BWXT,-0.016355144
2026-05-21,BWXT,-0.02218988
2026-05-22,BWXT,-0.032354724
2026-05-26,BWXT,-0.020413736
2026-05-27,BWXT,-0.05890593
2026-05-28,BWXT,-0.06112321
2026-05-29,BWXT,-0.06044984
2026-06-01,BWXT,-0.00022508723
2026-06-02,BWXT,0.011693948
2026-06-03,BWXT,0.04944557
2026-06-04,BWXT,-0.0314328
2026-06-05,BWXT,0.022181123
2026-06-08,BWXT,0.0014110574
2026-06-09,BWXT,-0.007826732
2026-06-10,BWXT,0.042461764
2026-06-11,BWXT,0.03378209
2026-06-12,BWXT,0.045880288
2026-06-15,BWXT,0.03197992
2026-06-16,BWXT,0.008980098
2026-06-17,BWXT,-0.1338497
2026-06-18,BWXT,-0.13557945
2026-06-22,BWXT,-0.12332172
2026-06-23,BWXT,-0.12725647
2026-06-24,BWXT,-0.15381895
2026-06-25,BWXT,-0.15430713
2026-06-26,BWXT,-0.081485055
2026-06-29,BWXT,-0.0012219163
2026-06-30,BWXT,-0.071815096
2026-07-01,BWXT,-0.02808731
2026-07-02,BWXT,-0.031814102
2026-07-06,BWXT,-0.0936388
2026-07-07,BWXT,0.07930815
2026-07-08,BWXT,0.0884239
2026-07-09,BWXT,0.04468298
2026-07-10,BWXT,0.0649783
2026-07-13,BWXT,0.110530496
2026-07-14,BWXT,0.084798016
2026-07-15,BWXT,0.11439931
2026-07-16,BWXT,0.11743307
2026-07-17,BWXT,0.10029599
2026-07-20,BWXT,0.09909437
2026-07-21,BWXT,0.097209625
2026-07-22,BWXT,0.06659416
2026-07-23,BWXT,0.035957534
2026-07-24,BWXT,0.06401196
2026-07-27,BWXT,0.028541034
2026-07-28,BWXT,0.09791309
2026-07-29,BWXT,0.10094298
2026-07-30,BWXT,0.11843563
2026-07-31,BWXT,0.055933457
2026-05-20,C,-0.115313865
2026-05-21,C,-0.122869335
2026-05-22,C,-0.12176418
2026-05-26,C,-0.114465795
2026-05-27,C,-0.1287295
2026-05-28,C,-0.13731498
2026-05-29,C,-0.13343132
2026-06-01,C,-0.1271575
2026-06-02,C,-0.07866151
2026-06-03,C,-0.118944466
2026-06-04,C,-0.08153663
2026-06-05,C,-0.10099938
2026-06-08,C,-0.09714601
2026-06-09,C,-0.09335637
2026-06-10,C,-0.10698996
2026-06-11,C,-0.11056211
2026-06-12,C,-0.1097686
2026-06-15,C,-0.09585848
2026-06-16,C,-0.093203425
2026-06-17,C,-0.09246168
2026-06-18,C,-0.10476214
2026-06-22,C,-0.081252724
2026-06-23,C,-0.083035395
2026-06-24,C,-0.09453372
2026-06-25,C,-0.11222985
2026-06-26,C,-0.11335286
2026-06-29,C,-0.123773575
2026-06-30,C,-0.11790676
2026-07-01,C,-0.124058865
2026-07-02,C,-0.12685053
2026-07-06,C,-0.14759536
2026-07-07,C,-0.14840023
2026-07-08,C,-0.108400755
2026-07-09,C,-0.1306688
2026-07-10,C,-0.14040613
2026-07-13,C,-0.13978016
2026-07-14,C,-0.069068916
2026-07-15,C,-0.11923721
2026-07-16,C,-0.06133628
2026-07-17,C,-0.039285716
2026-07-20,C,-0.034992423
2026-07-21,C,-0.09262947
2026-07-22,C,-0.08853463
2026-07-23,C,-0.08297842
2026-07-24,C,-0.09956936
2026-07-27,C,-0.120408
2026-07-28,C,-0.13120568
2026-07-29,C,-0.059904706
2026-07-30,C,-0.119338185
2026-07-31,C,-0.118776016
2026-05-20,CAT,-0.052880403
2026-05-21,CAT,-0.051854704
2026-05-22,CAT,-0.08895227
2026-05-26,CAT,-0.051584307
2026-05-27,CAT,-0.05789101
2026-05-28,CAT,-0.07946071
2026-05-29,CAT,-0.07089756
2026-06-01,CAT,-0.050007727
2026-06-02,CAT,-0.046485823
2026-06-03,CAT,-0.03685257
2026-06-04,CAT,-0.03870001
2026-06-05,CAT,-0.07224371
2026-06-08,CAT,-0.028248725
2026-06-09,CAT,-0.03211065
2026-06-10,CAT,-0.040142313
2026-06-11,CAT,-0.08250612
2026-06-12,CAT,-0.04426944
2026-06-15,CAT,-0.042350132
2026-06-16,CAT,-0.018800313
2026-06-17,CAT,-0.018062865
2026-06-18,CAT,-0.024999099
2026-06-22,CAT,0.02393876
2026-06-23,CAT,-0.02643898
2026-06-24,CAT,-0.0090889605
2026-06-25,CAT,0.11351124
2026-06-26,CAT,0.009847591
2026-06-29,CAT,0.004034685
2026-06-30,CAT,0.037512477
2026-07-01,CAT,0.022084044
2026-07-02,CAT,0.021509156
2026-07-06,CAT,0.030952761
2026-07-07,CAT,0.0285386
2026-07-08,CAT,0.023234725
2026-07-09,CAT,0.02318502
2026-07-10,CAT,0.0071687787
2026-07-13,CAT,0.021198267
2026-07-14,CAT,0.009298411
2026-07-15,CAT,0.0034567062
2026-07-16,CAT,-0.004877293
2026-07-17,CAT,0.01818133
2026-07-20,CAT,-0.007814388
2026-07-21,CAT,0.02882061
2026-07-22,CAT,0.018131332
2026-07-23,CAT,0.028481608
2026-07-24,CAT,-0.00034922422
2026-07-27,CAT,-0.049282957
2026-07-28,CAT,-0.023467883
2026-07-29,CAT,0.050270144
2026-07-30,CAT,0.06421356
2026-07-31,CAT,0.0777801
2026-05-20,CME,-0.17831843
2026-05-21,CME,-0.17129897
2026-05-22,CME,-0.18903083
2026-05-26,CME,-0.17434652
2026-05-27,CME,-0.16091205
2026-05-28,CME,-0.15833315
2026-05-29,CME,-0.12509602
2026-06-01,CME,-0.09021904
2026-06-02,CME,-0.0464576
2026-06-03,CME,-0.047285844
2026-06-04,CME,-0.04032513
2026-06-05,CME,-0.025152363
2026-06-08,CME,-0.04462232
2026-06-09,CME,-0.024746818
2026-06-10,CME,0.03287952
2026-06-11,CME,0.0025669895
2026-06-12,CME,0.036031257
2026-06-15,CME,0.030250216
2026-06-16,CME,-0.00024708113
2026-06-17,CME,-0.057645023
2026-06-18,CME,-0.036546674
2026-06-22,CME,-0.021091213
2026-06-23,CME,0.042725008
2026-06-24,CME,0.06893009
2026-06-25,CME,0.044923127
2026-06-26,CME,0.011611246
2026-06-29,CME,0.0068105734
2026-06-30,CME,0.014704503
2026-07-01,CME,0.016575487
2026-07-02,CME,0.008129403
2026-07-06,CME,0.064995594
2026-07-07,CME,0.019642683
2026-07-08,CME,0.019617423
2026-07-09,CME,0.045381963
2026-07-10,CME,0.036090106
2026-07-13,CME,0.016684579
2026-07-14,CME,-0.015995556
2026-07-15,CME,-0.0694834
2026-07-16,CME,-0.13227858
2026-07-17,CME,-0.12544496
2026-07-20,CME,-0.13685931
2026-07-21,CME,0.00701624
2026-07-22,CME,-0.15500142
2026-07-23,CME,-0.14030083
2026-07-24,CME,-0.14261253
2026-07-27,CME,-0.14718133
2026-07-28,CME,-0.13702124
2026-07-29,CME,-0.13062944
2026-07-30,CME,-0.12851433
2026-07-31,CME,-0.11859945
2026-05-20,CMG,-0.11001407
2026-05-21,CMG,-0.096127965
2026-05-22,CMG,-0.11055394
2026-05-26,CMG,-0.08783302
2026-05-27,CMG,-0.09631894
2026-05-28,CMG,-0.095353134
2026-05-29,CMG,-0.107159354
2026-06-01,CMG,-0.088830076
2026-06-02,CMG,-0.046399493
2026-06-03,CMG,-0.016254446
2026-06-04,CMG,0.031902485
2026-06-05,CMG,-0.027132101
2026-06-08,CMG,-0.024511421
2026-06-09,CMG,0.0077708266
2026-06-10,CMG,0.040622067
2026-06-11,CMG,-0.024293937
2026-06-12,CMG,-0.1014056
2026-06-15,CMG,-0.11648414
2026-06-16,CMG,-0.11364034
2026-06-17,CMG,-0.11717006
2026-06-18,CMG,-0.14167334
2026-06-22,CMG,-0.0573592
2026-06-23,CMG,-0.070160545
2026-06-24,CMG,-0.15057273
2026-06-25,CMG,-0.14531708
2026-06-26,CMG,-0.13451457
2026-06-29,CMG,-0.1405588
2026-06-30,CMG,-0.13811557
2026-07-01,CMG,-0.11209491
2026-07-02,CMG,-0.10842351
2026-07-06,CMG,-0.14426114
2026-07-07,CMG,-0.151182
2026-07-08,CMG,-0.12751392
2026-07-09,CMG,-0.15251388
2026-07-10,CMG,-0.12359921
2026-07-13,CMG,-0.10118822
2026-07-14,CMG,-0.102475725
2026-07-15,CMG,-0.08996731
2026-07-16,CMG,-0.080128565
2026-07-17,CMG,-0.08662352
2026-07-20,CMG,-0.03984324
2026-07-21,CMG,-0.04271177
2026-07-22,CMG,0.008319992
2026-07-23,CMG,0.010569763
2026-07-24,CMG,-4.7035515e-05
2026-07-27,CMG,-0.052374512
2026-07-28,CMG,-0.056860823
2026-07-29,CMG,-0.07408841
2026-07-30,CMG,-0.07821155
2026-07-31,CMG,-0.0891509
2026-05-20,COHR,0.24480718
2026-05-21,COHR,0.29553866
2026-05-22,COHR,0.2667599
2026-05-26,COHR,0.23130238
2026-05-27,COHR,0.43474552
2026-05-28,COHR,0.40571347
2026-05-29,COHR,0.50459397
2026-06-01,COHR,0.40493926
2026-06-02,COHR,0.44843245
2026-06-03,COHR,0.42228255
2026-06-04,COHR,0.4524676
2026-06-05,COHR,0.38203812
2026-06-08,COHR,0.4344176
2026-06-09,COHR,0.24243158
2026-06-10,COHR,0.2543063
2026-06-11,COHR,0.24154906
2026-06-12,COHR,0.26627454
2026-06-15,COHR,0.4214059
2026-06-16,COHR,0.3237205
2026-06-17,COHR,0.30134442
2026-06-18,COHR,0.34749803
2026-06-22,COHR,0.42929867
2026-06-23,COHR,0.2416716
2026-06-24,COHR,0.3165235
2026-06-25,COHR,0.33862936
2026-06-26,COHR,0.22282936
2026-06-29,COHR,0.19597058
2026-06-30,COHR,0.19840057
2026-07-01,COHR,0.12247779
2026-07-02,COHR,0.07801786
2026-07-06,COHR,0.07618139
2026-07-07,COHR,0.053864952
2026-07-08,COHR,0.06470249
2026-07-09,COHR,0.06949568
2026-07-10,COHR,0.083381645
2026-07-13,COHR,0.025651425
2026-07-14,COHR,0.053867366
2026-07-15,COHR,0.044907037
2026-07-16,COHR,0.07785824
2026-07-17,COHR,0.084385544
2026-07-20,COHR,0.08438756
2026-07-21,COHR,0.10176799
2026-07-22,COHR,0.06613412
2026-07-23,COHR,0.11169984
2026-07-24,COHR,0.019839844
2026-07-27,COHR,0.04258086
2026-07-28,COHR,0.33659932
2026-07-29,COHR,0.34003174
2026-07-30,COHR,0.17407846
2026-07-31,COHR,0.119574785
2026-05-20,COIN,0.012197205
2026-05-21,COIN,0.003084236
2026-05-22,COIN,0.0056663095
2026-05-26,COIN,-0.005326478
2026-05-27,COIN,0.023174517
2026-05-28,COIN,0.04403566
2026-05-29,COIN,0.039690915
2026-06-01,COIN,0.044184584
2026-06-02,COIN,0.029442573
2026-06-03,COIN,0.0816979
2026-06-04,COIN,0.09126798
2026-06-05,COIN,0.10735315
2026-06-08,COIN,0.09857947
2026-06-09,COIN,0.06895658
2026-06-10,COIN,0.09557884
2026-06-11,COIN,0.12868962
2026-06-12,COIN,0.09155729
2026-06-15,COIN,0.12283259
2026-06-16,COIN,0.1130571
2026-06-17,COIN,0.12100748
2026-06-18,COIN,0.12061117
2026-06-22,COIN,0.13524462
2026-06-23,COIN,0.12232246
2026-06-24,COIN,0.1054745
2026-06-25,COIN,0.10947616
2026-06-26,COIN,0.11810381
2026-06-29,COIN,0.09606844
2026-06-30,COIN,0.09615821
2026-07-01,COIN,0.1104706
2026-07-02,COIN,0.08823978
2026-07-06,COIN,0.053376276
2026-07-07,COIN,0.08762854
2026-07-08,COIN,0.09672338
2026-07-09,COIN,0.10261615
2026-07-10,COIN,0.09721407
2026-07-13,COIN,0.0946894
2026-07-14,COIN,0.082738735
2026-07-15,COIN,-0.01080349
2026-07-16,COIN,0.017760372
2026-07-17,COIN,0.07597503
2026-07-20,COIN,0.028683169
2026-07-21,COIN,-0.08586219
2026-07-22,COIN,0.01574661
2026-07-23,COIN,0.07292285
2026-07-24,COIN,0.109371066
2026-07-27,COIN,0.013051879
2026-07-28,COIN,0.0063460446
2026-07-29,COIN,0.08898121
2026-07-30,COIN,0.031057129
2026-07-31,COIN,0.13665165
2026-05-20,COST,-0.18507159
2026-05-21,COST,-0.19091922
2026-05-22,COST,-0.16400194
2026-05-26,COST,-0.1631385
2026-05-27,COST,-0.16112459
2026-05-28,COST,-0.16988437
2026-05-29,COST,-0.10816648
2026-06-01,COST,-0.08919484
2026-06-02,COST,-0.09889207
2026-06-03,COST,-0.10029915
2026-06-04,COST,-0.119397335
2026-06-05,COST,-0.1296904
2026-06-08,COST,-0.14005531
2026-06-09,COST,-0.115731955
2026-06-10,COST,-0.14379399
2026-06-11,COST,-0.14637028
2026-06-12,COST,-0.1417971
2026-06-15,COST,-0.12774862
2026-06-16,COST,-0.15487693
2026-06-17,COST,-0.112078585
2026-06-18,COST,-0.11682699
2026-06-22,COST,-0.1230014
2026-06-23,COST,-0.12396997
2026-06-24,COST,-0.13193524
2026-06-25,COST,-0.11413149
2026-06-26,COST,-0.13670398
2026-06-29,COST,-0.12931198
2026-06-30,COST,-0.12952565
2026-07-01,COST,-0.13138925
2026-07-02,COST,-0.1491823
2026-07-06,COST,-0.18821971
2026-07-07,COST,-0.21522784
2026-07-08,COST,-0.22174995
2026-07-09,COST,-0.17426889
2026-07-10,COST,-0.18481137
2026-07-13,COST,-0.20749176
2026-07-14,COST,-0.20136125
2026-07-15,COST,-0.20118284
2026-07-16,COST,-0.22402309
2026-07-17,COST,-0.22205846
2026-07-20,COST,-0.22104709
2026-07-21,COST,-0.22144131
2026-07-22,COST,-0.21819858
2026-07-23,COST,-0.2206816
2026-07-24,COST,-0.22269593
2026-07-27,COST,-0.21257107
2026-07-28,COST,-0.19896205
2026-07-29,COST,-0.17670937
2026-07-30,COST,-0.21228619
2026-07-31,COST,-0.20879696
2026-05-20,CRM,-0.117394984
2026-05-21,CRM,-0.087825894
2026-05-22,CRM,-0.1413941
2026-05-26,CRM,-0.13510893
2026-05-27,CRM,-0.11555457
2026-05-28,CRM,-0.1033203
2026-05-29,CRM,-0.13159068
2026-06-01,CRM,-0.07074454
2026-06-02,CRM,-0.095409
2026-06-03,CRM,-0.047804505
2026-06-04,CRM,-0.053361148
2026-06-05,CRM,0.00912348
2026-06-08,CRM,0.04130757
2026-06-09,CRM,0.01913637
2026-06-10,CRM,-0.024053961
2026-06-11,CRM,-0.0068417094
2026-06-12,CRM,0.015685895
2026-06-15,CRM,0.048568156
2026-06-16,CRM,0.110895455
2026-06-17,CRM,0.09188208
2026-06-18,CRM,0.09593775
2026-06-22,CRM,0.096589215
2026-06-23,CRM,0.12385682
2026-06-24,CRM,0.12425015
2026-06-25,CRM,0.1090542
2026-06-26,CRM,0.13678217
2026-06-29,CRM,0.1268262
2026-06-30,CRM,0.124120414
2026-07-01,CRM,0.117188334
2026-07-02,CRM,0.08667412
2026-07-06,CRM,0.09300614
2026-07-07,CRM,0.06855764
2026-07-08,CRM,0.057463598
2026-07-09,CRM,0.12658204
2026-07-10,CRM,0.07624181
2026-07-13,CRM,-0.00454496
2026-07-14,CRM,0.010142933
2026-07-15,CRM,-0.02865351
2026-07-16,CRM,-0.034388747
2026-07-17,CRM,-0.03337887
2026-07-20,CRM,-0.10432911
2026-07-21,CRM,-0.14808528
2026-07-22,CRM,0.021346731
2026-07-23,CRM,0.042886604
2026-07-24,CRM,-0.034549415
2026-07-27,CRM,-0.14089356
2026-07-28,CRM,-0.11663822
2026-07-29,CRM,-0.11716113
2026-07-30,CRM,-0.11269474
2026-07-31,CRM,-0.12031623
2026-05-20,CRWD,0.22358207
2026-05-21,CRWD,0.2386194
2026-05-22,CRWD,0.25805902
2026-05-26,CRWD,0.17266124
2026-05-27,CRWD,0.18272717
2026-05-28,CRWD,0.21766405
2026-05-29,CRWD,0.21388543
2026-06-01,CRWD,0.24781783
2026-06-02,CRWD,0.28129047
2026-06-03,CRWD,0.28768966
2026-06-04,CRWD,0.282328
2026-06-05,CRWD,0.22260445
2026-06-08,CRWD,0.25257304
2026-06-09,CRWD,0.23042805
2026-06-10,CRWD,0.259231
2026-06-11,CRWD,0.31207374
2026-06-12,CRWD,0.28017357
2026-06-15,CRWD,0.2803902
2026-06-16,CRWD,0.18753248
2026-06-17,CRWD,0.20712811
2026-06-18,CRWD,0.23013866
2026-06-22,CRWD,0.16814895
2026-06-23,CRWD,0.18884777
2026-06-24,CRWD,0.18809402
2026-06-25,CRWD,0.27014035
2026-06-26,CRWD,0.24263422
2026-06-29,CRWD,0.30392206
2026-06-30,CRWD,0.2747307
2026-07-01,CRWD,0.33154044
2026-07-02,CRWD,0.26602426
2026-07-06,CRWD,0.2609166
2026-07-07,CRWD,0.2942442
2026-07-08,CRWD,0.36054763
2026-07-09,CRWD,0.39316785
2026-07-10,CRWD,0.30581132
2026-07-13,CRWD,0.29785016
2026-07-14,CRWD,0.39684692
2026-07-15,CRWD,0.52298546
2026-07-16,CRWD,0.53952765
2026-07-17,CRWD,0.5498361
2026-07-20,CRWD,0.50277585
2026-07-21,CRWD,0.41399112
2026-07-22,CRWD,0.37583554
2026-07-23,CRWD,0.31462947
2026-07-24,CRWD,0.26875693
2026-07-27,CRWD,0.20701683
2026-07-28,CRWD,0.20285337
2026-07-29,CRWD,0.13264549
2026-07-30,CRWD,0.13978447
2026-07-31,CRWD,0.1357534
2026-05-20,CSCO,0.09846983
2026-05-21,CSCO,0.20618789
2026-05-22,CSCO,0.22297023
2026-05-26,CSCO,0.22451942
2026-05-27,CSCO,0.20818186
2026-05-28,CSCO,0.24213193
2026-05-29,CSCO,0.22751737
2026-06-01,CSCO,0.26219186
2026-06-02,CSCO,0.3086896
2026-06-03,CSCO,0.24578321
2026-06-04,CSCO,0.27052304
2026-06-05,CSCO,0.23234689
2026-06-08,CSCO,0.24985366
2026-06-09,CSCO,0.2524968
2026-06-10,CSCO,0.27251837
2026-06-11,CSCO,0.25269106
2026-06-12,CSCO,0.2780886
2026-06-15,CSCO,0.30812833
2026-06-16,CSCO,0.30319586
2026-06-17,CSCO,0.17299609
2026-06-18,CSCO,0.2938178
2026-06-22,CSCO,0.24790496
2026-06-23,CSCO,0.2513645
2026-06-24,CSCO,0.24736376
2026-06-25,CSCO,0.25822118
2026-06-26,CSCO,0.113298304
2026-06-29,CSCO,0.10404497
2026-06-30,CSCO,0.073156506
2026-07-01,CSCO,0.074391
2026-07-02,CSCO,0.10154601
2026-07-06,CSCO,0.07994642
2026-07-07,CSCO,0.11524711
2026-07-08,CSCO,0.09262163
2026-07-09,CSCO,-0.0025225088
2026-07-10,CSCO,-0.021610959
2026-07-13,CSCO,-0.01077007
2026-07-14,CSCO,-0.0012026009
2026-07-15,CSCO,0.01206492
2026-07-16,CSCO,0.0073198476
2026-07-17,CSCO,0.00015793058
2026-07-20,CSCO,-0.00060623355
2026-07-21,CSCO,-0.001839481
2026-07-22,CSCO,-0.05293325
2026-07-23,CSCO,-0.07690494
2026-07-24,CSCO,-0.07926524
2026-07-27,CSCO,-0.11534277
2026-07-28,CSCO,-0.11483997
2026-07-29,CSCO,-0.11593732
2026-07-30,CSCO,-0.1256289
2026-07-31,CSCO,-0.14302436
2026-05-20,CVS,-0.048992883
2026-05-21,CVS,-0.055859078
2026-05-22,CVS,-0.069739655
2026-05-26,CVS,-0.05115449
2026-05-27,CVS,-0.053236917
2026-05-28,CVS,-0.06998912
2026-05-29,CVS,-0.044591755
2026-06-01,CVS,-0.042397127
2026-06-02,CVS,-0.024601867
2026-06-03,CVS,-0.06156261
2026-06-04,CVS,-0.05239849
2026-06-05,CVS,-0.03943681
2026-06-08,CVS,-0.03684886
2026-06-09,CVS,-0.037101597
2026-06-10,CVS,-0.04021733
2026-06-11,CVS,-0.033001624
2026-06-12,CVS,-0.016824486
2026-06-15,CVS,-0.000584467
2026-06-16,CVS,0.023206202
2026-06-17,CVS,0.004890946
2026-06-18,CVS,-0.017178811
2026-06-22,CVS,0.0070167985
2026-06-23,CVS,0.013114937
2026-06-24,CVS,-0.012339854
2026-06-25,CVS,0.0077452282
2026-06-26,CVS,-0.0012720065
2026-06-29,CVS,-0.007827075
2026-06-30,CVS,-0.031180581
2026-07-01,CVS,-0.005976387
2026-07-02,CVS,-0.0315617
2026-07-06,CVS,-0.044251446
2026-07-07,CVS,-0.035494845
2026-07-08,CVS,-0.03208414
2026-07-09,CVS,-0.06503488
2026-07-10,CVS,-0.04211923
2026-07-13,CVS,-0.020596793
2026-07-14,CVS,-0.03817236
2026-07-15,CVS,-0.05610626
2026-07-16,CVS,-0.03397681
2026-07-17,CVS,-0.034892138
2026-07-20,CVS,-0.037697855
2026-07-21,CVS,-0.03358835
2026-07-22,CVS,-0.03950985
2026-07-23,CVS,-0.06102274
2026-07-24,CVS,-0.063553855
2026-07-27,CVS,-0.09082121
2026-07-28,CVS,-0.061336156
2026-07-29,CVS,-0.0683307
2026-07-30,CVS,-0.0690168
2026-07-31,CVS,-0.06288809
2026-05-20,CVX,-0.17283833
2026-05-21,CVX,-0.17464654
2026-05-22,CVX,-0.16276942
2026-05-26,CVX,-0.17715986
2026-05-27,CVX,-0.17175394
2026-05-28,CVX,-0.1744812
2026-05-29,CVX,-0.17649595
2026-06-01,CVX,-0.17320263
2026-06-02,CVX,-0.16889553
2026-06-03,CVX,-0.16623658
2026-06-04,CVX,-0.1704819
2026-06-05,CVX,-0.18925284
2026-06-08,CVX,-0.18801515
2026-06-09,CVX,-0.18809395
2026-06-10,CVX,-0.17802487
2026-06-11,CVX,-0.1998929
2026-06-12,CVX,-0.20346606
2026-06-15,CVX,-0.17244732
2026-06-16,CVX,-0.17119645
2026-06-17,CVX,-0.15210867
2026-06-18,CVX,-0.10961578
2026-06-22,CVX,-0.12483513
2026-06-23,CVX,-0.12040162
2026-06-24,CVX,-0.08375702
2026-06-25,CVX,-0.08901078
2026-06-26,CVX,-0.090906344
2026-06-29,CVX,-0.08873903
2026-06-30,CVX,-0.11753994
2026-07-01,CVX,-0.1269964
2026-07-02,CVX,-0.12854858
2026-07-06,CVX,-0.12862693
2026-07-07,CVX,-0.14965661
2026-07-08,CVX,-0.122513235
2026-07-09,CVX,-0.14573143
2026-07-10,CVX,-0.13091731
2026-07-13,CVX,-0.15204038
2026-07-14,CVX,-0.17449467
2026-07-15,CVX,-0.17817612
2026-07-16,CVX,-0.16554475
2026-07-17,CVX,-0.18088114
2026-07-20,CVX,-0.1550045
2026-07-21,CVX,-0.14093907
2026-07-22,CVX,-0.14297019
2026-07-23,CVX,-0.12165388
2026-07-24,CVX,-0.12848821
2026-07-27,CVX,-0.16871409
2026-07-28,CVX,-0.17860717
2026-07-29,CVX,-0.16635709
2026-07-30,CVX,-0.16673736
2026-07-31,CVX,-0.14500947
2026-05-20,D,-0.14379358
2026-05-21,D,-0.13553245
2026-05-22,D,-0.17744507
2026-05-26,D,-0.1812069
2026-05-27,D,-0.18193518
2026-05-28,D,-0.1796297
2026-05-29,D,-0.1881888
2026-06-01,D,-0.14909492
2026-06-02,D,-0.19092916
2026-06-03,D,-0.18557946
2026-06-04,D,-0.19952069
2026-06-05,D,-0.1963483
2026-06-08,D,-0.18982704
2026-06-09,D,-0.19831909
2026-06-10,D,-0.19741987
2026-06-11,D,-0.1940976
2026-06-12,D,-0.16860326
2026-06-15,D,-0.16098781
2026-06-16,D,-0.13651943
2026-06-17,D,-0.18067913
2026-06-18,D,-0.17174177
2026-06-22,D,-0.18221955
2026-06-23,D,-0.18018524
2026-06-24,D,-0.17011224
2026-06-25,D,-0.1614242
2026-06-26,D,-0.16394928
2026-06-29,D,-0.17727779
2026-06-30,D,-0.1903321
2026-07-01,D,-0.19473772
2026-07-02,D,-0.17163478
2026-07-06,D,-0.18454005
2026-07-07,D,-0.1727032
2026-07-08,D,-0.17155397
2026-07-09,D,-0.17121266
2026-07-10,D,-0.16740696
2026-07-13,D,-0.1595853
2026-07-14,D,-0.14744331
2026-07-15,D,-0.14923225
2026-07-16,D,-0.14405924
2026-07-17,D,-0.14579688
2026-07-20,D,-0.15442194
2026-07-21,D,-0.16496551
2026-07-22,D,-0.16047713
2026-07-23,D,-0.16007723
2026-07-24,D,-0.17092359
2026-07-27,D,-0.17988585
2026-07-28,D,-0.1872486
2026-07-29,D,-0.18983991
2026-07-30,D,-0.1942081
2026-07-31,D,-0.19238468
2026-05-20,DDOG,0.16990973
2026-05-21,DDOG,0.15030886
2026-05-22,DDOG,0.13130264
2026-05-26,DDOG,0.13014863
2026-05-27,DDOG,0.17261688
2026-05-28,DDOG,0.17010754
2026-05-29,DDOG,0.11449181
2026-06-01,DDOG,0.105085164
2026-06-02,DDOG,0.13049997
2026-06-03,DDOG,0.17474233
2026-06-04,DDOG,0.2026965
2026-06-05,DDOG,0.07546061
2026-06-08,DDOG,0.15947652
2026-06-09,DDOG,0.16825677
2026-06-10,DDOG,0.13461913
2026-06-11,DDOG,0.17067401
2026-06-12,DDOG,0.13738059
2026-06-15,DDOG,0.1451867
2026-06-16,DDOG,0.19823001
2026-06-17,DDOG,0.15299626
2026-06-18,DDOG,0.15777045
2026-06-22,DDOG,0.118830144
2026-06-23,DDOG,0.030962763
2026-06-24,DDOG,0.027076451
2026-06-25,DDOG,-0.012415367
2026-06-26,DDOG,0.009284715
2026-06-29,DDOG,0.029159702
2026-06-30,DDOG,0.028330954
2026-07-01,DDOG,0.12575422
2026-07-02,DDOG,0.033164646
2026-07-06,DDOG,0.043955266
2026-07-07,DDOG,0.10952464
2026-07-08,DDOG,0.22241907
2026-07-09,DDOG,0.2306062
2026-07-10,DDOG,0.18869834
2026-07-13,DDOG,0.14488667
2026-07-14,DDOG,0.15758224
2026-07-15,DDOG,0.11552311
2026-07-16,DDOG,0.1144566
2026-07-17,DDOG,0.11463209
2026-07-20,DDOG,0.14013629
2026-07-21,DDOG,0.14139867
2026-07-22,DDOG,0.08200794
2026-07-23,DDOG,0.07481579
2026-07-24,DDOG,0.054058533
2026-07-27,DDOG,0.043017805
2026-07-28,DDOG,0.060087163
2026-07-29,DDOG,0.048176434
2026-07-30,DDOG,0.04433341
2026-07-31,DDOG,0.15707946
2026-05-20,DE,-0.17449947
2026-05-21,DE,-0.05821572
2026-05-22,DE,-0.061511535
2026-05-26,DE,-0.066237025
2026-05-27,DE,-0.07851427
2026-05-28,DE,-0.12244409
2026-05-29,DE,-0.15055113
2026-06-01,DE,-0.15887767
2026-06-02,DE,-0.14651944
2026-06-03,DE,-0.14667368
2026-06-04,DE,-0.13718924
2026-06-05,DE,-0.14758429
2026-06-08,DE,-0.15994315
2026-06-09,DE,-0.16453354
2026-06-10,DE,-0.11471579
2026-06-11,DE,-0.1424364
2026-06-12,DE,-0.17552714
2026-06-15,DE,-0.1832112
2026-06-16,DE,-0.19417845
2026-06-17,DE,-0.18056983
2026-06-18,DE,-0.19041817
2026-06-22,DE,-0.17750446
2026-06-23,DE,-0.18216898
2026-06-24,DE,-0.17569892
2026-06-25,DE,-0.091674425
2026-06-26,DE,-0.1495889
2026-06-29,DE,-0.11488762
2026-06-30,DE,-0.11170358
2026-07-01,DE,-0.1416021
2026-07-02,DE,-0.15039796
2026-07-06,DE,-0.14277686
2026-07-07,DE,-0.13594438
2026-07-08,DE,-0.107228994
2026-07-09,DE,-0.10010997
2026-07-10,DE,-0.0919292
2026-07-13,DE,-0.097716905
2026-07-14,DE,-0.10795548
2026-07-15,DE,-0.13682303
2026-07-16,DE,-0.14044225
2026-07-17,DE,-0.14184462
2026-07-20,DE,-0.13534306
2026-07-21,DE,-0.15643619
2026-07-22,DE,-0.16272084
2026-07-23,DE,-0.16007115
2026-07-24,DE,-0.122460485
2026-07-27,DE,-0.13254549
2026-07-28,DE,-0.12459108
2026-07-29,DE,-0.16273119
2026-07-30,DE,-0.14241576
2026-07-31,DE,-0.12641694
2026-05-20,DELL,0.46644747
2026-05-21,DELL,0.39038435
2026-05-22,DELL,0.42488563
2026-05-26,DELL,0.39833823
2026-05-27,DELL,0.31990188
2026-05-28,DELL,0.28736457
2026-05-29,DELL,0.30343068
2026-06-01,DELL,0.30351326
2026-06-02,DELL,0.3627012
2026-06-03,DELL,0.3588679
2026-06-04,DELL,0.39141455
2026-06-05,DELL,0.34378776
2026-06-08,DELL,0.3675212
2026-06-09,DELL,0.23445523
2026-06-10,DELL,0.17137866
2026-06-11,DELL,0.22216435
2026-06-12,DELL,0.21556067
2026-06-15,DELL,0.18532853
2026-06-16,DELL,0.19999067
2026-06-17,DELL,0.22064818
2026-06-18,DELL,0.21529043
2026-06-22,DELL,0.19560297
2026-06-23,DELL,0.21310563
2026-06-24,DELL,0.20202143
2026-06-25,DELL,0.17950751
2026-06-26,DELL,0.14027978
2026-06-29,DELL,0.1097193
2026-06-30,DELL,0.12129498
2026-07-01,DELL,0.10451286
2026-07-02,DELL,0.01629393
2026-07-06,DELL,0.04203854
2026-07-07,DELL,0.046577204
2026-07-08,DELL,0.019663904
2026-07-09,DELL,0.01676332
2026-07-10,DELL,-0.011236117
2026-07-13,DELL,4.3204054e-06
2026-07-14,DELL,0.10764571
2026-07-15,DELL,-0.0125396745
2026-07-16,DELL,-0.042370606
2026-07-17,DELL,-0.035520654
2026-07-20,DELL,-0.027786588
2026-07-21,DELL,-0.006266887
2026-07-22,DELL,0.188783
2026-07-23,DELL,0.2025408
2026-07-24,DELL,0.1890301
2026-07-27,DELL,0.10911908
2026-07-28,DELL,0.07956507
2026-07-29,DELL,0.0799966
2026-07-30,DELL,0.09236891
2026-07-31,DELL,0.17479134
2026-05-20,DLR,-0.17002134
2026-05-21,DLR,-0.1730956
2026-05-22,DLR,-0.18901832
2026-05-26,DLR,-0.19513504
2026-05-27,DLR,-0.18971114
2026-05-28,DLR,-0.19357027
2026-05-29,DLR,-0.18224199
2026-06-01,DLR,-0.12487955
2026-06-02,DLR,-0.16215248
2026-06-03,DLR,-0.09667028
2026-06-04,DLR,-0.18529247
2026-06-05,DLR,-0.16111948
2026-06-08,DLR,-0.16052139
2026-06-09,DLR,-0.19381969
2026-06-10,DLR,-0.14426474
2026-06-11,DLR,-0.17981924
2026-06-12,DLR,-0.19821279
2026-06-15,DLR,-0.198613
2026-06-16,DLR,-0.17336066
2026-06-17,DLR,-0.19620228
2026-06-18,DLR,-0.20189334
2026-06-22,DLR,-0.15967526
2026-06-23,DLR,-0.18050744
2026-06-24,DLR,-0.19074386
2026-06-25,DLR,-0.19309552
2026-06-26,DLR,-0.20286088
2026-06-29,DLR,-0.20801044
2026-06-30,DLR,-0.16243446
2026-07-01,DLR,-0.11578842
2026-07-02,DLR,-0.06322875
2026-07-06,DLR,-0.062253565
2026-07-07,DLR,-0.089201845
2026-07-08,DLR,-0.106292106
2026-07-09,DLR,-0.14336585
2026-07-10,DLR,-0.15266651
2026-07-13,DLR,-0.14156699
2026-07-14,DLR,-0.08482736
2026-07-15,DLR,-0.1343972
2026-07-16,DLR,-0.09480375
2026-07-17,DLR,-0.085576646
2026-07-20,DLR,-0.14178406
2026-07-21,DLR,-0.1603626
2026-07-22,DLR,-0.16586965
2026-07-23,DLR,-0.16163218
2026-07-24,DLR,-0.11312022
2026-07-27,DLR,-0.11189417
2026-07-28,DLR,-0.07731115
2026-07-29,DLR,-0.05778492
2026-07-30,DLR,-0.0975217
2026-07-31,DLR,-0.077712476
2026-05-20,DOCU,-0.123780526
2026-05-21,DOCU,-0.13002779
2026-05-22,DOCU,-0.15754552
2026-05-26,DOCU,-0.15200831
2026-05-27,DOCU,-0.14247967
2026-05-28,DOCU,-0.17043972
2026-05-29,DOCU,-0.11273027
2026-06-01,DOCU,-0.062188163
2026-06-02,DOCU,-0.09418598
2026-06-03,DOCU,-0.07049478
2026-06-04,DOCU,-0.05801634
2026-06-05,DOCU,0.002680023
2026-06-08,DOCU,-0.011226396
2026-06-09,DOCU,0.011603327
2026-06-10,DOCU,-0.017498197
2026-06-11,DOCU,0.0073228492
2026-06-12,DOCU,0.0029532022
2026-06-15,DOCU,0.04676189
2026-06-16,DOCU,0.024113933
2026-06-17,DOCU,0.0824463
2026-06-18,DOCU,0.0847255
2026-06-22,DOCU,0.09252921
2026-06-23,DOCU,0.11445204
2026-06-24,DOCU,0.093801975
2026-06-25,DOCU,0.11385194
2026-06-26,DOCU,0.08172857
2026-06-29,DOCU,0.0936142
2026-06-30,DOCU,0.07309321
2026-07-01,DOCU,0.07305171
2026-07-02,DOCU,0.09045121
2026-07-06,DOCU,0.03931654
2026-07-07,DOCU,-0.009727062
2026-07-08,DOCU,-0.023099711
2026-07-09,DOCU,-0.03516644
2026-07-10,DOCU,-0.032185525
2026-07-13,DOCU,-0.03850211
2026-07-14,DOCU,-0.032779153
2026-07-15,DOCU,-0.09307325
2026-07-16,DOCU,-0.0626916
2026-07-17,DOCU,-0.09001416
2026-07-20,DOCU,-0.10560355
2026-07-21,DOCU,-0.07906798
2026-07-22,DOCU,0.015914867
2026-05-20,DUK,-0.22384365
2026-05-21,DUK,-0.22864635
2026-05-22,DUK,-0.22759621
2026-05-26,DUK,-0.23328757
2026-05-27,DUK,-0.23256385
2026-05-28,DUK,-0.23417573
2026-05-29,DUK,-0.22611798
2026-06-01,DUK,-0.20319515
2026-06-02,DUK,-0.21495348
2026-06-03,DUK,-0.22471465
2026-06-04,DUK,-0.2382961
2026-06-05,DUK,-0.2308863
2026-06-08,DUK,-0.23380665
2026-06-09,DUK,-0.2338255
2026-06-10,DUK,-0.2268982
2026-06-11,DUK,-0.2318337
2026-06-12,DUK,-0.23071413
2026-06-15,DUK,-0.22477102
2026-06-16,DUK,-0.21973418
2026-06-17,DUK,-0.2288348
2026-06-18,DUK,-0.22750407
2026-06-22,DUK,-0.22973911
2026-06-23,DUK,-0.2256412
2026-06-24,DUK,-0.21494721
2026-06-25,DUK,-0.2151066
2026-06-26,DUK,-0.2072074
2026-06-29,DUK,-0.2064506
2026-06-30,DUK,-0.21927708
2026-07-01,DUK,-0.22159143
2026-07-02,DUK,-0.20310165
2026-07-06,DUK,-0.21880317
2026-07-07,DUK,-0.20886922
2026-07-08,DUK,-0.21738099
2026-07-09,DUK,-0.21811193
2026-07-10,DUK,-0.2180113
2026-07-13,DUK,-0.21763194
2026-07-14,DUK,-0.22149198
2026-07-15,DUK,-0.22611608
2026-07-16,DUK,-0.22190024
2026-07-17,DUK,-0.22375952
2026-07-20,DUK,-0.22752552
2026-07-21,DUK,-0.22752552
2026-07-22,DUK,-0.20957965
2026-07-23,DUK,-0.20883083
2026-07-24,DUK,-0.2077715
2026-07-27,DUK,-0.20821185
2026-07-28,DUK,-0.203054
2026-07-29,DUK,-0.20624554
2026-07-30,DUK,-0.21359234
2026-07-31,DUK,-0.20707929
2026-05-20,EME,-0.005526662
2026-05-21,EME,-0.006785162
2026-05-22,EME,-0.00232673
2026-05-26,EME,-0.0036327743
2026-05-27,EME,-0.007079979
2026-05-28,EME,-0.022529729
2026-05-29,EME,-0.0130250575
2026-06-01,EME,-0.015559728
2026-06-02,EME,-0.021758357
2026-06-03,EME,-0.040731896
2026-06-04,EME,-0.054107383
2026-06-05,EME,-0.045113657
2026-06-08,EME,-0.029356837
2026-06-09,EME,-0.020379582
2026-06-10,EME,-0.024503008
2026-06-11,EME,-0.01910658
2026-06-12,EME,-0.014919642
2026-06-15,EME,0.009359559
2026-06-16,EME,0.00040722327
2026-06-17,EME,-0.027554883
2026-06-18,EME,-0.04119976
2026-06-22,EME,-0.12463377
2026-06-23,EME,-0.097170316
2026-06-24,EME,-0.12055695
2026-06-25,EME,-0.11679403
2026-06-26,EME,-0.053364187
2026-06-29,EME,-0.08781395
2026-06-30,EME,-0.13321288
2026-07-01,EME,-0.124074005
2026-07-02,EME,-0.081385225
2026-07-06,EME,-0.12642318
2026-07-07,EME,-0.06336396
2026-07-08,EME,-0.061725836
2026-07-09,EME,-0.0904333
2026-07-10,EME,-0.11881712
2026-07-13,EME,-0.07679517
2026-07-14,EME,-0.08711725
2026-07-15,EME,-0.0909427
2026-07-16,EME,-0.056573838
2026-07-17,EME,-0.006759918
2026-07-20,EME,-0.0154219195
2026-07-21,EME,-0.006085401
2026-07-22,EME,-0.01613914
2026-07-23,EME,0.015204803
2026-07-24,EME,-0.042486414
2026-07-27,EME,-0.023903986
2026-07-28,EME,0.06877397
2026-07-29,EME,0.07919093
2026-07-30,EME,-0.0570448
2026-07-31,EME,-0.058260564
2026-05-20,EMR,-0.060489077
2026-05-21,EMR,-0.110134624
2026-05-22,EMR,-0.118952304
2026-05-26,EMR,-0.12819637
2026-05-27,EMR,-0.111764334
2026-05-28,EMR,-0.1337024
2026-05-29,EMR,-0.13276051
2026-06-01,EMR,-0.15660377
2026-06-02,EMR,-0.15625012
2026-06-03,EMR,-0.1480966
2026-06-04,EMR,-0.17105806
2026-06-05,EMR,-0.16696501
2026-06-08,EMR,-0.17534822
2026-06-09,EMR,-0.17871769
2026-06-10,EMR,-0.1442112
2026-06-11,EMR,-0.17481954
2026-06-12,EMR,-0.1681794
2026-06-15,EMR,-0.1235083
2026-06-16,EMR,-0.096200995
2026-06-17,EMR,-0.093243696
2026-06-18,EMR,-0.09093296
2026-06-22,EMR,-0.13011454
2026-06-23,EMR,-0.107937336
2026-06-24,EMR,-0.0985919
2026-06-25,EMR,-0.1313382
2026-06-26,EMR,-0.13443048
2026-06-29,EMR,-0.13810629
2026-06-30,EMR,-0.12919548
2026-07-01,EMR,-0.118517615
2026-07-02,EMR,-0.114003085
2026-07-06,EMR,-0.12923647
2026-07-07,EMR,-0.1405078
2026-07-08,EMR,-0.12209029
2026-07-09,EMR,-0.14394142
2026-07-10,EMR,-0.1593209
2026-07-13,EMR,-0.08914993
2026-07-14,EMR,-0.12391069
2026-07-15,EMR,-0.1379803
2026-07-16,EMR,-0.15802325
2026-07-17,EMR,-0.16187303
2026-07-20,EMR,-0.13604994
2026-07-21,EMR,-0.17115144
2026-07-22,EMR,-0.17189272
2026-07-23,EMR,-0.1496783
2026-07-24,EMR,-0.10294185
2026-07-27,EMR,-0.027551621
2026-07-28,EMR,-0.014257218
2026-07-29,EMR,-0.062542416
2026-07-30,EMR,-0.03662111
2026-07-31,EMR,-0.03255042
2026-05-20,EOG,-0.03370836
2026-05-21,EOG,-0.03140339
2026-05-22,EOG,-0.03472692
2026-05-26,EOG,-0.013640247
2026-05-27,EOG,-0.008448612
2026-05-28,EOG,-0.009396166
2026-05-29,EOG,-0.00869638
2026-06-01,EOG,-0.013645192
2026-06-02,EOG,-0.02596966
2026-06-03,EOG,-0.012468249
2026-06-04,EOG,-0.018850768
2026-06-05,EOG,-0.025989799
2026-06-08,EOG,-0.035053935
2026-06-09,EOG,-0.032815836
2026-06-10,EOG,-0.035612896
2026-06-11,EOG,-0.053341974
2026-06-12,EOG,-0.055053115
2026-06-15,EOG,-0.1271373
2026-06-16,EOG,-0.06492491
2026-06-17,EOG,-0.068934426
2026-06-18,EOG,-0.104674816
2026-06-22,EOG,-0.14243889
2026-06-23,EOG,-0.15900776
2026-06-24,EOG,-0.15679619
2026-06-25,EOG,-0.16109236
2026-06-26,EOG,-0.18257159
2026-06-29,EOG,-0.18045396
2026-06-30,EOG,-0.15011732
2026-07-01,EOG,-0.12035704
2026-07-02,EOG,-0.16748078
2026-07-06,EOG,-0.17236726
2026-07-07,EOG,-0.18715869
2026-07-08,EOG,-0.17171252
2026-07-09,EOG,-0.1758892
2026-07-10,EOG,-0.18528242
2026-07-13,EOG,-0.14837839
2026-07-14,EOG,-0.19622545
2026-07-15,EOG,-0.19654115
2026-07-16,EOG,-0.19718294
2026-07-17,EOG,-0.19625278
2026-07-20,EOG,-0.19442163
2026-07-21,EOG,-0.17640775
2026-07-22,EOG,-0.1677363
2026-07-23,EOG,-0.14639454
2026-07-24,EOG,-0.13329752
2026-07-27,EOG,-0.17450732
2026-07-28,EOG,-0.16250741
2026-07-29,EOG,-0.17971854
2026-07-30,EOG,-0.18730439
2026-07-31,EOG,-0.14351095
2026-05-20,EQIX,-0.1334637
2026-05-21,EQIX,-0.12971564
2026-05-22,EQIX,-0.12964715
2026-05-26,EQIX,-0.1451237
2026-05-27,EQIX,-0.152467
2026-05-28,EQIX,-0.15531228
2026-05-29,EQIX,-0.15849145
2026-06-01,EQIX,-0.17876892
2026-06-02,EQIX,-0.17385344
2026-06-03,EQIX,-0.18213077
2026-06-04,EQIX,-0.18284126
2026-06-05,EQIX,-0.19100083
2026-06-08,EQIX,-0.2004932
2026-06-09,EQIX,-0.19791786
2026-06-10,EQIX,-0.17524733
2026-06-11,EQIX,-0.18376632
2026-06-12,EQIX,-0.20136182
2026-06-15,EQIX,-0.20776255
2026-06-16,EQIX,-0.17285486
2026-06-17,EQIX,-0.18761496
2026-06-18,EQIX,-0.1930254
2026-06-22,EQIX,-0.14730932
2026-06-23,EQIX,-0.16974814
2026-06-24,EQIX,-0.19215323
2026-06-25,EQIX,-0.19234873
2026-06-26,EQIX,-0.19691467
2026-06-29,EQIX,-0.2001365
2026-06-30,EQIX,-0.18224494
2026-07-01,EQIX,-0.15772773
2026-07-02,EQIX,-0.12918028
2026-07-06,EQIX,-0.12593247
2026-07-07,EQIX,-0.16828023
2026-07-08,EQIX,-0.16507393
2026-07-09,EQIX,-0.18617173
2026-07-10,EQIX,-0.17714131
2026-07-13,EQIX,-0.1725158
2026-07-14,EQIX,-0.184684
2026-07-15,EQIX,-0.1786844
2026-07-16,EQIX,-0.15388262
2026-07-17,EQIX,-0.17824431
2026-07-20,EQIX,-0.17492731
2026-07-21,EQIX,-0.19087791
2026-07-22,EQIX,-0.18712218
2026-07-23,EQIX,-0.20057571
2026-07-24,EQIX,-0.16177739
2026-07-27,EQIX,-0.1881033
2026-07-28,EQIX,-0.17334382
2026-07-29,EQIX,-0.12442509
2026-07-30,EQIX,-0.19102083
2026-07-31,EQIX,-0.16363375
2026-05-20,ESTC,-0.09042851
2026-05-21,ESTC,-0.10496998
2026-05-22,ESTC,-0.1201968
2026-05-26,ESTC,-0.13886105
2026-05-27,ESTC,-0.13562094
2026-05-28,ESTC,-0.075025044
2026-05-29,ESTC,0.03407678
2026-06-01,ESTC,0.12423727
2026-06-02,ESTC,0.09482805
2026-06-03,ESTC,0.04279084
2026-06-04,ESTC,0.03686181
2026-06-05,ESTC,-0.0052847923
2026-06-08,ESTC,0.009168145
2026-06-09,ESTC,-0.010357163
2026-06-10,ESTC,-0.011137794
2026-06-11,ESTC,-0.02699832
2026-06-12,ESTC,-0.027019
2026-06-15,ESTC,-0.0066279857
2026-06-16,ESTC,0.0038635905
2026-06-17,ESTC,0.012705808
2026-06-18,ESTC,0.019049803
2026-06-22,ESTC,0.012132776
2026-06-23,ESTC,0.017661644
2026-06-24,ESTC,0.015372914
2026-06-25,ESTC,0.040827636
2026-06-26,ESTC,0.0059990403
2026-06-29,ESTC,0.009989307
2026-06-30,ESTC,0.014910012
2026-07-01,ESTC,0.043050855
2026-07-02,ESTC,0.04300375
2026-07-06,ESTC,0.04222906
2026-07-07,ESTC,0.01808506
2026-07-08,ESTC,0.0023573793
2026-07-09,ESTC,-0.013529851
2026-07-10,ESTC,0.0023227155
2026-07-13,ESTC,-0.025383567
2026-07-14,ESTC,-0.042814836
2026-07-15,ESTC,-0.043728422
2026-07-16,ESTC,-0.057021644
2026-07-17,ESTC,-0.042170238
2026-07-20,ESTC,-0.07030683
2026-07-21,ESTC,-0.03148797
2026-07-22,ESTC,-0.014899137
2026-05-20,ETN,-0.012554542
2026-05-21,ETN,-0.011690818
2026-05-22,ETN,-0.033653963
2026-05-26,ETN,-0.03030262
2026-05-27,ETN,-0.029518848
2026-05-28,ETN,-0.01942468
2026-05-29,ETN,-0.03545916
2026-06-01,ETN,-0.059382696
2026-06-02,ETN,-0.06552941
2026-06-03,ETN,-0.07922163
2026-06-04,ETN,-0.09290209
2026-06-05,ETN,-0.057647984
2026-06-08,ETN,-0.09993114
2026-06-09,ETN,-0.10430533
2026-06-10,ETN,-0.026536087
2026-06-11,ETN,-0.09075452
2026-06-12,ETN,-0.09089043
2026-06-15,ETN,-0.11686804
2026-06-16,ETN,-0.11111144
2026-06-17,ETN,-0.11206297
2026-06-18,ETN,-0.100007415
2026-06-22,ETN,-0.08945012
2026-06-23,ETN,-0.07474083
2026-06-24,ETN,-0.086474024
2026-06-25,ETN,-0.1205493
2026-06-26,ETN,-0.103648305
2026-06-29,ETN,-0.11171275
2026-06-30,ETN,-0.11884218
2026-07-01,ETN,-0.14853293
2026-07-02,ETN,-0.119224705
2026-07-06,ETN,-0.16824405
2026-07-07,ETN,-0.11433301
2026-07-08,ETN,-0.13039078
2026-07-09,ETN,-0.14508112
2026-07-10,ETN,-0.14432117
2026-07-13,ETN,-0.13520889
2026-07-14,ETN,-0.15897274
2026-07-15,ETN,-0.17367424
2026-07-16,ETN,-0.13211958
2026-07-17,ETN,-0.14969847
2026-07-20,ETN,-0.15030359
2026-07-21,ETN,-0.1334366
2026-07-22,ETN,-0.1479435
2026-07-23,ETN,-0.15378237
2026-07-24,ETN,-0.16733235
2026-07-27,ETN,-0.15943788
2026-07-28,ETN,-0.07625543
2026-07-29,ETN,-0.07583966
2026-07-30,ETN,-0.019956786
2026-07-31,ETN,-0.09548915
2026-05-20,FDX,-0.1600235
2026-05-21,FDX,-0.1592394
2026-05-22,FDX,-0.14065516
2026-05-26,FDX,-0.1293279
2026-05-27,FDX,-0.12213542
2026-05-28,FDX,-0.1233083
2026-05-29,FDX,-0.13915132
2026-06-01,FDX,-0.117471255
2026-06-02,FDX,-0.13414566
2026-06-03,FDX,-0.13408464
2026-06-04,FDX,-0.1358548
2026-06-05,FDX,-0.1434728
2026-06-08,FDX,-0.12840033
2026-06-09,FDX,-0.12083616
2026-06-10,FDX,-0.076145604
2026-06-11,FDX,-0.12544125
2026-06-12,FDX,-0.104947925
2026-06-15,FDX,-0.1027264
2026-06-16,FDX,-0.10403794
2026-06-17,FDX,-0.081090085
2026-06-18,FDX,-0.086941265
2026-06-22,FDX,-0.103078686
2026-06-23,FDX,-0.07182894
2026-06-24,FDX,-0.08733786
2026-06-25,FDX,-0.09224548
2026-06-26,FDX,-0.10827872
2026-06-29,FDX,-0.11599491
2026-06-30,FDX,-0.09467461
2026-07-01,FDX,-0.10297877
2026-07-02,FDX,-0.13176633
2026-07-06,FDX,-0.11798682
2026-07-07,FDX,-0.15052828
2026-07-08,FDX,-0.12081864
2026-07-09,FDX,-0.13581854
2026-07-10,FDX,-0.14711446
2026-07-13,FDX,-0.14105713
2026-07-14,FDX,-0.14733113
2026-07-15,FDX,-0.15576346
2026-07-16,FDX,-0.17898971
2026-07-17,FDX,-0.17140745
2026-07-20,FDX,-0.12316016
2026-07-21,FDX,-0.1938792
2026-07-22,FDX,-0.19811736
2026-07-23,FDX,-0.1965311
2026-07-24,FDX,-0.19756792
2026-07-27,FDX,-0.17572846
2026-07-28,FDX,-0.18957989
2026-07-29,FDX,-0.18391542
2026-07-30,FDX,-0.1974951
2026-07-31,FDX,-0.20984322
2026-05-20,FTNT,0.24562235
2026-05-21,FTNT,0.056387126
2026-05-22,FTNT,0.063304454
2026-05-26,FTNT,0.09891377
2026-05-27,FTNT,0.11304461
2026-05-28,FTNT,0.12549338
2026-05-29,FTNT,0.12109524
2026-06-01,FTNT,0.11275228
2026-06-02,FTNT,0.13584563
2026-06-03,FTNT,0.15027553
2026-06-04,FTNT,0.17857587
2026-06-05,FTNT,0.21702658
2026-06-08,FTNT,0.24477665
2026-06-09,FTNT,0.24708311
2026-06-10,FTNT,0.27050033
2026-06-11,FTNT,0.27437624
2026-06-12,FTNT,0.28686717
2026-06-15,FTNT,0.28781906
2026-06-16,FTNT,0.3029703
2026-06-17,FTNT,0.22201101
2026-06-18,FTNT,0.26146975
2026-06-22,FTNT,0.21154422
2026-06-23,FTNT,0.1986096
2026-06-24,FTNT,0.1780103
2026-06-25,FTNT,0.16745843
2026-06-26,FTNT,0.15951955
2026-06-29,FTNT,0.24281178
2026-06-30,FTNT,0.15279013
2026-07-01,FTNT,0.2502747
2026-07-02,FTNT,0.15101486
2026-07-06,FTNT,0.31479943
2026-07-07,FTNT,0.3057654
2026-07-08,FTNT,0.28984892
2026-07-09,FTNT,0.36618543
2026-07-10,FTNT,0.2901872
2026-07-13,FTNT,0.27536643
2026-07-14,FTNT,0.33141148
2026-07-15,FTNT,0.37501696
2026-07-16,FTNT,0.42150736
2026-07-17,FTNT,0.38464746
2026-07-20,FTNT,0.41646162
2026-07-21,FTNT,0.41527548
2026-07-22,FTNT,0.3589752
2026-07-23,FTNT,0.28273532
2026-07-24,FTNT,0.26979116
2026-07-27,FTNT,0.23247844
2026-07-28,FTNT,0.17387004
2026-07-29,FTNT,0.25755814
2026-07-30,FTNT,0.19854753
2026-07-31,FTNT,0.26186398
2026-05-20,GE,-0.15859592
2026-05-21,GE,-0.1596864
2026-05-22,GE,-0.1652227
2026-05-26,GE,-0.13250448
2026-05-27,GE,-0.13426843
2026-05-28,GE,-0.13118951
2026-05-29,GE,-0.1270197
2026-06-01,GE,-0.13394812
2026-06-02,GE,-0.14743744
2026-06-03,GE,-0.15189391
2026-06-04,GE,-0.14551838
2026-06-05,GE,-0.1466163
2026-06-08,GE,-0.16062833
2026-06-09,GE,-0.13269185
2026-06-10,GE,-0.15839
2026-06-11,GE,-0.14576726
2026-06-12,GE,-0.14099084
2026-06-15,GE,-0.10370775
2026-06-16,GE,-0.0835127
2026-06-17,GE,-0.078090936
2026-06-18,GE,-0.0367022
2026-06-22,GE,-0.07143971
2026-06-23,GE,-0.04370218
2026-06-24,GE,-0.008582163
2026-06-25,GE,0.025752008
2026-06-26,GE,0.012765735
2026-06-29,GE,0.010644727
2026-06-30,GE,-0.0029655125
2026-07-01,GE,-0.004610063
2026-07-02,GE,0.0005551753
2026-07-06,GE,-0.0015182683
2026-07-07,GE,0.013679713
2026-07-08,GE,0.049847826
2026-07-09,GE,0.044576827
2026-07-10,GE,0.05770545
2026-07-13,GE,0.05551066
2026-07-14,GE,0.051722933
2026-07-15,GE,0.040345296
2026-07-16,GE,0.07383267
2026-07-17,GE,0.040414274
2026-07-20,GE,0.027142048
2026-07-21,GE,0.03456889
2026-07-22,GE,0.027439864
2026-07-23,GE,0.023424037
2026-07-24,GE,0.039473545
2026-07-27,GE,0.02488777
2026-07-28,GE,0.017898045
2026-07-29,GE,0.003768758
2026-07-30,GE,0.011892469
2026-07-31,GE,0.017217256
2026-05-20,GILD,-0.21526068
2026-05-21,GILD,-0.21943212
2026-05-22,GILD,-0.21371092
2026-05-26,GILD,-0.21790235
2026-05-27,GILD,-0.21769309
2026-05-28,GILD,-0.21704012
2026-05-29,GILD,-0.22239368
2026-06-01,GILD,-0.22600059
2026-06-02,GILD,-0.19820635
2026-06-03,GILD,-0.20111668
2026-06-04,GILD,-0.206091
2026-06-05,GILD,-0.21036296
2026-06-08,GILD,-0.206039
2026-06-09,GILD,-0.19044782
2026-06-10,GILD,-0.10877249
2026-06-11,GILD,-0.17616184
2026-06-12,GILD,-0.18194677
2026-06-15,GILD,-0.17350303
2026-06-16,GILD,-0.18465479
2026-06-17,GILD,-0.19420044
2026-06-18,GILD,-0.17192782
2026-06-22,GILD,-0.18304121
2026-06-23,GILD,-0.1858709
2026-06-24,GILD,-0.18424983
2026-06-25,GILD,-0.18438888
2026-06-26,GILD,-0.19376218
2026-06-29,GILD,-0.21112262
2026-06-30,GILD,-0.2176906
2026-07-01,GILD,-0.21405359
2026-07-02,GILD,-0.19052845
2026-07-06,GILD,-0.2019881
2026-07-07,GILD,-0.15009795
2026-07-08,GILD,-0.15375878
2026-07-09,GILD,-0.16182676
2026-07-10,GILD,-0.1634144
2026-07-13,GILD,-0.18623303
2026-07-14,GILD,-0.16671407
2026-07-15,GILD,-0.19192052
2026-07-16,GILD,-0.17281108
2026-07-17,GILD,-0.18327504
2026-07-20,GILD,-0.18413353
2026-07-21,GILD,-0.14088587
2026-07-22,GILD,-0.1428179
2026-07-23,GILD,-0.13947253
2026-07-24,GILD,-0.15527086
2026-07-27,GILD,-0.15924098
2026-07-28,GILD,-0.18915768
2026-07-29,GILD,-0.17073828
2026-07-30,GILD,-0.15476274
2026-07-31,GILD,-0.16705036
2026-05-20,GLD,-0.20970707
2026-05-21,GLD,-0.21482454
2026-05-22,GLD,-0.20193811
2026-05-26,GLD,-0.20390326
2026-05-27,GLD,-0.17206903
2026-05-28,GLD,-0.20001827
2026-05-29,GLD,-0.20860697
2026-06-01,GLD,-0.20214553
2026-06-02,GLD,-0.20341812
2026-06-03,GLD,-0.19650127
2026-06-04,GLD,-0.20713957
2026-06-05,GLD,-0.16714676
2026-06-08,GLD,-0.16649954
2026-06-09,GLD,-0.13559179
2026-06-10,GLD,-0.09433246
2026-06-11,GLD,-0.092843056
2026-06-12,GLD,-0.11306492
2026-06-15,GLD,-0.12968254
2026-06-16,GLD,-0.124924384
2026-06-17,GLD,-0.0957767
2026-06-18,GLD,-0.11692635
2026-06-22,GLD,-0.12602502
2026-06-23,GLD,-0.09823239
2026-06-24,GLD,-0.10057833
2026-06-25,GLD,-0.10046592
2026-06-26,GLD,-0.10300896
2026-06-29,GLD,-0.11168757
2026-06-30,GLD,-0.10985301
2026-07-01,GLD,-0.12432488
2026-07-02,GLD,-0.15971382
2026-07-06,GLD,-0.17655492
2026-07-07,GLD,-0.16133395
2026-07-08,GLD,-0.14523804
2026-07-09,GLD,-0.17272395
2026-07-10,GLD,-0.15852761
2026-07-13,GLD,-0.112775005
2026-07-14,GLD,-0.16975963
2026-07-15,GLD,-0.17313342
2026-07-16,GLD,-0.13434973
2026-07-17,GLD,-0.16732408
2026-07-20,GLD,-0.20616901
2026-07-21,GLD,-0.22618087
2026-07-22,GLD,-0.22441117
2026-07-23,GLD,-0.22506875
2026-07-24,GLD,-0.22385184
2026-07-27,GLD,-0.2257713
2026-07-28,GLD,-0.22346087
2026-07-29,GLD,-0.22823285
2026-07-30,GLD,-0.22960997
2026-07-31,GLD,-0.23569763
2026-05-20,GLW,0.10877458
2026-05-21,GLW,0.24913275
2026-05-22,GLW,0.25335798
2026-05-26,GLW,0.24889739
2026-05-27,GLW,0.2513366
2026-05-28,GLW,0.15846102
2026-05-29,GLW,0.14889346
2026-06-01,GLW,0.12020501
2026-06-02,GLW,0.26328346
2026-06-03,GLW,0.24518657
2026-06-04,GLW,0.23653705
2026-06-05,GLW,0.07294466
2026-06-08,GLW,0.21625839
2026-06-09,GLW,0.10115897
2026-06-10,GLW,0.07750187
2026-06-11,GLW,0.044692237
2026-06-12,GLW,0.06595022
2026-06-15,GLW,0.105834246
2026-06-16,GLW,0.067566775
2026-06-17,GLW,0.055950165
2026-06-18,GLW,0.078001946
2026-06-22,GLW,0.2118303
2026-06-23,GLW,0.079088606
2026-06-24,GLW,0.20465703
2026-06-25,GLW,0.22054653
2026-06-26,GLW,0.25690857
2026-06-29,GLW,0.32487133
2026-06-30,GLW,0.20016913
2026-07-01,GLW,0.031751424
2026-07-02,GLW,-0.04764706
2026-07-06,GLW,-0.029593652
2026-07-07,GLW,-0.026809445
2026-07-08,GLW,-0.03539562
2026-07-09,GLW,-0.03711956
2026-07-10,GLW,-0.012390527
2026-07-13,GLW,-0.03243531
2026-07-14,GLW,-0.021110715
2026-07-15,GLW,-0.025291419
2026-07-16,GLW,-0.017722307
2026-07-17,GLW,0.019907268
2026-07-20,GLW,0.011489498
2026-07-21,GLW,0.021054065
2026-07-22,GLW,0.04993114
2026-07-23,GLW,0.03728177
2026-07-24,GLW,0.0054532285
2026-07-27,GLW,0.041280504
2026-07-28,GLW,0.18686777
2026-07-29,GLW,0.17576082
2026-07-30,GLW,0.077109344
2026-07-31,GLW,0.074630834
2026-05-20,GM,-0.13957043
2026-05-21,GM,-0.15025057
2026-05-22,GM,-0.14832537
2026-05-26,GM,-0.14207838
2026-05-27,GM,-0.10846933
2026-05-28,GM,-0.10851089
2026-05-29,GM,-0.1183533
2026-06-01,GM,-0.13928372
2026-06-02,GM,-0.14227803
2026-06-03,GM,-0.14146571
2026-06-04,GM,-0.13929494
2026-06-05,GM,-0.1572718
2026-06-08,GM,-0.14921364
2026-06-09,GM,-0.1527865
2026-06-10,GM,-0.118767716
2026-06-11,GM,-0.16184218
2026-06-12,GM,-0.1619917
2026-06-15,GM,-0.12911697
2026-06-16,GM,-0.15965766
2026-06-17,GM,-0.11907982
2026-06-18,GM,-0.10824547
2026-06-22,GM,-0.14377277
2026-06-23,GM,-0.09501233
2026-06-24,GM,-0.10087883
2026-06-25,GM,-0.099409394
2026-06-26,GM,-0.099479996
2026-06-29,GM,-0.085236974
2026-06-30,GM,-0.0819391
2026-07-01,GM,-0.0016392494
2026-07-02,GM,-0.07147247
2026-07-06,GM,-0.12217796
2026-07-07,GM,-0.08228735
2026-07-08,GM,-0.09957097
2026-07-09,GM,-0.11240861
2026-07-10,GM,-0.1388851
2026-07-13,GM,-0.12055061
2026-07-14,GM,-0.13594277
2026-07-15,GM,-0.13290201
2026-07-16,GM,-0.15120597
2026-07-17,GM,-0.11903608
2026-07-20,GM,-0.10904186
2026-07-21,GM,-0.173068
2026-07-22,GM,-0.14035845
2026-07-23,GM,-0.15965603
2026-07-24,GM,-0.13944317
2026-07-27,GM,-0.11120376
2026-07-28,GM,-0.09267611
2026-07-29,GM,-0.10331839
2026-07-30,GM,-0.11061951
2026-07-31,GM,-0.12382814
2026-05-20,GOOG,-0.02909556
2026-05-21,GOOG,-0.033901766
2026-05-22,GOOG,-0.0136230625
2026-05-26,GOOG,-0.025374169
2026-05-27,GOOG,-0.020721184
2026-05-28,GOOG,-0.007430935
2026-05-29,GOOG,0.0057959347
2026-06-01,GOOG,0.0139694335
2026-06-02,GOOG,0.030928409
2026-06-03,GOOG,0.03286134
2026-06-04,GOOG,-0.01929331
2026-06-05,GOOG,-0.0135890795
2026-06-08,GOOG,-0.009548777
2026-06-09,GOOG,-0.013016443
2026-06-10,GOOG,0.027213925
2026-06-11,GOOG,0.00696074
2026-06-12,GOOG,-0.012319545
2026-06-15,GOOG,-0.045507386
2026-06-16,GOOG,-0.050798893
2026-06-17,GOOG,-0.03865781
2026-06-18,GOOG,-0.06231384
2026-06-22,GOOG,-0.0015598523
2026-06-23,GOOG,-0.01035745
2026-06-24,GOOG,-0.013881166
2026-06-25,GOOG,-0.014791615
2026-06-26,GOOG,-0.047803003
2026-06-29,GOOG,-0.028539443
2026-06-30,GOOG,-0.040793832
2026-07-01,GOOG,-0.10415458
2026-07-02,GOOG,-0.11439612
2026-07-06,GOOG,-0.13084008
2026-07-07,GOOG,-0.15670137
2026-07-08,GOOG,-0.16028446
2026-07-09,GOOG,-0.15702854
2026-07-10,GOOG,-0.1566458
2026-07-13,GOOG,-0.16010681
2026-07-14,GOOG,-0.18356444
2026-07-15,GOOG,-0.17257316
2026-07-16,GOOG,-0.16878493
2026-07-17,GOOG,-0.15852396
2026-07-20,GOOG,-0.16357934
2026-07-21,GOOG,-0.15515506
2026-07-22,GOOG,-0.14718322
2026-07-23,GOOG,-0.010201621
2026-07-24,GOOG,-0.019505957
2026-07-27,GOOG,-0.031860407
2026-07-28,GOOG,-0.051711906
2026-07-29,GOOG,-0.063137904
2026-07-30,GOOG,-0.07863691
2026-07-31,GOOG,-0.12768698
2026-05-20,GRMN,-0.03130245
2026-05-21,GRMN,-0.011051823
2026-05-22,GRMN,-0.0024468775
2026-05-26,GRMN,-0.02572652
2026-05-27,GRMN,-0.05684899
2026-05-28,GRMN,-0.06113128
2026-05-29,GRMN,-0.09673121
2026-06-01,GRMN,-0.09906425
2026-06-02,GRMN,-0.13546108
2026-06-03,GRMN,-0.10891687
2026-06-04,GRMN,-0.16170596
2026-06-05,GRMN,-0.1970436
2026-06-08,GRMN,-0.1936305
2026-06-09,GRMN,-0.20308578
2026-06-10,GRMN,-0.1998502
2026-06-11,GRMN,-0.20984308
2026-06-12,GRMN,-0.20428096
2026-06-15,GRMN,-0.20776738
2026-06-16,GRMN,-0.20987427
2026-06-17,GRMN,-0.21375696
2026-06-18,GRMN,-0.21767037
2026-06-22,GRMN,-0.212367
2026-06-23,GRMN,-0.21346347
2026-06-24,GRMN,-0.19626002
2026-06-25,GRMN,-0.17541778
2026-06-26,GRMN,-0.18289256
2026-06-29,GRMN,-0.18352062
2026-06-30,GRMN,-0.19794165
2026-07-01,GRMN,-0.2005421
2026-07-02,GRMN,-0.20162861
2026-07-06,GRMN,-0.18328118
2026-07-07,GRMN,-0.16995756
2026-07-08,GRMN,-0.20167124
2026-07-09,GRMN,-0.20239341
2026-07-10,GRMN,-0.20203644
2026-07-13,GRMN,-0.20490146
2026-07-14,GRMN,-0.19792135
2026-07-15,GRMN,-0.20480464
2026-07-16,GRMN,-0.19587474
2026-07-17,GRMN,-0.19977772
2026-07-20,GRMN,-0.20492534
2026-07-21,GRMN,-0.1814747
2026-07-22,GRMN,-0.19322817
2026-07-23,GRMN,-0.1961747
2026-07-24,GRMN,-0.2002431
2026-07-27,GRMN,-0.2021187
2026-07-28,GRMN,-0.16877402
2026-07-29,GRMN,-0.058824312
2026-07-30,GRMN,-0.04279245
2026-07-31,GRMN,-0.060575847
2026-05-20,GS,0.012671252
2026-05-21,GS,0.015462446
2026-05-22,GS,0.013716665
2026-05-26,GS,-0.023539985
2026-05-27,GS,-0.025131673
2026-05-28,GS,-0.031663403
2026-05-29,GS,-0.035700273
2026-06-01,GS,-0.028758423
2026-06-02,GS,-0.023692435
2026-06-03,GS,-0.02194152
2026-06-04,GS,-0.010806666
2026-06-05,GS,-0.009324585
2026-06-08,GS,-0.01857672
2026-06-09,GS,0.00154413
2026-06-10,GS,0.009159912
2026-06-11,GS,0.0033357174
2026-06-12,GS,-0.020938756
2026-06-15,GS,-0.017420841
2026-06-16,GS,-0.016941614
2026-06-17,GS,-0.015117963
2026-06-18,GS,-0.018496858
2026-06-22,GS,-0.02059715
2026-06-23,GS,-0.018860769
2026-06-24,GS,-0.018640412
2026-06-25,GS,-0.017019693
2026-06-26,GS,-0.005947756
2026-06-29,GS,-0.008765072
2026-06-30,GS,-0.024160301
2026-07-01,GS,-0.015168992
2026-07-02,GS,-0.011362489
2026-07-06,GS,-0.029397525
2026-07-07,GS,-0.042056397
2026-07-08,GS,-0.063856654
2026-07-09,GS,-0.052314177
2026-07-10,GS,-0.07718731
2026-07-13,GS,-0.09352354
2026-07-14,GS,-0.05515897
2026-07-15,GS,-0.05545519
2026-07-16,GS,-0.09928394
2026-07-17,GS,-0.06460316
2026-07-20,GS,-0.07609202
2026-07-21,GS,-0.08481112
2026-07-22,GS,-0.08861512
2026-07-23,GS,-0.08116772
2026-07-24,GS,-0.07751783
2026-07-27,GS,-0.07067668
2026-07-28,GS,-0.055014346
2026-07-29,GS,-0.023630664
2026-07-30,GS,-0.053373843
2026-07-31,GS,-0.04096657
2026-05-20,HD,-0.0067696446
2026-05-21,HD,-0.036141012
2026-05-22,HD,-0.0009835368
2026-05-26,HD,-0.009929795
2026-05-27,HD,-0.104101814
2026-05-28,HD,-0.14308749
2026-05-29,HD,-0.115785785
2026-06-01,HD,-0.061791133
2026-06-02,HD,-0.060355414
2026-06-03,HD,-0.15499057
2026-06-04,HD,-0.16551335
2026-06-05,HD,-0.17947257
2026-06-08,HD,-0.18151926
2026-06-09,HD,-0.19765778
2026-06-10,HD,-0.19743502
2026-06-11,HD,-0.17878954
2026-06-12,HD,-0.16807197
2026-06-15,HD,-0.16720925
2026-06-16,HD,-0.15667945
2026-06-17,HD,-0.18526466
2026-06-18,HD,-0.17549081
2026-06-22,HD,-0.18355252
2026-06-23,HD,-0.18261254
2026-06-24,HD,-0.13914596
2026-06-25,HD,-0.13536596
2026-06-26,HD,-0.12805414
2026-06-29,HD,-0.122945525
2026-06-30,HD,-0.11561209
2026-07-01,HD,-0.14237368
2026-07-02,HD,-0.13156027
2026-07-06,HD,-0.15351872
2026-07-07,HD,-0.15239193
2026-07-08,HD,-0.117830455
2026-07-09,HD,-0.13297956
2026-07-10,HD,-0.14969303
2026-07-13,HD,-0.13699037
2026-07-14,HD,-0.13211134
2026-07-15,HD,-0.15084445
2026-07-16,HD,-0.1559962
2026-07-17,HD,-0.13161816
2026-07-20,HD,-0.10996448
2026-07-21,HD,-0.11456287
2026-07-22,HD,-0.13120252
2026-07-23,HD,-0.12005582
2026-07-24,HD,-0.13971858
2026-07-27,HD,-0.15640491
2026-07-28,HD,-0.13886996
2026-07-29,HD,-0.16515194
2026-07-30,HD,-0.14926772
2026-07-31,HD,-0.1509746
2026-05-20,HLT,-0.19688624
2026-05-21,HLT,-0.19375484
2026-05-22,HLT,-0.19797029
2026-05-26,HLT,-0.20009704
2026-05-27,HLT,-0.1394568
2026-05-28,HLT,-0.14197445
2026-05-29,HLT,-0.18755387
2026-06-01,HLT,-0.1736521
2026-06-02,HLT,-0.16863687
2026-06-03,HLT,-0.1829655
2026-06-04,HLT,-0.1662461
2026-06-05,HLT,-0.14661497
2026-06-08,HLT,-0.16450967
2026-06-09,HLT,-0.1560239
2026-06-10,HLT,-0.16374476
2026-06-11,HLT,-0.15961127
2026-06-12,HLT,-0.14594352
2026-06-15,HLT,-0.14453639
2026-06-16,HLT,-0.108900644
2026-06-17,HLT,-0.14901191
2026-06-18,HLT,-0.15122174
2026-06-22,HLT,-0.15977047
2026-06-23,HLT,-0.15808666
2026-06-24,HLT,-0.16447477
2026-06-25,HLT,-0.17273359
2026-06-26,HLT,-0.15142772
2026-06-29,HLT,-0.15202916
2026-06-30,HLT,-0.14170943
2026-07-01,HLT,-0.1515401
2026-07-02,HLT,-0.17973034
2026-07-06,HLT,-0.19308281
2026-07-07,HLT,-0.19271123
2026-07-08,HLT,-0.18568747
2026-07-09,HLT,-0.19051743
2026-07-10,HLT,-0.19061345
2026-07-13,HLT,-0.15555987
2026-07-14,HLT,-0.1760606
2026-07-15,HLT,-0.1868273
2026-07-16,HLT,-0.15830041
2026-07-17,HLT,-0.15019758
2026-07-20,HLT,-0.16968195
2026-07-21,HLT,-0.18365903
2026-07-22,HLT,-0.1843137
2026-07-23,HLT,-0.1607093
2026-07-24,HLT,-0.19773293
2026-07-27,HLT,-0.19855602
2026-07-28,HLT,-0.1831147
2026-07-29,HLT,-0.18106882
2026-07-30,HLT,-0.18536377
2026-07-31,HLT,-0.19087751
2026-05-20,HON,-0.19890843
2026-05-21,HON,-0.19418328
2026-05-22,HON,-0.17017712
2026-05-26,HON,-0.16329974
2026-05-27,HON,-0.17057978
2026-05-28,HON,-0.16052711
2026-05-29,HON,-0.14764088
2026-06-01,HON,-0.17689376
2026-06-02,HON,-0.1829157
2026-06-03,HON,-0.14603627
2026-06-04,HON,-0.13042521
2026-06-05,HON,-0.11318651
2026-06-08,HON,-0.079539485
2026-06-09,HON,-0.132863
2026-06-10,HON,-0.061912786
2026-06-11,HON,-0.108662784
2026-06-12,HON,-0.10847768
2026-06-15,HON,-0.14067207
2026-06-16,HON,-0.1447604
2026-06-17,HON,-0.1434675
2026-06-18,HON,-0.16538371
2026-06-22,HON,-0.16274516
2026-06-23,HON,-0.1281443
2026-06-24,HON,-0.16318367
2026-06-25,HON,-0.17010804
2026-06-26,HON,-0.18244398
2026-06-29,HON,-0.11592055
2026-06-30,HON,-0.08642242
2026-07-01,HON,-0.05991316
2026-07-02,HON,-0.12177914
2026-07-06,HON,-0.10609892
2026-07-07,HON,-0.094442815
2026-07-08,HON,-0.05605066
2026-07-09,HON,-0.08392137
2026-07-10,HON,-0.096896075
2026-07-13,HON,-0.07140687
2026-07-14,HON,-0.1018118
2026-07-15,HON,-0.10185295
2026-07-16,HON,-0.13900149
2026-07-17,HON,-0.1307658
2026-07-20,HON,-0.14045924
2026-07-21,HON,-0.16094531
2026-07-22,HON,-0.1319666
2026-07-23,HON,-0.11994649
2026-07-24,HON,-0.13570029
2026-07-27,HON,-0.12355844
2026-07-28,HON,-0.12733828
2026-07-29,HON,-0.16736639
2026-07-30,HON,-0.17417364
2026-07-31,HON,-0.17166309
2026-05-20,HPE,0.35411397
2026-05-21,HPE,0.30959356
2026-05-22,HPE,0.42605612
2026-05-26,HPE,0.4159617
2026-05-27,HPE,0.31442603
2026-05-28,HPE,0.43628606
2026-05-29,HPE,0.40692177
2026-06-01,HPE,0.350173
2026-06-02,HPE,0.3166441
2026-06-03,HPE,0.35824195
2026-06-04,HPE,0.3576599
2026-06-05,HPE,0.23868339
2026-06-08,HPE,0.2581294
2026-06-09,HPE,0.28158143
2026-06-10,HPE,0.2109638
2026-06-11,HPE,0.21756744
2026-06-12,HPE,0.27675542
2026-06-15,HPE,0.1929506
2026-06-16,HPE,0.1643331
2026-06-17,HPE,0.18947311
2026-06-18,HPE,0.15134011
2026-06-22,HPE,0.14021038
2026-06-23,HPE,0.19672124
2026-06-24,HPE,0.163137
2026-06-25,HPE,0.20113067
2026-06-26,HPE,0.19754624
2026-06-29,HPE,0.15543574
2026-06-30,HPE,0.08078406
2026-07-01,HPE,0.061159596
2026-07-02,HPE,0.021090267
2026-07-06,HPE,-0.07530174
2026-07-07,HPE,-0.041746434
2026-07-08,HPE,-0.074220106
2026-07-09,HPE,0.102469556
2026-07-10,HPE,0.06838175
2026-07-13,HPE,-0.049912065
2026-07-14,HPE,0.029866435
2026-07-15,HPE,-0.101940475
2026-07-16,HPE,-0.08000806
2026-07-17,HPE,-0.037358504
2026-07-20,HPE,-0.0555619
2026-07-21,HPE,-0.034150105
2026-07-22,HPE,-0.010383592
2026-07-23,HPE,0.007180076
2026-07-24,HPE,-0.0039498783
2026-07-27,HPE,-0.04520543
2026-07-28,HPE,0.09428919
2026-07-29,HPE,0.11571584
2026-07-30,HPE,-0.011118423
2026-07-31,HPE,-0.0009382156
2026-05-20,HUBS,0.090432726
2026-05-21,HUBS,0.1153964
2026-05-22,HUBS,0.13734193
2026-05-26,HUBS,0.12899677
2026-05-27,HUBS,0.120365955
2026-05-28,HUBS,0.12114153
2026-05-29,HUBS,0.14162414
2026-06-01,HUBS,0.19515224
2026-06-02,HUBS,0.066589735
2026-06-03,HUBS,0.096533895
2026-06-04,HUBS,0.07285469
2026-06-05,HUBS,0.12576804
2026-06-08,HUBS,0.09966677
2026-06-09,HUBS,0.117952995
2026-06-10,HUBS,0.11312771
2026-06-11,HUBS,0.10004207
2026-06-12,HUBS,0.13197328
2026-06-15,HUBS,0.13718748
2026-06-16,HUBS,0.15576261
2026-06-17,HUBS,0.13472444
2026-06-18,HUBS,0.11470371
2026-06-22,HUBS,0.13328199
2026-06-23,HUBS,0.104747586
2026-06-24,HUBS,0.09595042
2026-06-25,HUBS,0.09975103
2026-06-26,HUBS,0.11238536
2026-06-29,HUBS,0.117368154
2026-06-30,HUBS,0.10129702
2026-07-01,HUBS,0.117853105
2026-07-02,HUBS,0.12476527
2026-07-06,HUBS,0.11444571
2026-07-07,HUBS,0.015578945
2026-07-08,HUBS,0.056159586
2026-07-09,HUBS,0.014427711
2026-07-10,HUBS,0.011507905
2026-07-13,HUBS,-0.015900485
2026-07-14,HUBS,0.015865838
2026-07-15,HUBS,-0.03722215
2026-07-16,HUBS,-0.020352893
2026-07-17,HUBS,-0.034578364
2026-07-20,HUBS,-0.0012621712
2026-07-21,HUBS,-0.03605699
2026-07-22,HUBS,0.042011548
2026-05-20,IBM,-0.07161867
2026-05-21,IBM,-0.0979592
2026-05-22,IBM,-0.103685595
2026-05-26,IBM,-0.10790098
2026-05-27,IBM,-0.10247341
2026-05-28,IBM,-0.092384815
2026-05-29,IBM,0.010493896
2026-06-01,IBM,0.057177614
2026-06-02,IBM,0.18486615
2026-06-03,IBM,0.024415344
2026-06-04,IBM,-0.0022089053
2026-06-05,IBM,-0.06354066
2026-06-08,IBM,-0.06398991
2026-06-09,IBM,-0.06274668
2026-06-10,IBM,-0.07996731
2026-06-11,IBM,-0.07716095
2026-06-12,IBM,-0.07284036
2026-06-15,IBM,-0.054741208
2026-06-16,IBM,-0.0525655
2026-06-17,IBM,-0.04682125
2026-06-18,IBM,-0.012431736
2026-06-22,IBM,-0.015670093
2026-06-23,IBM,-0.011949114
2026-06-24,IBM,-0.013210406
2026-06-25,IBM,-0.032052394
2026-06-26,IBM,-0.023333376
2026-06-29,IBM,-0.034741316
2026-06-30,IBM,-0.031162733
2026-07-01,IBM,-0.026214281
2026-07-02,IBM,-0.027224367
2026-07-06,IBM,-0.010733037
2026-07-07,IBM,0.017185194
2026-07-08,IBM,0.022938251
2026-07-09,IBM,0.0029870104
2026-07-10,IBM,-0.008949681
2026-07-13,IBM,-0.017368013
2026-07-14,IBM,0.07363468
2026-07-15,IBM,0.05142774
2026-07-16,IBM,0.09391493
2026-07-17,IBM,0.0771471
2026-07-20,IBM,0.056866396
2026-07-21,IBM,0.038655777
2026-07-22,IBM,0.030546462
2026-07-23,IBM,0.025729282
2026-07-24,IBM,0.04198348
2026-07-27,IBM,0.023288576
2026-07-28,IBM,0.06496928
2026-07-29,IBM,0.059094757
2026-07-30,IBM,0.030383265
2026-07-31,IBM,0.052397028
2026-05-20,INTC,0.13368866
2026-05-21,INTC,0.13838057
2026-05-22,INTC,0.17751436
2026-05-26,INTC,0.18956529
2026-05-27,INTC,0.22796546
2026-05-28,INTC,0.24380527
2026-05-29,INTC,0.2221507
2026-06-01,INTC,0.16218998
2026-06-02,INTC,0.16850513
2026-06-03,INTC,0.19991308
2026-06-04,INTC,0.11625296
2026-06-05,INTC,0.017132675
2026-06-08,INTC,0.034660023
2026-06-09,INTC,-0.039251074
2026-06-10,INTC,-0.054186713
2026-06-11,INTC,0.051480096
2026-06-12,INTC,0.11140262
2026-06-15,INTC,0.092089705
2026-06-16,INTC,-0.006000714
2026-06-17,INTC,0.021309435
2026-06-18,INTC,0.20123689
2026-06-22,INTC,0.15487534
2026-06-23,INTC,0.2529508
2026-06-24,INTC,0.2625927
2026-06-25,INTC,0.33401772
2026-06-26,INTC,0.28850183
2026-06-29,INTC,0.33045375
2026-06-30,INTC,0.36544505
2026-07-01,INTC,0.33638525
2026-07-02,INTC,0.2351001
2026-07-06,INTC,0.25840697
2026-07-07,INTC,0.15833652
2026-07-08,INTC,0.090358645
2026-07-09,INTC,0.10734823
2026-07-10,INTC,0.05831557
2026-07-13,INTC,0.08699956
2026-07-14,INTC,0.082081705
2026-07-15,INTC,0.09455157
2026-07-16,INTC,0.012971111
2026-07-17,INTC,0.0351955
2026-07-20,INTC,0.015519337
2026-07-21,INTC,0.086503506
2026-07-22,INTC,0.07318315
2026-07-23,INTC,0.05049322
2026-07-24,INTC,0.024078531
2026-07-27,INTC,0.05163363
2026-07-28,INTC,0.08500729
2026-07-29,INTC,0.10974145
2026-07-30,INTC,0.062454406
2026-07-31,INTC,0.09137672
2026-05-20,INTU,-0.052620977
2026-05-21,INTU,0.09444287
2026-05-22,INTU,0.11805719
2026-05-26,INTU,0.09233365
2026-05-27,INTU,0.10737792
2026-05-28,INTU,0.106978126
2026-05-29,INTU,0.11498347
2026-06-01,INTU,0.09644493
2026-06-02,INTU,0.15265249
2026-06-03,INTU,0.14050727
2026-06-04,INTU,0.13344964
2026-06-05,INTU,0.13214284
2026-06-08,INTU,0.113801695
2026-06-09,INTU,0.13879333
2026-06-10,INTU,0.13748546
2026-06-11,INTU,0.15539116
2026-06-12,INTU,0.14322244
2026-06-15,INTU,0.13543367
2026-06-16,INTU,0.122640274
2026-06-17,INTU,0.13030778
2026-06-18,INTU,0.13759
2026-06-22,INTU,0.22764336
2026-06-23,INTU,0.13235745
2026-06-24,INTU,0.13781221
2026-06-25,INTU,0.12872085
2026-06-26,INTU,0.12493259
2026-06-29,INTU,0.0929751
2026-06-30,INTU,0.09160311
2026-07-01,INTU,0.08736861
2026-07-02,INTU,0.106547385
2026-07-06,INTU,0.103325784
2026-07-07,INTU,0.12053034
2026-07-08,INTU,0.11934056
2026-07-09,INTU,0.10288613
2026-07-10,INTU,0.09528181
2026-07-13,INTU,0.07497261
2026-07-14,INTU,0.092527896
2026-07-15,INTU,0.08674463
2026-07-16,INTU,0.0004008524
2026-07-17,INTU,0.014124013
2026-07-20,INTU,-0.008239939
2026-07-21,INTU,-0.05596824
2026-07-22,INTU,-0.037743825
2026-07-23,INTU,-0.055354502
2026-07-24,INTU,-0.07050819
2026-07-27,INTU,-0.039785217
2026-07-28,INTU,-0.015703363
2026-07-29,INTU,-0.025792995
2026-07-30,INTU,-0.008767913
2026-07-31,INTU,-0.024075711
2026-05-20,JNJ,-0.22127645
2026-05-21,JNJ,-0.21581829
2026-05-22,JNJ,-0.20925136
2026-05-26,JNJ,-0.21773982
2026-05-27,JNJ,-0.2204874
2026-05-28,JNJ,-0.22165091
2026-05-29,JNJ,-0.22389264
2026-06-01,JNJ,-0.22682995
2026-06-02,JNJ,-0.21102436
2026-06-03,JNJ,-0.21680947
2026-06-04,JNJ,-0.22313805
2026-06-05,JNJ,-0.20876937
2026-06-08,JNJ,-0.21526723
2026-06-09,JNJ,-0.17753547
2026-06-10,JNJ,-0.19076121
2026-06-11,JNJ,-0.19660218
2026-06-12,JNJ,-0.19687597
2026-06-15,JNJ,-0.20375295
2026-06-16,JNJ,-0.20765395
2026-06-17,JNJ,-0.20910673
2026-06-18,JNJ,-0.19991337
2026-06-22,JNJ,-0.20919032
2026-06-23,JNJ,-0.19811706
2026-06-24,JNJ,-0.18665065
2026-06-25,JNJ,-0.17129678
2026-06-26,JNJ,-0.13386765
2026-06-29,JNJ,-0.12662928
2026-06-30,JNJ,-0.13420244
2026-07-01,JNJ,-0.1480382
2026-07-02,JNJ,-0.13079531
2026-07-06,JNJ,-0.14319125
2026-07-07,JNJ,-0.115697324
2026-07-08,JNJ,-0.14167364
2026-07-09,JNJ,-0.14575751
2026-07-10,JNJ,-0.15638907
2026-07-13,JNJ,-0.15262167
2026-07-14,JNJ,-0.13389073
2026-07-15,JNJ,-0.076264046
2026-07-16,JNJ,-0.08055162
2026-07-17,JNJ,-0.09030175
2026-07-20,JNJ,-0.07195721
2026-07-21,JNJ,-0.07898029
2026-07-22,JNJ,-0.11681149
2026-07-23,JNJ,-0.10853419
2026-07-24,JNJ,-0.09908054
2026-07-27,JNJ,-0.072237246
2026-07-28,JNJ,-0.07195035
2026-07-29,JNJ,-0.07951064
2026-07-30,JNJ,-0.04106636
2026-07-31,JNJ,-0.03562912
2026-05-20,JPM,-0.20793653
2026-05-21,JPM,-0.20856118
2026-05-22,JPM,-0.2137479
2026-05-26,JPM,-0.2086215
2026-05-27,JPM,-0.20661227
2026-05-28,JPM,-0.20044334
2026-05-29,JPM,-0.2079355
2026-06-01,JPM,-0.20061427
2026-06-02,JPM,-0.20770653
2026-06-03,JPM,-0.21187669
2026-06-04,JPM,-0.20259024
2026-06-05,JPM,-0.17425728
2026-06-08,JPM,-0.1788048
2026-06-09,JPM,-0.17419736
2026-06-10,JPM,-0.20448269
2026-06-11,JPM,-0.19933622
2026-06-12,JPM,-0.18549615
2026-06-15,JPM,-0.1884343
2026-06-16,JPM,-0.12552264
2026-06-17,JPM,-0.1274731
2026-06-18,JPM,-0.1647863
2026-06-22,JPM,-0.15653253
2026-06-23,JPM,-0.14757803
2026-06-24,JPM,-0.14566086
2026-06-25,JPM,-0.14570868
2026-06-26,JPM,-0.16736734
2026-06-29,JPM,-0.16706957
2026-06-30,JPM,-0.16871743
2026-07-01,JPM,-0.16777326
2026-07-02,JPM,-0.16934067
2026-07-06,JPM,-0.16113631
2026-07-07,JPM,-0.15995505
2026-07-08,JPM,-0.17635484
2026-07-09,JPM,-0.1758759
2026-07-10,JPM,-0.16806178
2026-07-13,JPM,-0.16738482
2026-07-14,JPM,-0.15310927
2026-07-15,JPM,-0.12585406
2026-07-16,JPM,-0.15388983
2026-07-17,JPM,-0.15151441
2026-07-20,JPM,-0.16171403
2026-07-21,JPM,-0.14803399
2026-07-22,JPM,-0.13715869
2026-07-23,JPM,-0.11891224
2026-07-24,JPM,-0.09004766
2026-07-27,JPM,-0.06801507
2026-07-28,JPM,-0.071049936
2026-07-29,JPM,-0.08019107
2026-07-30,JPM,-0.021914288
2026-07-31,JPM,-0.025493413
2026-05-20,KLAC,-0.024220908
2026-05-21,KLAC,-0.021299526
2026-05-22,KLAC,0.008610794
2026-05-26,KLAC,0.046611745
2026-05-27,KLAC,-0.0008444221
2026-05-28,KLAC,0.013956624
2026-05-29,KLAC,0.01479122
2026-06-01,KLAC,0.008271319
2026-06-02,KLAC,0.09055904
2026-06-03,KLAC,0.09988604
2026-06-04,KLAC,0.2072414
2026-06-05,KLAC,0.0376733
2026-06-08,KLAC,0.13175859
2026-06-09,KLAC,0.25731108
2026-06-10,KLAC,0.23141402
2026-06-11,KLAC,0.25506103
2026-06-12,KLAC,0.32493433
2026-06-15,KLAC,0.22354694
2026-06-16,KLAC,0.18345924
2026-06-17,KLAC,0.1688792
2026-06-18,KLAC,0.23678945
2026-06-22,KLAC,0.24392772
2026-06-23,KLAC,0.2216001
2026-06-24,KLAC,0.25266168
2026-06-25,KLAC,0.26548466
2026-06-26,KLAC,0.24367507
2026-06-29,KLAC,0.28442153
2026-06-30,KLAC,0.29846278
2026-07-01,KLAC,0.20424879
2026-07-02,KLAC,0.05242522
2026-07-06,KLAC,0.043993026
2026-07-07,KLAC,0.046684325
2026-07-08,KLAC,0.05533433
2026-07-09,KLAC,-0.010539815
2026-07-10,KLAC,-0.0013781463
2026-07-13,KLAC,0.02548933
2026-07-14,KLAC,-0.022911502
2026-07-15,KLAC,0.023564143
2026-07-16,KLAC,0.06530634
2026-07-17,KLAC,0.05803742
2026-07-20,KLAC,0.033544507
2026-07-21,KLAC,-0.0006268341
2026-07-22,KLAC,0.019273447
2026-07-23,KLAC,0.050747722
2026-07-24,KLAC,0.036178987
2026-07-27,KLAC,0.017942468
2026-07-28,KLAC,-0.016447341
2026-07-29,KLAC,0.0055835843
2026-07-30,KLAC,0.027892826
2026-07-31,KLAC,0.020830544
2026-05-20,KMI,-0.19328006
2026-05-21,KMI,-0.19505382
2026-05-22,KMI,-0.19437905
2026-05-26,KMI,-0.17268695
2026-05-27,KMI,-0.16992407
2026-05-28,KMI,-0.17433847
2026-05-29,KMI,-0.13326068
2026-06-01,KMI,-0.12028026
2026-06-02,KMI,-0.16722067
2026-06-03,KMI,-0.16869535
2026-06-04,KMI,-0.17454226
2026-06-05,KMI,-0.17376302
2026-06-08,KMI,-0.16932647
2026-06-09,KMI,-0.18280326
2026-06-10,KMI,-0.19687368
2026-06-11,KMI,-0.18080185
2026-06-12,KMI,-0.19578707
2026-06-15,KMI,-0.18120022
2026-06-16,KMI,-0.17966159
2026-06-17,KMI,-0.17812677
2026-06-18,KMI,-0.20030032
2026-06-22,KMI,-0.20776145
2026-06-23,KMI,-0.2070424
2026-06-24,KMI,-0.20119423
2026-06-25,KMI,-0.17881185
2026-06-26,KMI,-0.19975497
2026-06-29,KMI,-0.21426316
2026-06-30,KMI,-0.21541941
2026-07-01,KMI,-0.20674182
2026-07-02,KMI,-0.21947277
2026-07-06,KMI,-0.22254421
2026-07-07,KMI,-0.22009869
2026-07-08,KMI,-0.21942754
2026-07-09,KMI,-0.21950899
2026-07-10,KMI,-0.22622125
2026-07-13,KMI,-0.22060059
2026-07-14,KMI,-0.22025983
2026-07-15,KMI,-0.22630407
2026-07-16,KMI,-0.22025983
2026-07-17,KMI,-0.22200109
2026-07-20,KMI,-0.2213626
2026-07-21,KMI,-0.2219426
2026-07-22,KMI,-0.22103749
2026-07-23,KMI,-0.21820235
2026-07-24,KMI,-0.21837671
2026-07-27,KMI,-0.22866826
2026-07-28,KMI,-0.2252136
2026-07-29,KMI,-0.22558607
2026-07-30,KMI,-0.22479492
2026-07-31,KMI,-0.22912788
2026-05-20,KO,-0.20357035
2026-05-21,KO,-0.20599312
2026-05-22,KO,-0.2033103
2026-05-26,KO,-0.20674716
2026-05-27,KO,-0.20469697
2026-05-28,KO,-0.20692988
2026-05-29,KO,-0.20293756
2026-06-01,KO,-0.20544422
2026-06-02,KO,-0.20248957
2026-06-03,KO,-0.2030899
2026-06-04,KO,-0.18784605
2026-06-05,KO,-0.20689583
2026-06-08,KO,-0.20503068
2026-06-09,KO,-0.18764679
2026-06-10,KO,-0.15473787
2026-06-11,KO,-0.16683908
2026-06-12,KO,-0.1852942
2026-06-15,KO,-0.19545372
2026-06-16,KO,-0.19393027
2026-06-17,KO,-0.20102791
2026-06-18,KO,-0.1890548
2026-06-22,KO,-0.20669381
2026-06-23,KO,-0.1994922
2026-06-24,KO,-0.20374489
2026-06-25,KO,-0.2002178
2026-06-26,KO,-0.19783346
2026-06-29,KO,-0.19676323
2026-06-30,KO,-0.20502663
2026-07-01,KO,-0.20502663
2026-07-02,KO,-0.185183
2026-07-06,KO,-0.20125116
2026-07-07,KO,-0.1939999
2026-07-08,KO,-0.20199507
2026-07-09,KO,-0.20008086
2026-07-10,KO,-0.19847922
2026-07-13,KO,-0.19106603
2026-07-14,KO,-0.19971275
2026-07-15,KO,-0.19805469
2026-07-16,KO,-0.18793075
2026-07-17,KO,-0.1860312
2026-07-20,KO,-0.19110592
2026-07-21,KO,-0.2044931
2026-07-22,KO,-0.2071904
2026-07-23,KO,-0.21513599
2026-07-24,KO,-0.21059102
2026-07-27,KO,-0.20600474
2026-07-28,KO,-0.12883838
2026-07-29,KO,-0.10441113
2026-07-30,KO,-0.10759475
2026-07-31,KO,-0.14994268
2026-05-20,LHX,-0.091845244
2026-05-21,LHX,-0.08899344
2026-05-22,LHX,-0.088656664
2026-05-26,LHX,-0.10561886
2026-05-27,LHX,-0.11535877
2026-05-28,LHX,-0.10054179
2026-05-29,LHX,-0.108906545
2026-06-01,LHX,-0.12913801
2026-06-02,LHX,-0.16581084
2026-06-03,LHX,-0.14451109
2026-06-04,LHX,-0.20951307
2026-06-05,LHX,-0.21664287
2026-06-08,LHX,-0.20863807
2026-06-09,LHX,-0.215756
2026-06-10,LHX,-0.21572693
2026-06-11,LHX,-0.21221848
2026-06-12,LHX,-0.21848868
2026-06-15,LHX,-0.21962428
2026-06-16,LHX,-0.21051963
2026-06-17,LHX,-0.21118279
2026-06-18,LHX,-0.16647156
2026-06-22,LHX,-0.08859289
2026-06-23,LHX,-0.14548436
2026-06-24,LHX,-0.11283132
2026-06-25,LHX,-0.121514775
2026-06-26,LHX,-0.13785186
2026-06-29,LHX,-0.12836011
2026-06-30,LHX,-0.14831442
2026-07-01,LHX,-0.15489022
2026-07-02,LHX,-0.18792446
2026-07-06,LHX,-0.19573732
2026-07-07,LHX,-0.17632936
2026-07-08,LHX,-0.181723
2026-07-09,LHX,-0.16854739
2026-07-10,LHX,-0.17755783
2026-07-13,LHX,-0.16268732
2026-07-14,LHX,-0.17430405
2026-07-15,LHX,-0.14977224
2026-07-16,LHX,-0.1179738
2026-07-17,LHX,-0.103006065
2026-07-20,LHX,-0.106363796
2026-07-21,LHX,-0.08828472
2026-07-22,LHX,-0.12665911
2026-07-23,LHX,-0.14507358
2026-07-24,LHX,-0.15059462
2026-07-27,LHX,-0.15423544
2026-07-28,LHX,-0.14924063
2026-07-29,LHX,-0.16410269
2026-07-30,LHX,-0.05335186
2026-07-31,LHX,-0.025803827
2026-05-20,LITE,0.27304283
2026-05-21,LITE,0.36556518
2026-05-22,LITE,0.30938342
2026-05-26,LITE,0.3603141
2026-05-27,LITE,0.2988995
2026-05-28,LITE,0.26515508
2026-05-29,LITE,0.24989234
2026-06-01,LITE,0.1833182
2026-06-02,LITE,0.3161287
2026-06-03,LITE,0.15775508
2026-06-04,LITE,0.19632828
2026-06-05,LITE,0.1066432
2026-06-08,LITE,0.09250846
2026-06-09,LITE,0.082452476
2026-06-10,LITE,0.09696197
2026-06-11,LITE,0.06973593
2026-06-12,LITE,0.045965984
2026-06-15,LITE,0.018537492
2026-06-16,LITE,0.04545774
2026-06-17,LITE,0.050553992
2026-06-18,LITE,0.059872154
2026-06-22,LITE,0.06255893
2026-06-23,LITE,0.08921335
2026-06-24,LITE,0.056599367
2026-06-25,LITE,0.06081124
2026-06-26,LITE,0.08860266
2026-06-29,LITE,0.050885856
2026-06-30,LITE,0.049908053
2026-07-01,LITE,0.11275024
2026-07-02,LITE,0.041088123
2026-07-06,LITE,0.10687848
2026-07-07,LITE,0.115783155
2026-07-08,LITE,0.10019345
2026-07-09,LITE,0.11106392
2026-07-10,LITE,0.119423084
2026-07-13,LITE,0.11080424
2026-07-14,LITE,0.13685171
2026-07-15,LITE,0.11724866
2026-07-16,LITE,0.12094847
2026-07-17,LITE,0.11506313
2026-07-20,LITE,0.14000802
2026-07-21,LITE,0.1308227
2026-07-22,LITE,0.114347875
2026-07-23,LITE,0.13942586
2026-07-24,LITE,0.115609966
2026-07-27,LITE,0.12785201
2026-07-28,LITE,0.19984384
2026-07-29,LITE,0.31749055
2026-07-30,LITE,0.13569003
2026-07-31,LITE,0.12380766
2026-05-20,LLY,-0.16516264
2026-05-21,LLY,-0.13537468
2026-05-22,LLY,-0.13136853
2026-05-26,LLY,-0.13020329
2026-05-27,LLY,-0.11932673
2026-05-28,LLY,-0.09294319
2026-05-29,LLY,-0.114007436
2026-06-01,LLY,-0.11090817
2026-06-02,LLY,-0.10065931
2026-06-03,LLY,-0.10982651
2026-06-04,LLY,-0.08916233
2026-06-05,LLY,-0.06674496
2026-06-08,LLY,-0.041357804
2026-06-09,LLY,-0.05198669
2026-06-10,LLY,-0.09309545
2026-06-11,LLY,-0.041551348
2026-06-12,LLY,-0.08307206
2026-06-15,LLY,-0.082811005
2026-06-16,LLY,-0.08103086
2026-06-17,LLY,-0.07953302
2026-06-18,LLY,-0.061092854
2026-06-22,LLY,-0.062216733
2026-06-23,LLY,-0.05909876
2026-06-24,LLY,-0.07727023
2026-06-25,LLY,-0.08307246
2026-06-26,LLY,-0.03801049
2026-06-29,LLY,-0.0406438
2026-06-30,LLY,-0.035983726
2026-07-01,LLY,-0.02656421
2026-07-02,LLY,-0.024326807
2026-07-06,LLY,-0.038585063
2026-07-07,LLY,-0.035043105
2026-07-08,LLY,-0.039353132
2026-07-09,LLY,-0.037753377
2026-07-10,LLY,-0.059578206
2026-07-13,LLY,-0.042119473
2026-07-14,LLY,-0.013377301
2026-07-15,LLY,-0.030918567
2026-07-16,LLY,-0.026156448
2026-07-17,LLY,-0.037038494
2026-07-20,LLY,-0.03529877
2026-07-21,LLY,-0.034138482
2026-07-22,LLY,-0.045779113
2026-07-23,LLY,-0.05416875
2026-07-24,LLY,-0.06356921
2026-07-27,LLY,-0.075790375
2026-07-28,LLY,-0.07779655
2026-07-29,LLY,-0.08087573
2026-07-30,LLY,-0.06312569
2026-07-31,LLY,-0.07589795
2026-05-20,LMT,-0.05460146
2026-05-21,LMT,-0.061705213
2026-05-22,LMT,-0.030713946
2026-05-26,LMT,-0.07294984
2026-05-27,LMT,-0.06414473
2026-05-28,LMT,-0.08668041
2026-05-29,LMT,-0.08892163
2026-06-01,LMT,-0.04801811
2026-06-02,LMT,-0.15228646
2026-06-03,LMT,-0.06929333
2026-06-04,LMT,-0.18841851
2026-06-05,LMT,-0.19880067
2026-06-08,LMT,-0.20648682
2026-06-09,LMT,-0.20626034
2026-06-10,LMT,-0.2090999
2026-06-11,LMT,-0.18714575
2026-06-12,LMT,-0.19513266
2026-06-15,LMT,-0.19872826
2026-06-16,LMT,-0.19654374
2026-06-17,LMT,-0.20145027
2026-06-18,LMT,-0.15922476
2026-06-22,LMT,-0.025428712
2026-06-23,LMT,-0.14482768
2026-06-24,LMT,-0.010348423
2026-06-25,LMT,-0.13378304
2026-06-26,LMT,-0.14572167
2026-06-29,LMT,-0.13182248
2026-06-30,LMT,-0.16160609
2026-07-01,LMT,-0.19784719
2026-07-02,LMT,-0.16209055
2026-07-06,LMT,-0.16277699
2026-07-07,LMT,-0.16352277
2026-07-08,LMT,-0.18247099
2026-07-09,LMT,-0.18440771
2026-07-10,LMT,-0.19110835
2026-07-13,LMT,-0.18938343
2026-07-14,LMT,-0.17156307
2026-07-15,LMT,-0.1755215
2026-07-16,LMT,-0.17572801
2026-07-17,LMT,-0.18093447
2026-07-20,LMT,-0.17447877
2026-07-21,LMT,-0.1650103
2026-07-22,LMT,-0.17130758
2026-07-23,LMT,-0.11440423
2026-07-24,LMT,-0.10623851
2026-07-27,LMT,-0.11250133
2026-07-28,LMT,-0.1084344
2026-07-29,LMT,-0.13415872
2026-07-30,LMT,-0.13477522
2026-07-31,LMT,-0.13064642
2026-05-20,LOW,-0.0024297151
2026-05-21,LOW,-0.04922381
2026-05-22,LOW,-0.06622097
2026-05-26,LOW,-0.07569937
2026-05-27,LOW,-0.075564
2026-05-28,LOW,-0.06264872
2026-05-29,LOW,-0.085467696
2026-06-01,LOW,-0.082243204
2026-06-02,LOW,-0.061679866
2026-06-03,LOW,-0.066125385
2026-06-04,LOW,-0.0900869
2026-06-05,LOW,-0.09174486
2026-06-08,LOW,-0.08482046
2026-06-09,LOW,-0.058435943
2026-06-10,LOW,-0.17587738
2026-06-11,LOW,-0.14412038
2026-06-12,LOW,-0.15142931
2026-06-15,LOW,-0.1637525
2026-06-16,LOW,-0.17293733
2026-06-17,LOW,-0.17368849
2026-06-18,LOW,-0.17790382
2026-06-22,LOW,-0.16306998
2026-06-23,LOW,-0.15986605
2026-06-24,LOW,-0.18547113
2026-06-25,LOW,-0.18637256
2026-06-26,LOW,-0.19003344
2026-06-29,LOW,-0.1867897
2026-06-30,LOW,-0.18818079
2026-07-01,LOW,-0.19111155
2026-07-02,LOW,-0.18949145
2026-07-06,LOW,-0.1893968
2026-07-07,LOW,-0.19276397
2026-07-08,LOW,-0.16090351
2026-07-09,LOW,-0.16595787
2026-07-10,LOW,-0.15986352
2026-07-13,LOW,-0.14433645
2026-07-14,LOW,-0.15323482
2026-07-15,LOW,-0.15934569
2026-07-16,LOW,-0.17946762
2026-07-17,LOW,-0.15795268
2026-07-20,LOW,-0.10632118
2026-07-21,LOW,-0.10437539
2026-07-22,LOW,-0.112348475
2026-07-23,LOW,-0.08333563
2026-07-24,LOW,-0.15188664
2026-07-27,LOW,-0.14882731
2026-07-28,LOW,-0.15083422
2026-07-29,LOW,-0.1442015
2026-07-30,LOW,-0.16328721
2026-07-31,LOW,-0.1392077
2026-05-20,LRCX,0.019790836
2026-05-21,LRCX,0.115196265
2026-05-22,LRCX,0.123894595
2026-05-26,LRCX,0.20983405
2026-05-27,LRCX,0.2327619
2026-05-28,LRCX,0.24096465
2026-05-29,LRCX,0.24737044
2026-06-01,LRCX,0.25783262
2026-06-02,LRCX,0.36090478
2026-06-03,LRCX,0.2715894
2026-06-04,LRCX,0.2604727
2026-06-05,LRCX,0.11262277
2026-06-08,LRCX,0.31991735
2026-06-09,LRCX,0.30705374
2026-06-10,LRCX,0.21979485
2026-06-11,LRCX,0.19800074
2026-06-12,LRCX,0.29701623
2026-06-15,LRCX,0.2758632
2026-06-16,LRCX,0.2869502
2026-06-17,LRCX,0.26906383
2026-06-18,LRCX,0.2553846
2026-06-22,LRCX,0.32377878
2026-06-23,LRCX,0.33729875
2026-06-24,LRCX,0.36032638
2026-06-25,LRCX,0.3092234
2026-06-26,LRCX,0.29659083
2026-06-29,LRCX,0.32315162
2026-06-30,LRCX,0.27673522
2026-07-01,LRCX,0.26877096
2026-07-02,LRCX,0.10314378
2026-07-06,LRCX,0.10352945
2026-07-07,LRCX,0.083841406
2026-07-08,LRCX,0.06858984
2026-07-09,LRCX,0.074283004
2026-07-10,LRCX,0.07284235
2026-07-13,LRCX,0.08394817
2026-07-14,LRCX,0.05913739
2026-07-15,LRCX,0.046600018
2026-07-16,LRCX,0.08885074
2026-07-17,LRCX,0.09658166
2026-07-20,LRCX,0.018695388
2026-07-21,LRCX,0.0911074
2026-07-22,LRCX,0.062673695
2026-07-23,LRCX,0.085937075
2026-07-24,LRCX,0.046214744
2026-07-27,LRCX,0.031001568
2026-07-28,LRCX,0.024701705
2026-07-29,LRCX,0.007740783
2026-07-30,LRCX,0.025804
2026-07-31,LRCX,0.013813344
2026-05-20,MA,-0.20853694
2026-05-21,MA,-0.20908351
2026-05-22,MA,-0.20862801
2026-05-26,MA,-0.20237176
2026-05-27,MA,-0.2124617
2026-05-28,MA,-0.22296876
2026-05-29,MA,-0.22151959
2026-06-01,MA,-0.23123534
2026-06-02,MA,-0.17634632
2026-06-03,MA,-0.13486081
2026-06-04,MA,-0.1913857
2026-06-05,MA,-0.19136332
2026-06-08,MA,-0.19643755
2026-06-09,MA,-0.17752083
2026-06-10,MA,-0.20244177
2026-06-11,MA,-0.21516281
2026-06-12,MA,-0.21030055
2026-06-15,MA,-0.21166523
2026-06-16,MA,-0.20265275
2026-06-17,MA,-0.21611045
2026-06-18,MA,-0.21678473
2026-06-22,MA,-0.22439606
2026-06-23,MA,-0.21695791
2026-06-24,MA,-0.21705227
2026-06-25,MA,-0.21683425
2026-06-26,MA,-0.20913748
2026-06-29,MA,-0.2027146
2026-06-30,MA,-0.19464242
2026-07-01,MA,-0.17175718
2026-07-02,MA,-0.13365038
2026-07-06,MA,-0.1542152
2026-07-07,MA,-0.17609602
2026-07-08,MA,-0.18635179
2026-07-09,MA,-0.18631871
2026-07-10,MA,-0.18728717
2026-07-13,MA,-0.170609
2026-07-14,MA,-0.17214084
2026-07-15,MA,-0.17869502
2026-07-16,MA,-0.14397979
2026-07-17,MA,-0.16251642
2026-07-20,MA,-0.15565099
2026-07-21,MA,-0.16971593
2026-07-22,MA,-0.1877588
2026-07-23,MA,-0.1900325
2026-07-24,MA,-0.17124285
2026-07-27,MA,-0.15738416
2026-07-28,MA,-0.13051157
2026-07-29,MA,-0.12915923
2026-07-30,MA,-0.112878025
2026-07-31,MA,-0.12747271
2026-05-20,MCD,-0.1602676
2026-05-21,MCD,-0.17396988
2026-05-22,MCD,-0.18844466
2026-05-26,MCD,-0.21644902
2026-05-27,MCD,-0.18807425
2026-05-28,MCD,-0.16050677
2026-05-29,MCD,-0.17336707
2026-06-01,MCD,-0.1562566
2026-06-02,MCD,-0.20237498
2026-06-03,MCD,-0.17032902
2026-06-04,MCD,-0.16449319
2026-06-05,MCD,-0.21535449
2026-06-08,MCD,-0.22556697
2026-06-09,MCD,-0.21848683
2026-06-10,MCD,-0.21821253
2026-06-11,MCD,-0.21668772
2026-06-12,MCD,-0.22155209
2026-06-15,MCD,-0.22009666
2026-06-16,MCD,-0.22101605
2026-06-17,MCD,-0.22785461
2026-06-18,MCD,-0.22683108
2026-06-22,MCD,-0.1997522
2026-06-23,MCD,-0.20567627
2026-06-24,MCD,-0.22700864
2026-06-25,MCD,-0.18228321
2026-06-26,MCD,-0.20285858
2026-06-29,MCD,-0.19288059
2026-06-30,MCD,-0.20417118
2026-07-01,MCD,-0.20518057
2026-07-02,MCD,-0.20098297
2026-07-06,MCD,-0.21639542
2026-07-07,MCD,-0.20870118
2026-07-08,MCD,-0.21077597
2026-07-09,MCD,-0.20950194
2026-07-10,MCD,-0.22036047
2026-07-13,MCD,-0.21434353
2026-07-14,MCD,-0.19623087
2026-07-15,MCD,-0.17448051
2026-07-16,MCD,-0.21998565
2026-07-17,MCD,-0.19265932
2026-07-20,MCD,-0.19172883
2026-07-21,MCD,-0.17461805
2026-07-22,MCD,-0.17978351
2026-07-23,MCD,-0.16719882
2026-07-24,MCD,-0.1952411
2026-07-27,MCD,-0.21335232
2026-07-28,MCD,-0.20842242
2026-07-29,MCD,-0.20818542
2026-07-30,MCD,-0.20392255
2026-07-31,MCD,-0.21297066
2026-05-20,MCHP,0.2575281
2026-05-21,MCHP,0.16809167
2026-05-22,MCHP,0.34015703
2026-05-26,MCHP,0.2952144
2026-05-27,MCHP,0.32878458
2026-05-28,MCHP,0.31561708
2026-05-29,MCHP,0.2843187
2026-06-01,MCHP,0.15514885
2026-06-02,MCHP,0.24375129
2026-06-03,MCHP,0.18296754
2026-06-04,MCHP,0.095214725
2026-06-05,MCHP,0.11507576
2026-06-08,MCHP,0.15475605
2026-06-09,MCHP,0.15628287
2026-06-10,MCHP,0.1215412
2026-06-11,MCHP,0.14302318
2026-06-12,MCHP,0.040076986
2026-06-15,MCHP,0.005488232
2026-06-16,MCHP,0.032248426
2026-06-17,MCHP,0.058580946
2026-06-18,MCHP,-0.02662653
2026-06-22,MCHP,0.032058325
2026-06-23,MCHP,0.10839803
2026-06-24,MCHP,0.050193366
2026-06-25,MCHP,0.047953974
2026-06-26,MCHP,0.097613215
2026-06-29,MCHP,0.09466114
2026-06-30,MCHP,0.09011886
2026-07-01,MCHP,0.053871516
2026-07-02,MCHP,0.02226998
2026-07-06,MCHP,0.02810614
2026-07-07,MCHP,0.025342
2026-07-08,MCHP,0.0067001525
2026-07-09,MCHP,0.039412048
2026-07-10,MCHP,0.03871074
2026-07-13,MCHP,0.008322959
2026-07-14,MCHP,0.024666758
2026-07-15,MCHP,0.01626966
2026-07-16,MCHP,0.06812202
2026-07-17,MCHP,0.08971817
2026-07-20,MCHP,0.09511802
2026-07-21,MCHP,0.06223804
2026-07-22,MCHP,0.060137887
2026-07-23,MCHP,0.09416329
2026-07-24,MCHP,0.10832363
2026-07-27,MCHP,0.12944669
2026-07-28,MCHP,0.13769409
2026-07-29,MCHP,0.13943577
2026-07-30,MCHP,0.14551644
2026-07-31,MCHP,0.16299544
2026-05-20,MDB,0.14402252
2026-05-21,MDB,0.025556901
2026-05-22,MDB,0.10154742
2026-05-26,MDB,-0.0031760742
2026-05-27,MDB,-0.023791669
2026-05-28,MDB,0.070189394
2026-05-29,MDB,0.09777025
2026-06-01,MDB,0.0627738
2026-06-02,MDB,0.073128976
2026-06-03,MDB,0.100582875
2026-06-04,MDB,0.0671967
2026-06-05,MDB,0.0859389
2026-06-08,MDB,0.06969873
2026-06-09,MDB,0.111596234
2026-06-10,MDB,0.1551676
2026-06-11,MDB,0.13490675
2026-06-12,MDB,0.11694499
2026-06-15,MDB,0.15418021
2026-06-16,MDB,0.19169481
2026-06-17,MDB,0.1453439
2026-06-18,MDB,0.07458695
2026-06-22,MDB,0.026925763
2026-06-23,MDB,0.07963355
2026-06-24,MDB,0.06104617
2026-06-25,MDB,0.06715046
2026-06-26,MDB,0.03849144
2026-06-29,MDB,0.08327263
2026-06-30,MDB,0.1439567
2026-07-01,MDB,0.09724045
2026-07-02,MDB,0.055883747
2026-07-06,MDB,0.08180675
2026-07-07,MDB,0.101623796
2026-07-08,MDB,0.06493572
2026-07-09,MDB,0.059274673
2026-07-10,MDB,0.02869994
2026-07-13,MDB,0.03651126
2026-07-14,MDB,0.055584818
2026-07-15,MDB,0.031376883
2026-07-16,MDB,0.041866753
2026-07-17,MDB,0.044445742
2026-07-20,MDB,0.034885373
2026-07-21,MDB,0.05267267
2026-07-22,MDB,0.062645786
2026-07-23,MDB,0.058570147
2026-07-24,MDB,0.05500847
2026-07-27,MDB,0.058981318
2026-07-28,MDB,0.071413174
2026-07-29,MDB,0.055906843
2026-07-30,MDB,0.052516326
2026-07-31,MDB,-0.029524887
2026-05-20,MDT,-0.07115221
2026-05-21,MDT,-0.0814924
2026-05-22,MDT,-0.10772285
2026-05-26,MDT,-0.085705936
2026-05-27,MDT,-0.05225268
2026-05-28,MDT,-0.070277564
2026-05-29,MDT,-0.04171182
2026-06-01,MDT,-0.09516554
2026-06-02,MDT,-0.102548815
2026-06-03,MDT,-0.17483652
2026-06-04,MDT,-0.16243239
2026-06-05,MDT,-0.1629731
2026-06-08,MDT,-0.16405855
2026-06-09,MDT,-0.15832631
2026-06-10,MDT,-0.18629237
2026-06-11,MDT,-0.18953703
2026-06-12,MDT,-0.19463094
2026-06-15,MDT,-0.1915586
2026-06-16,MDT,-0.19511022
2026-06-17,MDT,-0.16878544
2026-06-18,MDT,-0.18550009
2026-06-22,MDT,-0.18481319
2026-06-23,MDT,-0.1960678
2026-06-24,MDT,-0.20034985
2026-06-25,MDT,-0.19692819
2026-06-26,MDT,-0.19943917
2026-06-29,MDT,-0.1987857
2026-06-30,MDT,-0.1841144
2026-07-01,MDT,-0.18824054
2026-07-02,MDT,-0.16849285
2026-07-06,MDT,-0.17350082
2026-07-07,MDT,-0.16644132
2026-07-08,MDT,-0.18363738
2026-07-09,MDT,-0.18439806
2026-07-10,MDT,-0.19006926
2026-07-13,MDT,-0.1900168
2026-07-14,MDT,-0.12313622
2026-07-15,MDT,-0.13703087
2026-07-16,MDT,-0.18495499
2026-07-17,MDT,-0.19571799
2026-07-20,MDT,-0.18928142
2026-07-21,MDT,-0.19097443
2026-07-22,MDT,-0.19034064
2026-07-23,MDT,-0.1903451
2026-07-24,MDT,-0.19711739
2026-07-27,MDT,-0.18163554
2026-07-28,MDT,-0.12833619
2026-07-29,MDT,-0.12875436
2026-07-30,MDT,-0.15805715
2026-07-31,MDT,-0.15749162
2026-05-20,META,-0.051599715
2026-05-21,META,-0.050130635
2026-05-22,META,-0.06383561
2026-05-26,META,-0.06408372
2026-05-27,META,-0.10665327
2026-05-28,META,-0.1137486
2026-05-29,META,-0.15859048
2026-06-01,META,-0.0707846
2026-06-02,META,-0.06319899
2026-06-03,META,-0.17279007
2026-06-04,META,-0.16936179
2026-06-05,META,-0.0545363
2026-06-08,META,-0.05959904
2026-06-09,META,-0.052147243
2026-06-10,META,-0.048781157
2026-06-11,META,-0.044371933
2026-06-12,META,-0.039563376
2026-06-15,META,-0.1010677
2026-06-16,META,-0.092042245
2026-06-17,META,-0.031219931
2026-06-18,META,-0.090034
2026-06-22,META,-0.02990619
2026-06-23,META,-0.022923842
2026-06-24,META,-0.0284692
2026-06-25,META,-0.042239744
2026-06-26,META,-0.07358538
2026-06-29,META,-0.07574185
2026-06-30,META,-0.08111326
2026-07-01,META,-0.118320554
2026-07-02,META,-0.06246744
2026-07-06,META,-0.12683785
2026-07-07,META,-0.13999496
2026-07-08,META,-0.1588971
2026-07-09,META,-0.1310639
2026-07-10,META,-0.08436672
2026-07-13,META,-0.102451004
2026-07-14,META,-0.096994646
2026-07-15,META,-0.105683684
2026-07-16,META,-0.12786816
2026-07-17,META,-0.115872644
2026-07-20,META,-0.11293789
2026-07-21,META,-0.10554602
2026-07-22,META,-0.08554677
2026-07-23,META,0.02284134
2026-07-24,META,0.032290686
2026-07-27,META,0.031329885
2026-07-28,META,0.038543433
2026-07-29,META,0.023654262
2026-07-30,META,0.013349533
2026-07-31,META,0.018134087
2026-05-20,MMM,-0.19525892
2026-05-21,MMM,-0.19851808
2026-05-22,MMM,-0.1961766
2026-05-26,MMM,-0.19761388
2026-05-27,MMM,-0.19336708
2026-05-28,MMM,-0.19600947
2026-05-29,MMM,-0.1968171
2026-06-01,MMM,-0.20013815
2026-06-02,MMM,-0.20258582
2026-06-03,MMM,-0.20636892
2026-06-04,MMM,-0.20346355
2026-06-05,MMM,-0.20097816
2026-06-08,MMM,-0.20082061
2026-06-09,MMM,-0.1904521
2026-06-10,MMM,-0.17669384
2026-06-11,MMM,-0.17301542
2026-06-12,MMM,-0.16010629
2026-06-15,MMM,-0.16234435
2026-06-16,MMM,-0.1242494
2026-06-17,MMM,-0.16823705
2026-06-18,MMM,-0.16136347
2026-06-22,MMM,-0.15415603
2026-06-23,MMM,-0.16319942
2026-06-24,MMM,-0.11721931
2026-06-25,MMM,-0.111229956
2026-06-26,MMM,-0.12837587
2026-06-29,MMM,-0.14011534
2026-06-30,MMM,-0.14886796
2026-07-01,MMM,-0.13892935
2026-07-02,MMM,-0.1442434
2026-07-06,MMM,-0.129206
2026-07-07,MMM,-0.14173593
2026-07-08,MMM,-0.13857687
2026-07-09,MMM,-0.13686252
2026-07-10,MMM,-0.15345226
2026-07-13,MMM,-0.16451587
2026-07-14,MMM,-0.16539605
2026-07-15,MMM,-0.16433105
2026-07-16,MMM,-0.1491695
2026-07-17,MMM,-0.14193273
2026-07-20,MMM,-0.14969952
2026-07-21,MMM,-0.08757257
2026-07-22,MMM,-0.083478115
2026-07-23,MMM,-0.08929351
2026-07-24,MMM,-0.08402607
2026-07-27,MMM,-0.0467981
2026-07-28,MMM,-0.029014861
2026-07-29,MMM,-0.036503606
2026-07-30,MMM,-0.029455684
2026-07-31,MMM,-0.030834677
2026-05-20,MO,-0.16308628
2026-05-21,MO,-0.16320664
2026-05-22,MO,-0.15885101
2026-05-26,MO,-0.1587811
2026-05-27,MO,-0.1784695
2026-05-28,MO,-0.17423953
2026-05-29,MO,-0.13030656
2026-06-01,MO,-0.12970243
2026-06-02,MO,-0.13019635
2026-06-03,MO,-0.16089423
2026-06-04,MO,-0.18148386
2026-06-05,MO,-0.15277582
2026-06-08,MO,-0.17429268
2026-06-09,MO,-0.17311247
2026-06-10,MO,-0.15483154
2026-06-11,MO,-0.1784312
2026-06-12,MO,-0.1776578
2026-06-15,MO,-0.16128154
2026-06-16,MO,-0.18876593
2026-06-17,MO,-0.15189278
2026-06-18,MO,-0.14693998
2026-06-22,MO,-0.14348638
2026-06-23,MO,-0.1522016
2026-06-24,MO,-0.14227128
2026-06-25,MO,-0.10077102
2026-06-26,MO,-0.04025888
2026-06-29,MO,-0.033219036
2026-06-30,MO,-0.0752203
2026-07-01,MO,-0.16292082
2026-07-02,MO,-0.072599165
2026-07-06,MO,-0.16159324
2026-07-07,MO,-0.1576202
2026-07-08,MO,-0.16390358
2026-07-09,MO,-0.16621694
2026-07-10,MO,-0.0793513
2026-07-13,MO,-0.056968827
2026-07-14,MO,-0.069897644
2026-07-15,MO,-0.058305252
2026-07-16,MO,-0.051427696
2026-07-17,MO,-0.048386846
2026-07-20,MO,-0.048009977
2026-07-21,MO,-0.07446529
2026-07-22,MO,-0.07796655
2026-07-23,MO,-0.08357391
2026-07-24,MO,-0.08157895
2026-07-27,MO,-0.17422712
2026-07-28,MO,-0.15810955
2026-07-29,MO,-0.1574828
2026-07-30,MO,-0.112505466
2026-07-31,MO,-0.084899925
2026-05-20,MPWR,0.31199864
2026-05-21,MPWR,0.30170956
2026-05-22,MPWR,0.25597712
2026-05-26,MPWR,0.27789757
2026-05-27,MPWR,0.252637
2026-05-28,MPWR,0.2435587
2026-05-29,MPWR,0.24764808
2026-06-01,MPWR,0.2634887
2026-06-02,MPWR,0.24334085
2026-06-03,MPWR,0.2503965
2026-06-04,MPWR,0.25855136
2026-06-05,MPWR,0.14072774
2026-06-08,MPWR,0.2598599
2026-06-09,MPWR,0.20162286
2026-06-10,MPWR,0.14947766
2026-06-11,MPWR,0.23244083
2026-06-12,MPWR,0.2565572
2026-06-15,MPWR,0.21424621
2026-06-16,MPWR,0.16401926
2026-06-17,MPWR,0.106719434
2026-06-18,MPWR,0.16725065
2026-06-22,MPWR,0.09913981
2026-06-23,MPWR,0.0966275
2026-06-24,MPWR,0.09563801
2026-06-25,MPWR,0.12785888
2026-06-26,MPWR,0.042254854
2026-06-29,MPWR,0.06049191
2026-06-30,MPWR,0.063685365
2026-07-01,MPWR,0.0606463
2026-07-02,MPWR,0.08742419
2026-07-06,MPWR,0.047322858
2026-07-07,MPWR,0.0988698
2026-07-08,MPWR,0.111189805
2026-07-09,MPWR,0.07720637
2026-07-10,MPWR,0.061278645
2026-07-13,MPWR,0.10085087
2026-07-14,MPWR,0.06991967
2026-07-15,MPWR,0.07460417
2026-07-16,MPWR,0.1017226
2026-07-17,MPWR,0.10586824
2026-07-20,MPWR,0.0895597
2026-07-21,MPWR,0.06434829
2026-07-22,MPWR,0.049649615
2026-07-23,MPWR,0.046010274
2026-07-24,MPWR,0.06294914
2026-07-27,MPWR,0.023351135
2026-07-28,MPWR,0.09342488
2026-07-29,MPWR,0.10407571
2026-07-30,MPWR,0.0765227
2026-07-31,MPWR,-0.02204444
2026-05-20,MRK,-0.206778
2026-05-21,MRK,-0.19999295
2026-05-22,MRK,-0.15509556
2026-05-26,MRK,-0.16750197
2026-05-27,MRK,-0.16801395
2026-05-28,MRK,-0.16720296
2026-05-29,MRK,-0.19276465
2026-06-01,MRK,-0.15755826
2026-06-02,MRK,-0.15747565
2026-06-03,MRK,-0.16416347
2026-06-04,MRK,-0.19304007
2026-06-05,MRK,-0.18735217
2026-06-08,MRK,-0.19633847
2026-06-09,MRK,-0.19811355
2026-06-10,MRK,-0.19958603
2026-06-11,MRK,-0.19801736
2026-06-12,MRK,-0.20259042
2026-06-15,MRK,-0.17656
2026-06-16,MRK,-0.17565675
2026-06-17,MRK,-0.16732831
2026-06-18,MRK,-0.16470823
2026-06-22,MRK,-0.1746276
2026-06-23,MRK,-0.17503418
2026-06-24,MRK,-0.170829
2026-06-25,MRK,-0.12923731
2026-06-26,MRK,-0.11744983
2026-06-29,MRK,-0.11964635
2026-06-30,MRK,-0.12082839
2026-07-01,MRK,-0.14532374
2026-07-02,MRK,-0.1388594
2026-07-06,MRK,-0.14832038
2026-07-07,MRK,-0.14711751
2026-07-08,MRK,-0.16541101
2026-07-09,MRK,-0.1622115
2026-07-10,MRK,-0.16923916
2026-07-13,MRK,-0.1590181
2026-07-14,MRK,-0.118743636
2026-07-15,MRK,-0.16573258
2026-07-16,MRK,-0.13339268
2026-07-17,MRK,-0.13255444
2026-07-20,MRK,-0.1110877
2026-07-21,MRK,-0.1300769
2026-07-22,MRK,-0.12506388
2026-07-23,MRK,-0.11969539
2026-07-24,MRK,-0.08648043
2026-07-27,MRK,-0.11656832
2026-07-28,MRK,-0.092384875
2026-07-29,MRK,-0.115555815
2026-07-30,MRK,-0.11978543
2026-07-31,MRK,-0.1210384
2026-05-20,MRVL,0.226359
2026-05-21,MRVL,0.19288343
2026-05-22,MRVL,0.17922063
2026-05-26,MRVL,0.12712577
2026-05-27,MRVL,0.19989307
2026-05-28,MRVL,0.20938712
2026-05-29,MRVL,0.17355108
2026-06-01,MRVL,0.14188427
2026-06-02,MRVL,0.28524828
2026-06-03,MRVL,0.26408508
2026-06-04,MRVL,0.2712453
2026-06-05,MRVL,0.067844115
2026-06-08,MRVL,0.12396121
2026-06-09,MRVL,0.10228164
2026-06-10,MRVL,0.058460843
2026-06-11,MRVL,0.117471196
2026-06-12,MRVL,0.18443328
2026-06-15,MRVL,0.13523334
2026-06-16,MRVL,0.122009136
2026-06-17,MRVL,0.13763505
2026-06-18,MRVL,0.13334729
2026-06-22,MRVL,0.16679941
2026-06-23,MRVL,0.20482896
2026-06-24,MRVL,0.20831037
2026-06-25,MRVL,0.1820525
2026-06-26,MRVL,0.16965103
2026-06-29,MRVL,0.18226707
2026-06-30,MRVL,0.19266438
2026-07-01,MRVL,0.0809109
2026-07-02,MRVL,0.11129684
2026-07-06,MRVL,0.119128235
2026-07-07,MRVL,0.20384313
2026-07-08,MRVL,0.2014308
2026-07-09,MRVL,0.16894425
2026-07-10,MRVL,0.15119444
2026-07-13,MRVL,0.15106748
2026-07-14,MRVL,0.14304335
2026-07-15,MRVL,0.0588226
2026-07-16,MRVL,0.06228946
2026-07-17,MRVL,0.23259942
2026-07-20,MRVL,0.21029232
2026-07-21,MRVL,0.018771853
2026-07-22,MRVL,0.062435944
2026-07-23,MRVL,0.06261217
2026-07-24,MRVL,0.055372257
2026-07-27,MRVL,0.058660567
2026-07-28,MRVL,0.22952886
2026-07-29,MRVL,0.20052755
2026-07-30,MRVL,0.032886084
2026-07-31,MRVL,0.0597212
2026-05-20,MS,-0.0141465515
2026-05-21,MS,-0.016728433
2026-05-22,MS,0.006342326
2026-05-26,MS,-0.0212103
2026-05-27,MS,-0.026535958
2026-05-28,MS,-0.037264157
2026-05-29,MS,-0.026590781
2026-06-01,MS,-0.021805404
2026-06-02,MS,-0.015797446
2026-06-03,MS,-0.012882337
2026-06-04,MS,-0.008488384
2026-06-05,MS,-0.019372707
2026-06-08,MS,-0.022043271
2026-06-09,MS,-0.01726173
2026-06-10,MS,-0.0046341633
2026-06-11,MS,-0.025239378
2026-06-12,MS,-0.023765266
2026-06-15,MS,-0.023347767
2026-06-16,MS,-0.022576937
2026-06-17,MS,-0.016213693
2026-06-18,MS,-0.026797196
2026-06-22,MS,-0.020041421
2026-06-23,MS,-0.017319238
2026-06-24,MS,-0.0071030795
2026-06-25,MS,-0.021775052
2026-06-26,MS,0.010078978
2026-06-29,MS,0.010189988
2026-06-30,MS,0.007432977
2026-07-01,MS,0.0103608845
2026-07-02,MS,0.016442752
2026-07-06,MS,-0.010265592
2026-07-07,MS,-0.023658944
2026-07-08,MS,-0.015313156
2026-07-09,MS,-0.03008478
2026-07-10,MS,-0.02157257
2026-07-13,MS,-0.07657675
2026-07-14,MS,-0.022577042
2026-07-15,MS,-0.024225349
2026-07-16,MS,-0.062349986
2026-07-17,MS,-0.056880083
2026-07-20,MS,-0.081558086
2026-07-21,MS,-0.061107885
2026-07-22,MS,-0.006061759
2026-07-23,MS,-0.06806972
2026-07-24,MS,-0.08403782
2026-07-27,MS,-0.068731636
2026-07-28,MS,-0.08992165
2026-07-29,MS,-0.020454945
2026-07-30,MS,-0.11426413
2026-07-31,MS,-0.120162934
2026-05-20,MSFT,-0.15193172
2026-05-21,MSFT,-0.1550947
2026-05-22,MSFT,-0.15912624
2026-05-26,MSFT,-0.16269638
2026-05-27,MSFT,-0.17460865
2026-05-28,MSFT,-0.16416276
2026-05-29,MSFT,-0.116833426
2026-06-01,MSFT,-0.110760175
2026-06-02,MSFT,-0.11344391
2026-06-03,MSFT,-0.10251141
2026-06-04,MSFT,-0.07853072
2026-06-05,MSFT,-0.055674493
2026-06-08,MSFT,-0.028577054
2026-06-09,MSFT,-0.014129129
2026-06-10,MSFT,-0.030039446
2026-06-11,MSFT,-0.013592534
2026-06-12,MSFT,-0.010012299
2026-06-15,MSFT,-0.014458858
2026-06-16,MSFT,-0.020501575
2026-06-17,MSFT,-0.021149172
2026-06-18,MSFT,-0.027417218
2026-06-22,MSFT,-0.029386088
2026-06-23,MSFT,-0.026761614
2026-06-24,MSFT,-0.012986048
2026-06-25,MSFT,0.06479343
2026-06-26,MSFT,0.045785576
2026-06-29,MSFT,0.0117504895
2026-06-30,MSFT,0.024580859
2026-07-01,MSFT,0.05148417
2026-07-02,MSFT,0.062091377
2026-07-06,MSFT,0.057727855
2026-07-07,MSFT,0.02940397
2026-07-08,MSFT,0.03372084
2026-07-09,MSFT,-0.009929645
2026-07-10,MSFT,-0.025458256
2026-07-13,MSFT,-0.026556907
2026-07-14,MSFT,-0.049620192
2026-07-15,MSFT,-0.048317846
2026-07-16,MSFT,-0.132066
2026-07-17,MSFT,-0.1363768
2026-07-20,MSFT,-0.14438903
2026-07-21,MSFT,-0.18274768
2026-07-22,MSFT,-0.17443462
2026-07-23,MSFT,-0.13790637
2026-07-24,MSFT,-0.1383119
2026-07-27,MSFT,-0.1798272
2026-07-28,MSFT,-0.1852779
2026-07-29,MSFT,-0.1820953
2026-07-30,MSFT,-0.075203985
2026-07-31,MSFT,-0.058427274
2026-05-20,MU,0.054423768
2026-05-21,MU,0.06020711
2026-05-22,MU,0.029388621
2026-05-26,MU,0.1568924
2026-05-27,MU,0.15277202
2026-05-28,MU,0.20157175
2026-05-29,MU,0.20867604
2026-06-01,MU,0.24774428
2026-06-02,MU,0.23464388
2026-06-03,MU,0.27030432
2026-06-04,MU,0.18305917
2026-06-05,MU,0.101440884
2026-06-08,MU,0.19670326
2026-06-09,MU,0.1670648
2026-06-10,MU,0.0017462749
2026-06-11,MU,0.051343363
2026-06-12,MU,-0.03332187
2026-06-15,MU,0.0601358
2026-06-16,MU,0.0720563
2026-06-17,MU,0.24737644
2026-06-18,MU,0.31096438
2026-06-22,MU,0.2319778
2026-06-23,MU,0.26998985
2026-06-24,MU,0.3141062
2026-06-25,MU,0.3320923
2026-06-26,MU,0.36828494
2026-06-29,MU,0.33409336
2026-06-30,MU,0.2509694
2026-07-01,MU,0.12482285
2026-07-02,MU,0.16626848
2026-07-06,MU,0.20150907
2026-07-07,MU,0.23968095
2026-07-08,MU,0.122994535
2026-07-09,MU,0.11430996
2026-07-10,MU,0.116926365
2026-07-13,MU,0.066862166
2026-07-14,MU,0.10612267
2026-07-15,MU,0.11961026
2026-07-16,MU,0.14429672
2026-07-17,MU,0.09612674
2026-07-20,MU,0.11609884
2026-07-21,MU,0.13401149
2026-07-22,MU,0.08576447
2026-07-23,MU,0.13182639
2026-07-24,MU,0.13961647
2026-07-27,MU,0.061833557
2026-07-28,MU,0.10663653
2026-07-29,MU,0.033031087
2026-07-30,MU,0.040923677
2026-07-31,MU,0.021874635
2026-05-20,NEE,-0.1404428
2026-05-21,NEE,-0.16444565
2026-05-22,NEE,-0.14292486
2026-05-26,NEE,-0.116940655
2026-05-27,NEE,-0.12084577
2026-05-28,NEE,-0.091313876
2026-05-29,NEE,-0.09877882
2026-06-01,NEE,-0.08678576
2026-06-02,NEE,-0.09156209
2026-06-03,NEE,-0.0815141
2026-06-04,NEE,-0.09427936
2026-06-05,NEE,-0.09728688
2026-06-08,NEE,-0.08577218
2026-06-09,NEE,-0.09944686
2026-06-10,NEE,-0.103517555
2026-06-11,NEE,-0.10001553
2026-06-12,NEE,-0.11125987
2026-06-15,NEE,-0.15076111
2026-06-16,NEE,-0.16071211
2026-06-17,NEE,-0.16747756
2026-06-18,NEE,-0.20557539
2026-06-22,NEE,-0.18856049
2026-06-23,NEE,-0.20149885
2026-06-24,NEE,-0.20474017
2026-06-25,NEE,-0.2078972
2026-06-26,NEE,-0.20810986
2026-06-29,NEE,-0.21030144
2026-06-30,NEE,-0.21558161
2026-07-01,NEE,-0.22628438
2026-07-02,NEE,-0.21441312
2026-07-06,NEE,-0.216242
2026-07-07,NEE,-0.21705651
2026-07-08,NEE,-0.21611834
2026-07-09,NEE,-0.21567218
2026-07-10,NEE,-0.2161753
2026-07-13,NEE,-0.21655834
2026-07-14,NEE,-0.20245004
2026-07-15,NEE,-0.20795138
2026-07-16,NEE,-0.20607424
2026-07-17,NEE,-0.21302533
2026-07-20,NEE,-0.210175
2026-07-21,NEE,-0.21713369
2026-07-22,NEE,-0.20521839
2026-07-23,NEE,-0.20656389
2026-07-24,NEE,-0.21090484
2026-07-27,NEE,-0.21451128
2026-07-28,NEE,-0.21470445
2026-07-29,NEE,-0.22771378
2026-07-30,NEE,-0.22860987
2026-07-31,NEE,-0.22383533
2026-05-20,NEM,-0.015815973
2026-05-21,NEM,-0.05599333
2026-05-22,NEM,-0.043427512
2026-05-26,NEM,-0.08613851
2026-05-27,NEM,-0.036116038
2026-05-28,NEM,-0.067406066
2026-05-29,NEM,-0.10133911
2026-06-01,NEM,-0.09827658
2026-06-02,NEM,-0.10605591
2026-06-03,NEM,-0.08680395
2026-06-04,NEM,-0.09034727
2026-06-05,NEM,-0.037164044
2026-06-08,NEM,-0.06446616
2026-06-09,NEM,-0.046360444
2026-06-10,NEM,0.04021694
2026-06-11,NEM,0.013480953
2026-06-12,NEM,0.05315092
2026-06-15,NEM,0.019999333
2026-06-16,NEM,-0.02879738
2026-06-17,NEM,0.030320248
2026-06-18,NEM,0.049946558
2026-06-22,NEM,0.03913952
2026-06-23,NEM,0.009843287
2026-06-24,NEM,0.0390792
2026-06-25,NEM,0.007370556
2026-06-26,NEM,-0.014806078
2026-06-29,NEM,0.038064897
2026-06-30,NEM,0.057493616
2026-07-01,NEM,0.055484697
2026-07-02,NEM,0.008333496
2026-07-06,NEM,0.020722715
2026-07-07,NEM,-0.02061513
2026-07-08,NEM,0.05983444
2026-07-09,NEM,-0.022314655
2026-07-10,NEM,-0.006743235
2026-07-13,NEM,0.05281241
2026-07-14,NEM,-0.015601802
2026-07-15,NEM,-0.008986221
2026-07-16,NEM,0.059684794
2026-07-17,NEM,0.089859255
2026-07-20,NEM,0.08175603
2026-07-21,NEM,0.052014906
2026-07-22,NEM,-0.009081862
2026-07-23,NEM,-0.012047027
2026-07-24,NEM,0.03862409
2026-07-27,NEM,0.01763046
2026-07-28,NEM,0.034845207
2026-07-29,NEM,0.03168855
2026-07-30,NEM,-0.02564317
2026-07-31,NEM,0.0004910094
2026-05-20,NET,0.029161965
2026-05-21,NET,0.023250833
2026-05-22,NET,0.001390806
2026-05-26,NET,0.0078043826
2026-05-27,NET,0.024806814
2026-05-28,NET,0.03888793
2026-05-29,NET,0.09337408
2026-06-01,NET,0.10104605
2026-06-02,NET,0.075320095
2026-06-03,NET,0.2273293
2026-06-04,NET,0.24455963
2026-06-05,NET,0.12662323
2026-06-08,NET,0.14000578
2026-06-09,NET,0.0297884
2026-06-10,NET,0.0031689492
2026-06-11,NET,0.019208191
2026-06-12,NET,0.0041350285
2026-06-15,NET,0.046061087
2026-06-16,NET,0.057931516
2026-06-17,NET,0.031122921
2026-06-18,NET,0.02475763
2026-06-22,NET,0.007832472
2026-06-23,NET,0.011740729
2026-06-24,NET,-0.007428788
2026-06-25,NET,0.017778954
2026-06-26,NET,0.03179358
2026-06-29,NET,0.08824887
2026-06-30,NET,0.112318255
2026-07-01,NET,0.10524398
2026-07-02,NET,0.047988653
2026-07-06,NET,0.10977354
2026-07-07,NET,0.14441429
2026-07-08,NET,0.078637764
2026-07-09,NET,0.1468479
2026-07-10,NET,0.03898973
2026-07-13,NET,0.055280525
2026-07-14,NET,0.085054524
2026-07-15,NET,0.10106947
2026-07-16,NET,0.088014364
2026-07-17,NET,0.11175138
2026-07-20,NET,0.10585195
2026-07-21,NET,0.102806054
2026-07-22,NET,0.06012638
2026-07-23,NET,0.02073449
2026-07-24,NET,0.02244623
2026-07-27,NET,0.010952448
2026-07-28,NET,0.020234376
2026-07-29,NET,0.0072973515
2026-07-30,NET,0.119942464
2026-07-31,NET,0.047801275
2026-05-20,NFLX,-0.039826345
2026-05-21,NFLX,-0.062142562
2026-05-22,NFLX,-0.09963897
2026-05-26,NFLX,-0.10877839
2026-05-27,NFLX,-0.10588771
2026-05-28,NFLX,-0.08168305
2026-05-29,NFLX,-0.097662516
2026-06-01,NFLX,-0.110392205
2026-06-02,NFLX,-0.0038309928
2026-06-03,NFLX,0.022158325
2026-06-04,NFLX,0.017132923
2026-06-05,NFLX,0.010693676
2026-06-08,NFLX,-0.011462848
2026-06-09,NFLX,0.022586754
2026-06-10,NFLX,-0.022431334
2026-06-11,NFLX,-0.012684817
2026-06-12,NFLX,-0.004713978
2026-06-15,NFLX,-0.02447778
2026-06-16,NFLX,0.0017156615
2026-06-17,NFLX,0.030267969
2026-06-18,NFLX,0.012714579
2026-06-22,NFLX,0.05227499
2026-06-23,NFLX,0.047350187
2026-06-24,NFLX,0.06595486
2026-06-25,NFLX,0.03103208
2026-06-26,NFLX,0.06023777
2026-06-29,NFLX,0.059344813
2026-06-30,NFLX,0.022367492
2026-07-01,NFLX,-0.0031239325
2026-07-02,NFLX,0.0636122
2026-07-06,NFLX,0.08772168
2026-07-07,NFLX,0.06672045
2026-07-08,NFLX,0.03561003
2026-07-09,NFLX,0.020975947
2026-07-10,NFLX,-0.049262136
2026-07-13,NFLX,-0.029601222
2026-07-14,NFLX,-0.041923568
2026-07-15,NFLX,0.02610042
2026-07-16,NFLX,-0.0960704
2026-07-17,NFLX,0.07717165
2026-07-20,NFLX,0.060835928
2026-07-21,NFLX,0.079440415
2026-07-22,NFLX,0.07444793
2026-07-23,NFLX,0.07968565
2026-07-24,NFLX,0.074298725
2026-07-27,NFLX,0.07544162
2026-07-28,NFLX,0.053331275
2026-07-29,NFLX,-0.067404166
2026-07-30,NFLX,-0.08439034
2026-07-31,NFLX,-0.076852314
2026-05-20,NOW,0.0041064047
2026-05-21,NOW,0.018527677
2026-05-22,NOW,-0.0415177
2026-05-26,NOW,-0.024081647
2026-05-27,NOW,-0.050774936
2026-05-28,NOW,-0.050882023
2026-05-29,NOW,0.17550802
2026-06-01,NOW,0.30795145
2026-06-02,NOW,0.22274208
2026-06-03,NOW,-0.024791174
2026-06-04,NOW,-0.037527587
2026-06-05,NOW,-0.040766556
2026-06-08,NOW,-0.04534365
2026-06-09,NOW,-0.0021770848
2026-06-10,NOW,-0.028878963
2026-06-11,NOW,-0.03926064
2026-06-12,NOW,-0.024902156
2026-06-15,NOW,-0.014703761
2026-06-16,NOW,0.00022136078
2026-06-17,NOW,-0.026250431
2026-06-18,NOW,-0.014035237
2026-06-22,NOW,-0.009125607
2026-06-23,NOW,-0.03313044
2026-06-24,NOW,-0.0042435755
2026-06-25,NOW,0.0077217952
2026-06-26,NOW,-0.011194017
2026-06-29,NOW,0.049388696
2026-06-30,NOW,0.034202132
2026-07-01,NOW,0.023228167
2026-07-02,NOW,0.04166645
2026-07-06,NOW,0.044962984
2026-07-07,NOW,-0.013838716
2026-07-08,NOW,0.029340535
2026-07-09,NOW,-0.008347193
2026-07-10,NOW,0.02889811
2026-07-13,NOW,-0.017023329
2026-07-14,NOW,0.0056903292
2026-07-15,NOW,-0.011826689
2026-07-16,NOW,-0.012719045
2026-07-17,NOW,0.004005145
2026-07-20,NOW,-0.009119737
2026-07-21,NOW,0.002303969
2026-07-22,NOW,-0.002819319
2026-07-23,NOW,-0.0030684425
2026-07-24,NOW,0.010764255
2026-07-27,NOW,-0.024192316
2026-07-28,NOW,-0.07072255
2026-07-29,NOW,-0.056586772
2026-07-30,NOW,-0.04464455
2026-07-31,NOW,-0.06422778
2026-05-20,NVDA,-0.03033402
2026-05-21,NVDA,-0.030185288
2026-05-22,NVDA,-0.029310405
2026-05-26,NVDA,-0.021056503
2026-05-27,NVDA,-0.023242742
2026-05-28,NVDA,-0.016649166
2026-05-29,NVDA,-0.010437153
2026-06-01,NVDA,-0.071537234
2026-06-02,NVDA,-0.05970381
2026-06-03,NVDA,-0.02855218
2026-06-04,NVDA,-0.048028436
2026-06-05,NVDA,0.0031142198
2026-06-08,NVDA,0.011714046
2026-06-09,NVDA,0.011619714
2026-06-10,NVDA,0.0023748458
2026-06-11,NVDA,0.019514294
2026-06-12,NVDA,0.0014907327
2026-06-15,NVDA,-0.01222985
2026-06-16,NVDA,0.003146125
2026-06-17,NVDA,-0.008938998
2026-06-18,NVDA,-0.03803653
2026-06-22,NVDA,-0.03043898
2026-06-23,NVDA,-0.008786947
2026-06-24,NVDA,-0.0044222833
2026-06-25,NVDA,-0.016597996
2026-06-26,NVDA,-0.020128211
2026-06-29,NVDA,-0.04175194
2026-06-30,NVDA,-0.01160504
2026-07-01,NVDA,-0.03702343
2026-07-02,NVDA,-0.035080858
2026-07-06,NVDA,-0.0409884
2026-07-07,NVDA,-0.07172228
2026-07-08,NVDA,-0.029785946
2026-07-09,NVDA,-0.046036363
2026-07-10,NVDA,-0.1215626
2026-07-13,NVDA,-0.023860132
2026-07-14,NVDA,-0.12814945
2026-07-15,NVDA,-0.13914078
2026-07-16,NVDA,-0.17081933
2026-07-17,NVDA,-0.16579734
2026-07-20,NVDA,-0.17802419
2026-07-21,NVDA,-0.18261504
2026-07-22,NVDA,-0.16525881
2026-07-23,NVDA,-0.18283963
2026-07-24,NVDA,-0.19156937
2026-07-27,NVDA,-0.15528257
2026-07-28,NVDA,-0.15596972
2026-07-29,NVDA,-0.100915134
2026-07-30,NVDA,-0.15336369
2026-07-31,NVDA,-0.15021001
2026-05-20,NVO,-0.057633933
2026-05-21,NVO,-0.041958198
2026-05-22,NVO,-0.059405595
2026-05-26,NVO,-0.035658214
2026-05-27,NVO,-0.048963282
2026-05-28,NVO,-0.059924006
2026-05-29,NVO,-0.074994616
2026-06-01,NVO,-0.054364894
2026-06-02,NVO,-0.015112079
2026-06-03,NVO,0.014607594
2026-06-04,NVO,-0.026497586
2026-06-05,NVO,-0.023453308
2026-06-08,NVO,-0.014984827
2026-06-09,NVO,0.0088415565
2026-06-10,NVO,-0.0050774193
2026-06-11,NVO,-0.03471224
2026-06-12,NVO,-0.041700166
2026-06-15,NVO,-0.027756043
2026-06-16,NVO,-0.047043327
2026-06-17,NVO,-0.07527678
2026-06-18,NVO,-0.074924774
2026-06-22,NVO,-0.06515025
2026-06-23,NVO,-0.05355805
2026-06-24,NVO,-0.06320328
2026-06-25,NVO,-0.052991826
2026-06-26,NVO,-0.053656425
2026-06-29,NVO,-0.03895582
2026-06-30,NVO,-0.0628314
2026-07-01,NVO,-0.034884386
2026-07-02,NVO,-0.013714012
2026-07-06,NVO,-0.053854372
2026-07-07,NVO,-0.03729251
2026-07-08,NVO,-0.059946302
2026-07-09,NVO,-0.06687609
2026-07-10,NVO,-0.077790715
2026-07-13,NVO,-0.122968614
2026-07-14,NVO,-0.11999168
2026-07-15,NVO,-0.097639464
2026-07-16,NVO,-0.06152286
2026-07-17,NVO,-0.07410292
2026-07-20,NVO,-0.076502465
2026-07-21,NVO,-0.07876652
2026-07-22,NVO,-0.079764284
2026-05-20,NXPI,0.17854232
2026-05-21,NXPI,0.2069155
2026-05-22,NXPI,0.10784742
2026-05-26,NXPI,0.025771037
2026-05-27,NXPI,0.09161352
2026-05-28,NXPI,0.14586385
2026-05-29,NXPI,0.101322114
2026-06-01,NXPI,0.17560287
2026-06-02,NXPI,0.25848868
2026-06-03,NXPI,0.24017847
2026-06-04,NXPI,0.29558727
2026-06-05,NXPI,0.2592959
2026-06-08,NXPI,0.3380891
2026-06-09,NXPI,0.28026357
2026-06-10,NXPI,0.121143185
2026-06-11,NXPI,0.27673972
2026-06-12,NXPI,0.28093362
2026-06-15,NXPI,0.20171244
2026-06-16,NXPI,0.2779585
2026-06-17,NXPI,0.2497824
2026-06-18,NXPI,0.23616801
2026-06-22,NXPI,0.17595284
2026-06-23,NXPI,0.19268231
2026-06-24,NXPI,0.13705467
2026-06-25,NXPI,0.1480227
2026-06-26,NXPI,0.14919664
2026-06-29,NXPI,0.18991764
2026-06-30,NXPI,0.1822411
2026-07-01,NXPI,0.18054669
2026-07-02,NXPI,0.15987666
2026-07-06,NXPI,0.15536794
2026-07-07,NXPI,0.124852456
2026-07-08,NXPI,0.12459824
2026-07-09,NXPI,0.10933218
2026-07-10,NXPI,0.10463787
2026-07-13,NXPI,0.08794331
2026-07-14,NXPI,0.08175808
2026-07-15,NXPI,0.04041491
2026-07-16,NXPI,-0.0022647174
2026-07-17,NXPI,0.007138561
2026-07-20,NXPI,0.01246811
2026-07-21,NXPI,0.013447251
2026-07-22,NXPI,0.041743815
2026-07-23,NXPI,0.023429021
2026-07-24,NXPI,-0.038734872
2026-07-27,NXPI,-0.0460256
2026-07-28,NXPI,0.067255415
2026-07-29,NXPI,0.09545249
2026-05-20,OKTA,-0.0283873
2026-05-21,OKTA,-0.003462027
2026-05-22,OKTA,-0.02323511
2026-05-26,OKTA,0.0401886
2026-05-27,OKTA,0.008336852
2026-05-28,OKTA,0.06549694
2026-05-29,OKTA,0.10173883
2026-06-01,OKTA,0.07723389
2026-06-02,OKTA,0.06334102
2026-06-03,OKTA,0.059106003
2026-06-04,OKTA,0.15810432
2026-06-05,OKTA,0.13007282
2026-06-08,OKTA,0.16987102
2026-06-09,OKTA,0.21553552
2026-06-10,OKTA,0.23058014
2026-06-11,OKTA,0.19987388
2026-06-12,OKTA,0.20008564
2026-06-15,OKTA,0.23227529
2026-06-16,OKTA,0.25067434
2026-06-17,OKTA,0.19227414
2026-06-18,OKTA,0.3289739
2026-06-22,OKTA,0.24611603
2026-06-23,OKTA,0.23339415
2026-06-24,OKTA,0.28481376
2026-06-25,OKTA,0.23387635
2026-06-26,OKTA,0.18331283
2026-06-29,OKTA,0.26508132
2026-06-30,OKTA,0.23357289
2026-07-01,OKTA,0.31704736
2026-07-02,OKTA,0.30829605
2026-07-06,OKTA,0.28531265
2026-07-07,OKTA,0.336593
2026-07-08,OKTA,0.4274572
2026-07-09,OKTA,0.41877058
2026-07-10,OKTA,0.4519485
2026-07-13,OKTA,0.45946267
2026-07-14,OKTA,0.41632852
2026-07-15,OKTA,0.50503373
2026-07-16,OKTA,0.5166865
2026-07-17,OKTA,0.4363449
2026-07-20,OKTA,0.4110268
2026-07-21,OKTA,0.29499415
2026-07-22,OKTA,0.2868794
2026-05-20,ON,0.3343099
2026-05-21,ON,0.30956694
2026-05-22,ON,0.29457173
2026-05-26,ON,0.30865428
2026-05-27,ON,0.3206719
2026-05-28,ON,0.2759037
2026-05-29,ON,0.29437682
2026-06-01,ON,0.29749402
2026-06-02,ON,0.31041372
2026-06-03,ON,0.23269625
2026-06-04,ON,0.30903304
2026-06-05,ON,0.29211172
2026-06-08,ON,0.34836736
2026-06-09,ON,0.315726
2026-06-10,ON,0.17255104
2026-06-11,ON,0.24569352
2026-06-12,ON,0.22909985
2026-06-15,ON,0.36157584
2026-06-16,ON,0.26663372
2026-06-17,ON,0.16908544
2026-06-18,ON,0.24514417
2026-06-22,ON,0.4409524
2026-06-23,ON,0.16993976
2026-06-24,ON,0.2015779
2026-06-25,ON,0.20508422
2026-06-26,ON,0.08687798
2026-06-29,ON,0.05311207
2026-06-30,ON,0.14313377
2026-07-01,ON,0.14493336
2026-07-02,ON,0.05601835
2026-07-06,ON,0.08082738
2026-07-07,ON,0.056884125
2026-07-08,ON,0.023070252
2026-07-09,ON,0.0832449
2026-07-10,ON,0.050191626
2026-07-13,ON,0.023771917
2026-07-14,ON,0.047543764
2026-07-15,ON,0.04478054
2026-07-16,ON,0.053308044
2026-07-17,ON,0.063091934
2026-07-20,ON,0.049526613
2026-07-21,ON,0.049516022
2026-07-22,ON,0.07049664
2026-07-23,ON,0.064514674
2026-07-24,ON,0.03992648
2026-07-27,ON,0.046127394
2026-07-28,ON,0.10668153
2026-07-29,ON,0.23990555
2026-07-30,ON,0.13022833
2026-07-31,ON,0.14589827
2026-05-20,ORCL,0.012843083
2026-05-21,ORCL,0.017314829
2026-05-22,ORCL,0.012491401
2026-05-26,ORCL,-0.029881528
2026-05-27,ORCL,-0.021578044
2026-05-28,ORCL,-0.0019021718
2026-05-29,ORCL,0.047777325
2026-06-01,ORCL,0.029296463
2026-06-02,ORCL,0.013604828
2026-06-03,ORCL,-0.0029035509
2026-06-04,ORCL,0.047485024
2026-06-05,ORCL,0.09262195
2026-06-08,ORCL,0.0843902
2026-06-09,ORCL,0.026187839
2026-06-10,ORCL,0.039629392
2026-06-11,ORCL,-0.008212599
2026-06-12,ORCL,0.019798292
2026-06-15,ORCL,0.033530895
2026-06-16,ORCL,0.057463523
2026-06-17,ORCL,0.021453148
2026-06-18,ORCL,0.004912014
2026-06-22,ORCL,-0.0038782172
2026-06-23,ORCL,-0.0010902515
2026-06-24,ORCL,0.0038028334
2026-06-25,ORCL,0.0040393504
2026-06-26,ORCL,0.0042149504
2026-06-29,ORCL,0.005777349
2026-06-30,ORCL,-0.0038164773
2026-07-01,ORCL,-0.019736445
2026-07-02,ORCL,-0.00769338
2026-07-06,ORCL,-0.0017612007
2026-07-07,ORCL,0.0076241936
2026-07-08,ORCL,0.050189644
2026-07-09,ORCL,0.060504388
2026-07-10,ORCL,0.07818895
2026-07-13,ORCL,0.14065339
2026-07-14,ORCL,0.29711384
2026-07-15,ORCL,0.30268058
2026-07-16,ORCL,0.34156898
2026-07-17,ORCL,0.3276507
2026-07-20,ORCL,0.33947372
2026-07-21,ORCL,0.2616268
2026-07-22,ORCL,0.23138022
2026-07-23,ORCL,0.26694843
2026-07-24,ORCL,0.37940145
2026-07-27,ORCL,0.20024784
2026-07-28,ORCL,0.18398197
2026-07-29,ORCL,0.2807807
2026-07-30,ORCL,0.13234107
2026-07-31,ORCL,0.12039446
2026-05-20,OXY,-0.112505525
2026-05-21,OXY,-0.11882546
2026-05-22,OXY,-0.15876326
2026-05-26,OXY,-0.13017519
2026-05-27,OXY,-0.11781814
2026-05-28,OXY,-0.11685315
2026-05-29,OXY,-0.11161687
2026-06-01,OXY,-0.16649316
2026-06-02,OXY,-0.16487789
2026-06-03,OXY,-0.14663304
2026-06-04,OXY,-0.16828978
2026-06-05,OXY,-0.121216856
2026-06-08,OXY,-0.1532542
2026-06-09,OXY,-0.121421196
2026-06-10,OXY,-0.13443877
2026-06-11,OXY,-0.12346506
2026-06-12,OXY,-0.13009815
2026-06-15,OXY,-0.08875636
2026-06-16,OXY,-0.05686055
2026-06-17,OXY,-0.0541497
2026-06-18,OXY,0.02302243
2026-06-22,OXY,-0.005961638
2026-06-23,OXY,0.001679747
2026-06-24,OXY,0.025195854
2026-06-25,OXY,0.0259426
2026-06-26,OXY,0.029920662
2026-06-29,OXY,0.057891354
2026-06-30,OXY,0.0060662236
2026-07-01,OXY,0.016178316
2026-07-02,OXY,-0.082009755
2026-07-06,OXY,-0.06531964
2026-07-07,OXY,0.039142396
2026-07-08,OXY,0.0018666262
2026-07-09,OXY,0.056801796
2026-07-10,OXY,0.051782478
2026-07-13,OXY,-0.10029447
2026-07-14,OXY,-0.112262696
2026-07-15,OXY,-0.07003776
2026-07-16,OXY,-0.07380357
2026-07-17,OXY,-0.15458657
2026-07-20,OXY,-0.16032968
2026-07-21,OXY,-0.13890767
2026-07-22,OXY,-0.122783296
2026-07-23,OXY,-0.12035357
2026-07-24,OXY,-0.1446143
2026-07-27,OXY,-0.10257876
2026-07-28,OXY,-0.0763367
2026-07-29,OXY,-0.1616512
2026-07-30,OXY,-0.16688418
2026-07-31,OXY,-0.15562165
2026-05-20,PANW,0.21663289
2026-05-21,PANW,0.09225812
2026-05-22,PANW,0.12512816
2026-05-26,PANW,0.15973587
2026-05-27,PANW,0.18610448
2026-05-28,PANW,0.19422828
2026-05-29,PANW,0.22570832
2026-06-01,PANW,0.24958706
2026-06-02,PANW,0.27852938
2026-06-03,PANW,0.28835455
2026-06-04,PANW,0.34953833
2026-06-05,PANW,0.36836112
2026-06-08,PANW,0.33852684
2026-06-09,PANW,0.3401127
2026-06-10,PANW,0.3261547
2026-06-11,PANW,0.35235813
2026-06-12,PANW,0.34538862
2026-06-15,PANW,0.32992116
2026-06-16,PANW,0.38953224
2026-06-17,PANW,0.3731439
2026-06-18,PANW,0.29319754
2026-06-22,PANW,0.34892038
2026-06-23,PANW,0.3026931
2026-06-24,PANW,0.3140337
2026-06-25,PANW,0.28739235
2026-06-26,PANW,0.31450602
2026-06-29,PANW,0.32363126
2026-06-30,PANW,0.34202626
2026-07-01,PANW,0.3251815
2026-07-02,PANW,0.34496784
2026-07-06,PANW,0.34733394
2026-07-07,PANW,0.42333123
2026-07-08,PANW,0.47919723
2026-07-09,PANW,0.43147746
2026-07-10,PANW,0.46220943
2026-07-13,PANW,0.46481118
2026-07-14,PANW,0.4183352
2026-07-15,PANW,0.44829068
2026-07-16,PANW,0.4406638
2026-07-17,PANW,0.36353517
2026-07-20,PANW,0.39077732
2026-07-21,PANW,0.3908795
2026-07-22,PANW,0.4216448
2026-07-23,PANW,0.37385663
2026-07-24,PANW,0.39949822
2026-07-27,PANW,0.34133497
2026-07-28,PANW,0.26724294
2026-07-29,PANW,0.21029639
2026-07-30,PANW,0.26339096
2026-07-31,PANW,0.29834554
2026-05-20,PCTY,-0.10804538
2026-05-21,PCTY,-0.11247176
2026-05-22,PCTY,-0.121122025
2026-05-26,PCTY,-0.09194102
2026-05-27,PCTY,-0.09506423
2026-05-28,PCTY,-0.10926842
2026-05-29,PCTY,-0.13393535
2026-06-01,PCTY,-0.10330037
2026-06-02,PCTY,-0.11785046
2026-06-03,PCTY,-0.082715355
2026-06-04,PCTY,-0.08297566
2026-06-05,PCTY,-0.09151488
2026-06-08,PCTY,-0.08009831
2026-06-09,PCTY,-0.09092596
2026-06-10,PCTY,-0.08815989
2026-06-11,PCTY,-0.011589516
2026-06-12,PCTY,-0.016029611
2026-06-15,PCTY,-0.022814943
2026-06-16,PCTY,-0.012629951
2026-06-17,PCTY,-0.013314043
2026-06-18,PCTY,-0.009519476
2026-06-22,PCTY,-0.01073471
2026-06-23,PCTY,-0.00821645
2026-06-24,PCTY,-0.006869595
2026-06-25,PCTY,-0.014782845
2026-06-26,PCTY,0.030593487
2026-06-29,PCTY,0.031617012
2026-06-30,PCTY,-0.00083684485
2026-07-01,PCTY,-0.074052446
2026-07-02,PCTY,-0.110264935
2026-07-06,PCTY,-0.09584397
2026-07-07,PCTY,-0.09341103
2026-07-08,PCTY,-0.100854345
2026-07-09,PCTY,-0.12095501
2026-07-10,PCTY,-0.10450832
2026-07-13,PCTY,-0.086532265
2026-07-14,PCTY,-0.09662026
2026-07-15,PCTY,-0.101792276
2026-07-16,PCTY,-0.06164821
2026-07-17,PCTY,-0.07833018
2026-07-20,PCTY,-0.07373466
2026-07-21,PCTY,-0.09529462
2026-07-22,PCTY,-0.08375007
2026-05-20,PG,-0.21834297
2026-05-21,PG,-0.22288066
2026-05-22,PG,-0.22905402
2026-05-26,PG,-0.22235815
2026-05-27,PG,-0.22219817
2026-05-28,PG,-0.22782755
2026-05-29,PG,-0.23329146
2026-06-01,PG,-0.20618439
2026-06-02,PG,-0.21612865
2026-06-03,PG,-0.20523377
2026-06-04,PG,-0.22769456
2026-06-05,PG,-0.21039009
2026-06-08,PG,-0.21961094
2026-06-09,PG,-0.18708622
2026-06-10,PG,-0.1846102
2026-06-11,PG,-0.20991981
2026-06-12,PG,-0.20264107
2026-06-15,PG,-0.20265253
2026-06-16,PG,-0.19243555
2026-06-17,PG,-0.20004916
2026-06-18,PG,-0.20313446
2026-06-22,PG,-0.2134157
2026-06-23,PG,-0.2045327
2026-06-24,PG,-0.2027142
2026-06-25,PG,-0.20663692
2026-06-26,PG,-0.20537555
2026-06-29,PG,-0.20785369
2026-06-30,PG,-0.20746826
2026-07-01,PG,-0.20900758
2026-07-02,PG,-0.18563329
2026-07-06,PG,-0.20459943
2026-07-07,PG,-0.19013822
2026-07-08,PG,-0.20945342
2026-07-09,PG,-0.20954742
2026-07-10,PG,-0.21084483
2026-07-13,PG,-0.19360797
2026-07-14,PG,-0.19633429
2026-07-15,PG,-0.20004438
2026-07-16,PG,-0.17152357
2026-07-17,PG,-0.16754282
2026-07-20,PG,-0.19175307
2026-07-21,PG,-0.21464442
2026-07-22,PG,-0.21213305
2026-07-23,PG,-0.21373041
2026-07-24,PG,-0.21937263
2026-07-27,PG,-0.2139474
2026-07-28,PG,-0.21257353
2026-07-29,PG,-0.20854473
2026-07-30,PG,-0.18983333
2026-07-31,PG,-0.18894236
2026-05-20,PGR,-0.21553816
2026-05-21,PGR,-0.2242853
2026-05-22,PGR,-0.22871862
2026-05-26,PGR,-0.2273128
2026-05-27,PGR,-0.23568974
2026-05-28,PGR,-0.21503733
2026-05-29,PGR,-0.1958154
2026-06-01,PGR,-0.20722032
2026-06-02,PGR,-0.22146565
2026-06-03,PGR,-0.21389616
2026-06-04,PGR,-0.2244823
2026-06-05,PGR,-0.17836738
2026-06-08,PGR,-0.21372966
2026-06-09,PGR,-0.2134078
2026-06-10,PGR,-0.20109689
2026-06-11,PGR,-0.20820041
2026-06-12,PGR,-0.20267396
2026-06-15,PGR,-0.20392092
2026-06-16,PGR,-0.20476614
2026-06-17,PGR,-0.20513655
2026-06-18,PGR,-0.20666559
2026-06-22,PGR,-0.20478594
2026-06-23,PGR,-0.15686516
2026-06-24,PGR,-0.124018885
2026-06-25,PGR,-0.15557933
2026-06-26,PGR,-0.11489876
2026-06-29,PGR,-0.14587079
2026-06-30,PGR,-0.16029538
2026-07-01,PGR,-0.14027897
2026-07-02,PGR,-0.10966281
2026-07-06,PGR,-0.122127116
2026-07-07,PGR,-0.108982235
2026-07-08,PGR,-0.11737612
2026-07-09,PGR,-0.14190836
2026-07-10,PGR,-0.1427591
2026-07-13,PGR,-0.12999634
2026-07-14,PGR,-0.11708968
2026-07-15,PGR,-0.026643453
2026-07-16,PGR,-0.022059271
2026-07-17,PGR,-0.015807414
2026-07-20,PGR,-0.028973749
2026-07-21,PGR,-0.04417866
2026-07-22,PGR,-0.034664664
2026-05-20,PH,-0.08102005
2026-05-21,PH,-0.08772135
2026-05-22,PH,-0.08935931
2026-05-26,PH,-0.100825615
2026-05-27,PH,-0.097316675
2026-05-28,PH,-0.1053054
2026-05-29,PH,-0.10905677
2026-06-01,PH,-0.08411815
2026-06-02,PH,-0.09244847
2026-06-03,PH,-0.10154608
2026-06-04,PH,-0.063871086
2026-06-05,PH,-0.106909715
2026-06-08,PH,-0.12773477
2026-06-09,PH,-0.14620379
2026-06-10,PH,-0.14622334
2026-06-11,PH,-0.17974131
2026-06-12,PH,-0.18039145
2026-06-15,PH,-0.17565076
2026-06-16,PH,-0.14267492
2026-06-17,PH,-0.13461758
2026-06-18,PH,-0.13321559
2026-06-22,PH,-0.1382916
2026-06-23,PH,-0.15760797
2026-06-24,PH,-0.11421508
2026-06-25,PH,-0.0676708
2026-06-26,PH,-0.11330787
2026-06-29,PH,-0.13900782
2026-06-30,PH,-0.11475728
2026-07-01,PH,-0.1437322
2026-07-02,PH,-0.1529327
2026-07-06,PH,-0.15810816
2026-07-07,PH,-0.14651741
2026-07-08,PH,-0.10750535
2026-07-09,PH,-0.14427038
2026-07-10,PH,-0.1513422
2026-07-13,PH,-0.15647618
2026-07-14,PH,-0.15291457
2026-07-15,PH,-0.155282
2026-07-16,PH,-0.14650853
2026-07-17,PH,-0.14701645
2026-07-20,PH,-0.15678765
2026-07-21,PH,-0.15160029
2026-07-22,PH,-0.15949516
2026-07-23,PH,-0.15087664
2026-07-24,PH,-0.14409553
2026-07-27,PH,-0.1464951
2026-07-28,PH,-0.09252328
2026-07-29,PH,-0.11735093
2026-07-30,PH,-0.090620525
2026-07-31,PH,-0.08436587
2026-05-20,PLTR,0.039149586
2026-05-21,PLTR,0.02257063
2026-05-22,PLTR,0.0027129427
2026-05-26,PLTR,-0.061248247
2026-05-27,PLTR,-0.02914395
2026-05-28,PLTR,-0.10016582
2026-05-29,PLTR,-0.0633306
2026-06-01,PLTR,-0.04890619
2026-06-02,PLTR,-0.028187193
2026-06-03,PLTR,0.03927296
2026-06-04,PLTR,0.03839173
2026-06-05,PLTR,0.01290752
2026-06-08,PLTR,0.0139862625
2026-06-09,PLTR,-0.014351491
2026-06-10,PLTR,0.010246518
2026-06-11,PLTR,0.009155835
2026-06-12,PLTR,0.018091029
2026-06-15,PLTR,0.041523825
2026-06-16,PLTR,-0.0040719644
2026-06-17,PLTR,-0.008724331
2026-06-18,PLTR,-0.0010511909
2026-06-22,PLTR,0.06847909
2026-06-23,PLTR,0.060955
2026-06-24,PLTR,0.06725664
2026-06-25,PLTR,0.06766426
2026-06-26,PLTR,0.09175222
2026-06-29,PLTR,0.076461084
2026-06-30,PLTR,0.07495982
2026-07-01,PLTR,0.09452184
2026-07-02,PLTR,0.0744285
2026-07-06,PLTR,0.05226167
2026-07-07,PLTR,0.01857067
2026-07-08,PLTR,0.018799456
2026-07-09,PLTR,0.052030027
2026-07-10,PLTR,0.09956
2026-07-13,PLTR,0.04715215
2026-07-14,PLTR,0.00211122
2026-07-15,PLTR,-0.0041172844
2026-07-16,PLTR,-0.045769453
2026-07-17,PLTR,-0.07894904
2026-07-20,PLTR,-0.11346031
2026-07-21,PLTR,-0.13703705
2026-07-22,PLTR,0.027357088
2026-07-23,PLTR,0.052268684
2026-07-24,PLTR,0.07128143
2026-07-27,PLTR,-0.11094713
2026-07-28,PLTR,0.051790923
2026-07-29,PLTR,0.07649166
2026-07-30,PLTR,0.09537239
2026-07-31,PLTR,0.051886965
2026-05-20,PM,-0.117394686
2026-05-21,PM,-0.14091979
2026-05-22,PM,-0.122159876
2026-05-26,PM,-0.09267662
2026-05-27,PM,-0.08549785
2026-05-28,PM,-0.04158822
2026-05-29,PM,-0.045555342
2026-06-01,PM,-0.04704937
2026-06-02,PM,-0.059032574
2026-06-03,PM,-0.05724834
2026-06-04,PM,-0.068799034
2026-06-05,PM,-0.048521
2026-06-08,PM,-0.07227444
2026-06-09,PM,-0.05051489
2026-06-10,PM,-0.06934145
2026-06-11,PM,-0.03641218
2026-06-12,PM,-0.042361487
2026-06-15,PM,-0.052068178
2026-06-16,PM,0.015467945
2026-06-17,PM,-0.0709781
2026-06-18,PM,-0.08031309
2026-06-22,PM,-0.076295964
2026-06-23,PM,-0.08212617
2026-06-24,PM,-0.096190475
2026-06-25,PM,-0.09865636
2026-06-26,PM,-0.0926322
2026-06-29,PM,-0.07883815
2026-06-30,PM,-0.09234044
2026-07-01,PM,-0.14296587
2026-07-02,PM,-0.12306735
2026-07-06,PM,-0.12247568
2026-07-07,PM,-0.10785577
2026-07-08,PM,-0.117553025
2026-07-09,PM,-0.15721942
2026-07-10,PM,-0.14074908
2026-07-13,PM,-0.1438616
2026-07-14,PM,-0.12703116
2026-07-15,PM,-0.14416905
2026-07-16,PM,-0.09848747
2026-07-17,PM,-0.052829623
2026-07-20,PM,-0.09705102
2026-07-21,PM,-0.12232354
2026-07-22,PM,-0.09043441
2026-07-23,PM,-0.11717355
2026-07-24,PM,-0.11500286
2026-07-27,PM,-0.06333152
2026-07-28,PM,-0.056852262
2026-07-29,PM,-0.10057161
2026-07-30,PM,-0.08483682
2026-07-31,PM,-0.09782494
2026-05-20,PNC,-0.2070903
2026-05-21,PNC,-0.21441849
2026-05-22,PNC,-0.20632088
2026-05-26,PNC,-0.20167422
2026-05-27,PNC,-0.20358539
2026-05-28,PNC,-0.20760302
2026-05-29,PNC,-0.2058637
2026-06-01,PNC,-0.20372014
2026-06-02,PNC,-0.20266175
2026-06-03,PNC,-0.21312903
2026-06-04,PNC,-0.16870302
2026-06-05,PNC,-0.1601501
2026-06-08,PNC,-0.16845532
2026-06-09,PNC,-0.13794093
2026-06-10,PNC,-0.12885158
2026-06-11,PNC,-0.13172221
2026-06-12,PNC,-0.11209176
2026-06-15,PNC,-0.14541185
2026-06-16,PNC,-0.12632564
2026-06-17,PNC,-0.14328356
2026-06-18,PNC,-0.1731674
2026-06-22,PNC,-0.14380503
2026-06-23,PNC,-0.121033765
2026-06-24,PNC,-0.069800235
2026-06-25,PNC,-0.055574268
2026-06-26,PNC,-0.0696215
2026-06-29,PNC,-0.06819495
2026-06-30,PNC,-0.1139426
2026-07-01,PNC,-0.10247061
2026-07-02,PNC,-0.11632654
2026-07-06,PNC,-0.11428984
2026-07-07,PNC,-0.11838763
2026-07-08,PNC,-0.12650873
2026-07-09,PNC,-0.13049679
2026-07-10,PNC,-0.103578955
2026-07-13,PNC,-0.100221545
2026-07-14,PNC,-0.0809881
2026-07-15,PNC,-0.07561164
2026-07-16,PNC,-0.0741409
2026-07-17,PNC,-0.08990618
2026-07-20,PNC,-0.09009864
2026-07-21,PNC,-0.08849699
2026-07-22,PNC,-0.07617477
2026-07-23,PNC,-0.09109956
2026-07-24,PNC,-0.07803842
2026-07-27,PNC,-0.08055321
2026-07-28,PNC,-0.084328465
2026-07-29,PNC,-0.08769366
2026-07-30,PNC,-0.03382232
2026-07-31,PNC,-0.028017884
2026-05-20,PYPL,-0.077048145
2026-05-21,PYPL,-0.08887515
2026-05-22,PYPL,-0.08980441
2026-05-26,PYPL,-0.08220277
2026-05-27,PYPL,-0.09989763
2026-05-28,PYPL,-0.09915728
2026-05-29,PYPL,-0.09031874
2026-06-01,PYPL,-0.052281618
2026-06-02,PYPL,-0.1164611
2026-06-03,PYPL,-0.093688935
2026-06-04,PYPL,-0.09762728
2026-06-05,PYPL,-0.06518334
2026-06-08,PYPL,-0.060438495
2026-06-09,PYPL,-0.064115696
2026-06-10,PYPL,-0.014484248
2026-06-11,PYPL,-0.06469074
2026-06-12,PYPL,-0.086932816
2026-06-15,PYPL,-0.08798943
2026-06-16,PYPL,-0.13019255
2026-06-17,PYPL,-0.103455655
2026-06-18,PYPL,-0.14169477
2026-06-22,PYPL,-0.15148515
2026-06-23,PYPL,-0.14750278
2026-06-24,PYPL,-0.15832381
2026-06-25,PYPL,-0.16158304
2026-06-26,PYPL,-0.15578368
2026-06-29,PYPL,-0.15820776
2026-06-30,PYPL,-0.17457204
2026-07-01,PYPL,-0.18439065
2026-07-02,PYPL,-0.15834923
2026-07-06,PYPL,-0.16129762
2026-07-07,PYPL,-0.15637572
2026-07-08,PYPL,-0.18208666
2026-07-09,PYPL,-0.18326972
2026-07-10,PYPL,-0.14612631
2026-07-13,PYPL,-0.12059182
2026-07-14,PYPL,-0.12506832
2026-07-15,PYPL,-0.022232572
2026-07-16,PYPL,-0.008923044
2026-07-17,PYPL,-0.015319016
2026-07-20,PYPL,-0.013420705
2026-07-21,PYPL,-0.027207023
2026-07-22,PYPL,-0.007939072
2026-07-23,PYPL,-0.026970394
2026-07-24,PYPL,-0.003608526
2026-07-27,PYPL,-0.023928009
2026-07-28,PYPL,-0.019440368
2026-07-29,PYPL,-0.00767131
2026-07-30,PYPL,-0.009669408
2026-07-31,PYPL,0.0052424916
2026-05-20,QCOM,-0.09039363
2026-05-21,QCOM,-0.095400356
2026-05-22,QCOM,-0.0052456055
2026-05-26,QCOM,0.031513773
2026-05-27,QCOM,0.015498565
2026-05-28,QCOM,0.08064454
2026-05-29,QCOM,0.043617744
2026-06-01,QCOM,0.11131706
2026-06-02,QCOM,0.13124153
2026-06-03,QCOM,0.12193128
2026-06-04,QCOM,0.2041427
2026-06-05,QCOM,0.14601503
2026-06-08,QCOM,0.103229225
2026-06-09,QCOM,0.13226795
2026-06-10,QCOM,0.16395901
2026-06-11,QCOM,0.15745588
2026-06-12,QCOM,0.18697119
2026-06-15,QCOM,0.14258315
2026-06-16,QCOM,0.15615554
2026-06-17,QCOM,0.12095841
2026-06-18,QCOM,0.27525473
2026-06-22,QCOM,0.13301252
2026-06-23,QCOM,0.11679336
2026-06-24,QCOM,0.11115423
2026-06-25,QCOM,0.12249184
2026-06-26,QCOM,0.13694035
2026-06-29,QCOM,0.14939761
2026-06-30,QCOM,0.10810644
2026-07-01,QCOM,0.07997092
2026-07-02,QCOM,0.06399057
2026-07-06,QCOM,0.11201185
2026-07-07,QCOM,0.09190155
2026-07-08,QCOM,0.099759996
2026-07-09,QCOM,0.09086784
2026-07-10,QCOM,0.09591245
2026-07-13,QCOM,0.05204871
2026-07-14,QCOM,0.038577925
2026-07-15,QCOM,0.0027568005
2026-07-16,QCOM,0.01145262
2026-07-17,QCOM,0.042757105
2026-07-20,QCOM,0.030396862
2026-07-21,QCOM,0.020947583
2026-07-22,QCOM,0.057533205
2026-07-23,QCOM,0.051704276
2026-07-24,QCOM,0.051875915
2026-07-27,QCOM,0.061025035
2026-07-28,QCOM,0.057567168
2026-07-29,QCOM,0.08018392
2026-07-30,QCOM,0.070263706
2026-07-31,QCOM,0.10702687
2026-05-20,RBLX,0.13210477
2026-05-21,RBLX,0.15110303
2026-05-22,RBLX,0.103736766
2026-05-26,RBLX,0.13442115
2026-05-27,RBLX,0.13300188
2026-05-28,RBLX,0.0694927
2026-05-29,RBLX,0.07049063
2026-06-01,RBLX,0.05191159
2026-06-02,RBLX,0.105305076
2026-06-03,RBLX,0.123343505
2026-06-04,RBLX,0.11880549
2026-06-05,RBLX,0.15992056
2026-06-08,RBLX,0.13150428
2026-06-09,RBLX,0.11181235
2026-06-10,RBLX,0.13671827
2026-06-11,RBLX,0.10666067
2026-06-12,RBLX,0.053506617
2026-06-15,RBLX,-0.021274408
2026-06-16,RBLX,0.0014952011
2026-06-17,RBLX,-0.008114678
2026-06-18,RBLX,-0.056111198
2026-06-22,RBLX,0.03613556
2026-06-23,RBLX,0.019621266
2026-06-24,RBLX,0.016607255
2026-06-25,RBLX,0.052586187
2026-06-26,RBLX,0.021244815
2026-06-29,RBLX,-0.0031368819
2026-06-30,RBLX,-0.013559175
2026-07-01,RBLX,0.047513556
2026-07-02,RBLX,0.034297522
2026-07-06,RBLX,0.033765424
2026-07-07,RBLX,0.03970618
2026-07-08,RBLX,-5.536278e-05
2026-07-09,RBLX,0.026578167
2026-07-10,RBLX,0.013937992
2026-07-13,RBLX,-0.033533882
2026-07-14,RBLX,-0.054472636
2026-07-15,RBLX,-0.013593965
2026-07-16,RBLX,-0.07419113
2026-07-17,RBLX,-0.01760724
2026-07-20,RBLX,-0.05185874
2026-07-21,RBLX,-0.018422782
2026-07-22,RBLX,-0.0155974375
2026-07-23,RBLX,0.030087002
2026-07-24,RBLX,0.006703994
2026-07-27,RBLX,-0.0006577124
2026-07-28,RBLX,0.004705267
2026-07-29,RBLX,0.028614124
2026-07-30,RBLX,0.02031017
2026-07-31,RBLX,0.07091347
2026-05-20,ROST,-0.1409805
2026-05-21,ROST,-0.17294669
2026-05-22,ROST,-0.09687414
2026-05-26,ROST,-0.11537856
2026-05-27,ROST,-0.115456015
2026-05-28,ROST,-0.15270036
2026-05-29,ROST,-0.1647785
2026-06-01,ROST,-0.16153026
2026-06-02,ROST,-0.158476
2026-06-03,ROST,-0.1702894
2026-06-04,ROST,-0.17422587
2026-06-05,ROST,-0.19131525
2026-06-08,ROST,-0.18759795
2026-06-09,ROST,-0.18698294
2026-06-10,ROST,-0.18846442
2026-06-11,ROST,-0.15115826
2026-06-12,ROST,-0.12741597
2026-06-15,ROST,-0.17432362
2026-06-16,ROST,-0.18392384
2026-06-17,ROST,-0.18332286
2026-06-18,ROST,-0.1876444
2026-06-22,ROST,-0.1880114
2026-06-23,ROST,-0.16218005
2026-06-24,ROST,-0.15534708
2026-06-25,ROST,-0.10890192
2026-06-26,ROST,-0.08164408
2026-06-29,ROST,-0.07369167
2026-06-30,ROST,-0.061455052
2026-07-01,ROST,-0.055181056
2026-07-02,ROST,-0.06611257
2026-07-06,ROST,-0.06921947
2026-07-07,ROST,-0.06555718
2026-07-08,ROST,-0.116268136
2026-07-09,ROST,-0.12295964
2026-07-10,ROST,-0.10575988
2026-07-13,ROST,-0.13374157
2026-07-14,ROST,-0.12285986
2026-07-15,ROST,-0.14477494
2026-07-16,ROST,-0.15153699
2026-07-17,ROST,-0.14693755
2026-07-20,ROST,-0.1499886
2026-07-21,ROST,-0.14720011
2026-07-22,ROST,-0.15309924
2026-07-23,ROST,-0.1839633
2026-07-24,ROST,-0.156579
2026-07-27,ROST,-0.13314223
2026-07-28,ROST,-0.10621416
2026-07-29,ROST,-0.10555935
2026-07-30,ROST,-0.07818984
2026-07-31,ROST,-0.12770925
2026-05-20,RTX,-0.11673403
2026-05-21,RTX,-0.11929381
2026-05-22,RTX,-0.13089252
2026-05-26,RTX,-0.1206967
2026-05-27,RTX,-0.13978443
2026-05-28,RTX,-0.17759037
2026-05-29,RTX,-0.18659337
2026-06-01,RTX,-0.14637263
2026-06-02,RTX,-0.16825289
2026-06-03,RTX,-0.20281862
2026-06-04,RTX,-0.2109193
2026-06-05,RTX,-0.21032959
2026-06-08,RTX,-0.2147099
2026-06-09,RTX,-0.20589054
2026-06-10,RTX,-0.21530348
2026-06-11,RTX,-0.20105083
2026-06-12,RTX,-0.20098591
2026-06-15,RTX,-0.20076369
2026-06-16,RTX,-0.1907636
2026-06-17,RTX,-0.1514655
2026-06-18,RTX,-0.18846057
2026-06-22,RTX,-0.16167095
2026-06-23,RTX,-0.18917815
2026-06-24,RTX,-0.18835668
2026-06-25,RTX,-0.19264673
2026-06-26,RTX,-0.1964333
2026-06-29,RTX,-0.19728418
2026-06-30,RTX,-0.19198973
2026-07-01,RTX,-0.18683296
2026-07-02,RTX,-0.13020904
2026-07-06,RTX,-0.12562247
2026-07-07,RTX,-0.13118476
2026-07-08,RTX,-0.16398993
2026-07-09,RTX,-0.16508533
2026-07-10,RTX,-0.17181979
2026-07-13,RTX,-0.15898643
2026-07-14,RTX,-0.16942644
2026-07-15,RTX,-0.1810164
2026-07-16,RTX,-0.16668503
2026-07-17,RTX,-0.16630535
2026-07-20,RTX,-0.15979774
2026-07-21,RTX,-0.16472705
2026-07-22,RTX,-0.14810228
2026-07-23,RTX,-0.078168824
2026-07-24,RTX,-0.054225367
2026-07-27,RTX,-0.038199406
2026-07-28,RTX,-0.037973758
2026-07-29,RTX,-0.036346976
2026-07-30,RTX,-0.047251683
2026-07-31,RTX,-0.021480775
2026-05-20,SCHW,-0.18805031
2026-05-21,SCHW,-0.19169658
2026-05-22,SCHW,-0.18769372
2026-05-26,SCHW,-0.17171843
2026-05-27,SCHW,-0.122410424
2026-05-28,SCHW,-0.1263799
2026-05-29,SCHW,-0.18529463
2026-06-01,SCHW,-0.18921997
2026-06-02,SCHW,-0.18625224
2026-06-03,SCHW,-0.18951572
2026-06-04,SCHW,-0.1974036
2026-06-05,SCHW,-0.20175321
2026-06-08,SCHW,-0.19963318
2026-06-09,SCHW,-0.20290871
2026-06-10,SCHW,-0.2019457
2026-06-11,SCHW,-0.2085027
2026-06-12,SCHW,-0.19882703
2026-06-15,SCHW,-0.19636412
2026-06-16,SCHW,-0.16130374
2026-06-17,SCHW,-0.16310029
2026-06-18,SCHW,-0.19597195
2026-06-22,SCHW,-0.19477248
2026-06-23,SCHW,-0.19503964
2026-06-24,SCHW,-0.20020612
2026-06-25,SCHW,-0.17233314
2026-06-26,SCHW,-0.19424446
2026-06-29,SCHW,-0.19212031
2026-06-30,SCHW,-0.19598621
2026-07-01,SCHW,-0.16661666
2026-07-02,SCHW,-0.14519377
2026-07-06,SCHW,-0.1234586
2026-07-07,SCHW,-0.12180632
2026-07-08,SCHW,-0.12069735
2026-07-09,SCHW,-0.12779863
2026-07-10,SCHW,-0.12263999
2026-07-13,SCHW,-0.13955171
2026-07-14,SCHW,-0.13498534
2026-07-15,SCHW,-0.1375941
2026-07-16,SCHW,-0.1424238
2026-07-17,SCHW,-0.14532134
2026-07-20,SCHW,-0.14270064
2026-07-21,SCHW,-0.13843139
2026-07-22,SCHW,-0.13536067
2026-07-23,SCHW,-0.13338406
2026-07-24,SCHW,-0.13153094
2026-07-27,SCHW,-0.10766379
2026-07-28,SCHW,-0.08323824
2026-07-29,SCHW,-0.097198986
2026-07-30,SCHW,-0.10048757
2026-07-31,SCHW,-0.09694167
2026-05-20,SHOP,0.10718336
2026-05-21,SHOP,0.12622736
2026-05-22,SHOP,0.112265445
2026-05-26,SHOP,0.12279347
2026-05-27,SHOP,0.1118525
2026-05-28,SHOP,0.05593449
2026-05-29,SHOP,0.031336498
2026-06-01,SHOP,-0.050313134
2026-06-02,SHOP,0.036142237
2026-06-03,SHOP,0.02813448
2026-06-04,SHOP,-0.021147639
2026-06-05,SHOP,0.06800729
2026-06-08,SHOP,0.058401093
2026-06-09,SHOP,0.049506973
2026-06-10,SHOP,0.05734417
2026-06-11,SHOP,0.05463047
2026-06-12,SHOP,0.06085213
2026-06-15,SHOP,0.033174556
2026-06-16,SHOP,-0.058169235
2026-06-17,SHOP,0.05347154
2026-06-18,SHOP,0.047870398
2026-06-22,SHOP,0.05420951
2026-06-23,SHOP,0.053365547
2026-06-24,SHOP,-0.07159258
2026-06-25,SHOP,-0.052011486
2026-06-26,SHOP,-0.077378176
2026-06-29,SHOP,-0.07328432
2026-06-30,SHOP,-0.08436366
2026-07-01,SHOP,-0.1103081
2026-07-02,SHOP,-0.11360437
2026-07-06,SHOP,-0.11463403
2026-07-07,SHOP,-0.11872009
2026-07-08,SHOP,-0.12675905
2026-07-09,SHOP,-0.11713157
2026-07-10,SHOP,-0.07399047
2026-07-13,SHOP,-0.11588069
2026-07-14,SHOP,-0.11598736
2026-07-15,SHOP,-0.11691034
2026-07-16,SHOP,-0.13919415
2026-07-17,SHOP,-0.13263819
2026-07-20,SHOP,-0.14145291
2026-07-21,SHOP,-0.1128424
2026-07-22,SHOP,-0.057191238
2026-05-20,SMCI,0.16536523
2026-05-21,SMCI,0.1513269
2026-05-22,SMCI,0.21013093
2026-05-26,SMCI,0.19789821
2026-05-27,SMCI,0.2164681
2026-05-28,SMCI,0.18722625
2026-05-29,SMCI,0.20082219
2026-06-01,SMCI,0.1750666
2026-06-02,SMCI,0.25319424
2026-06-03,SMCI,0.22580004
2026-06-04,SMCI,0.22892962
2026-06-05,SMCI,0.014422879
2026-06-08,SMCI,0.14143352
2026-06-09,SMCI,0.10737848
2026-06-10,SMCI,0.044306397
2026-06-11,SMCI,0.26806095
2026-06-12,SMCI,0.23841102
2026-06-15,SMCI,0.2186681
2026-06-16,SMCI,0.056919456
2026-06-17,SMCI,0.0048173578
2026-06-18,SMCI,0.03360693
2026-06-22,SMCI,0.12820494
2026-06-23,SMCI,0.103901446
2026-06-24,SMCI,0.06544658
2026-06-25,SMCI,0.039943695
2026-06-26,SMCI,-0.016368134
2026-06-29,SMCI,0.0080252355
2026-06-30,SMCI,-0.014926503
2026-07-01,SMCI,-0.014217299
2026-07-02,SMCI,-0.010310943
2026-07-06,SMCI,0.0053541064
2026-07-07,SMCI,0.008738658
2026-07-08,SMCI,0.0023849895
2026-07-09,SMCI,0.034308344
2026-07-10,SMCI,0.04513948
2026-07-13,SMCI,0.06493509
2026-07-14,SMCI,0.093985535
2026-07-15,SMCI,0.12578745
2026-07-16,SMCI,0.22490354
2026-07-17,SMCI,0.26847428
2026-07-20,SMCI,0.2719727
2026-07-21,SMCI,0.18484567
2026-07-22,SMCI,0.053425256
2026-07-23,SMCI,0.04855922
2026-07-24,SMCI,0.05479901
2026-07-27,SMCI,0.053966165
2026-07-28,SMCI,0.07818792
2026-07-29,SMCI,0.13249433
2026-07-30,SMCI,0.108719535
2026-07-31,SMCI,0.08234633
2026-05-20,SNOW,-0.024091406
2026-05-21,SNOW,-0.014002441
2026-05-22,SNOW,-0.04270054
2026-05-26,SNOW,0.017518653
2026-05-27,SNOW,-0.035925124
2026-05-28,SNOW,0.19788046
2026-05-29,SNOW,0.12605362
2026-06-01,SNOW,0.10851562
2026-06-02,SNOW,0.102544665
2026-06-03,SNOW,0.08347141
2026-06-04,SNOW,0.011215392
2026-06-05,SNOW,0.089148365
2026-06-08,SNOW,0.08080373
2026-06-09,SNOW,0.07252302
2026-06-10,SNOW,-0.0005931283
2026-06-11,SNOW,0.016594622
2026-06-12,SNOW,0.007878001
2026-06-15,SNOW,0.06353866
2026-06-16,SNOW,0.05373654
2026-06-17,SNOW,0.071142346
2026-06-18,SNOW,0.03196378
2026-06-22,SNOW,0.0036796723
2026-06-23,SNOW,-0.00021512464
2026-06-24,SNOW,-0.04161251
2026-06-25,SNOW,-0.020861248
2026-06-26,SNOW,-0.04384176
2026-06-29,SNOW,-0.031011656
2026-06-30,SNOW,0.04740167
2026-07-01,SNOW,0.12580979
2026-07-02,SNOW,0.15004909
2026-07-06,SNOW,0.14698957
2026-07-07,SNOW,0.18512703
2026-07-08,SNOW,0.19183679
2026-07-09,SNOW,0.18025492
2026-07-10,SNOW,0.097226284
2026-07-13,SNOW,0.06648217
2026-07-14,SNOW,0.17338894
2026-07-15,SNOW,0.12285467
2026-07-16,SNOW,0.11324918
2026-07-17,SNOW,0.06548741
2026-07-20,SNOW,0.070538275
2026-07-21,SNOW,0.08493086
2026-07-22,SNOW,0.096867494
2026-07-23,SNOW,0.083043315
2026-07-24,SNOW,0.09896853
2026-07-27,SNOW,0.108133726
2026-07-28,SNOW,0.13955168
2026-07-29,SNOW,0.23461704
2026-07-30,SNOW,0.30230537
2026-07-31,SNOW,0.3264604
2026-05-20,SO,-0.23555541
2026-05-21,SO,-0.23745029
2026-05-22,SO,-0.23443992
2026-05-26,SO,-0.23917238
2026-05-27,SO,-0.23730703
2026-05-28,SO,-0.23328908
2026-05-29,SO,-0.23483862
2026-06-01,SO,-0.19822472
2026-06-02,SO,-0.22161926
2026-06-03,SO,-0.22906987
2026-06-04,SO,-0.23692508
2026-06-05,SO,-0.2305633
2026-06-08,SO,-0.23367548
2026-06-09,SO,-0.22894084
2026-06-10,SO,-0.22049887
2026-06-11,SO,-0.22292191
2026-06-12,SO,-0.22155325
2026-06-15,SO,-0.21870212
2026-06-16,SO,-0.22117846
2026-06-17,SO,-0.22841994
2026-06-18,SO,-0.22226365
2026-06-22,SO,-0.22216254
2026-06-23,SO,-0.21764155
2026-06-24,SO,-0.2070138
2026-06-25,SO,-0.20618634
2026-06-26,SO,-0.20300065
2026-06-29,SO,-0.20700903
2026-06-30,SO,-0.20756555
2026-07-01,SO,-0.21149583
2026-07-02,SO,-0.20220977
2026-07-06,SO,-0.20905852
2026-07-07,SO,-0.20710582
2026-07-08,SO,-0.20731662
2026-07-09,SO,-0.2063329
2026-07-10,SO,-0.2060939
2026-07-13,SO,-0.20669562
2026-07-14,SO,-0.20730333
2026-07-15,SO,-0.20768721
2026-07-16,SO,-0.20819159
2026-07-17,SO,-0.20246403
2026-07-20,SO,-0.21383514
2026-07-21,SO,-0.20989901
2026-07-22,SO,-0.20820154
2026-07-23,SO,-0.208046
2026-07-24,SO,-0.20928603
2026-07-27,SO,-0.21065052
2026-07-28,SO,-0.20919831
2026-07-29,SO,-0.21291213
2026-07-30,SO,-0.2130109
2026-07-31,SO,-0.21389334
2026-05-20,SOFI,0.019546026
2026-05-21,SOFI,0.050632536
2026-05-22,SOFI,0.04705823
2026-05-26,SOFI,0.066555195
2026-05-27,SOFI,0.017172744
2026-05-28,SOFI,-0.0034154442
2026-05-29,SOFI,-0.061526295
2026-06-01,SOFI,-0.08244347
2026-06-02,SOFI,-0.04647995
2026-06-03,SOFI,0.048126984
2026-06-04,SOFI,-0.050994363
2026-06-05,SOFI,0.044140536
2026-06-08,SOFI,0.033207208
2026-06-09,SOFI,0.036784876
2026-06-10,SOFI,0.007315904
2026-06-11,SOFI,-0.014498313
2026-06-12,SOFI,0.02725991
2026-06-15,SOFI,-0.06712147
2026-06-16,SOFI,-0.09520766
2026-06-17,SOFI,-0.06618268
2026-06-18,SOFI,-0.109009184
2026-06-22,SOFI,-0.0726234
2026-06-23,SOFI,-0.08266204
2026-06-24,SOFI,-0.07252588
2026-06-25,SOFI,-0.077591546
2026-06-26,SOFI,-0.10277188
2026-06-29,SOFI,-0.090420686
2026-06-30,SOFI,-0.114830755
2026-07-01,SOFI,-0.10787135
2026-07-02,SOFI,-0.105361976
2026-07-06,SOFI,-0.11043433
2026-07-07,SOFI,-0.075425185
2026-07-08,SOFI,-0.07278829
2026-07-09,SOFI,-0.113742895
2026-07-10,SOFI,-0.11227271
2026-07-13,SOFI,-0.06092922
2026-07-14,SOFI,-0.09453306
2026-07-15,SOFI,-0.06349103
2026-07-16,SOFI,0.01096682
2026-07-17,SOFI,0.011712308
2026-07-20,SOFI,0.016045706
2026-07-21,SOFI,-0.032436598
2026-07-22,SOFI,0.0046763774
2026-07-23,SOFI,0.0043905107
2026-07-24,SOFI,0.0063305236
2026-07-27,SOFI,-0.029265156
2026-07-28,SOFI,-0.0130354455
2026-07-29,SOFI,0.050112873
2026-07-30,SOFI,0.055730786
2026-07-31,SOFI,0.05371203
2026-05-20,SPG,-0.18139519
2026-05-21,SPG,-0.17141913
2026-05-22,SPG,-0.19583368
2026-05-26,SPG,-0.18681012
2026-05-27,SPG,-0.19140099
2026-05-28,SPG,-0.17678596
2026-05-29,SPG,-0.19465266
2026-06-01,SPG,-0.2049988
2026-06-02,SPG,-0.1917693
2026-06-03,SPG,-0.17180847
2026-06-04,SPG,-0.07456938
2026-06-05,SPG,-0.041501332
2026-06-08,SPG,-0.056616113
2026-06-09,SPG,-0.05654737
2026-06-10,SPG,-0.05386031
2026-06-11,SPG,-0.05061451
2026-06-12,SPG,-0.044862643
2026-06-15,SPG,-0.051117416
2026-06-16,SPG,-0.06644786
2026-06-17,SPG,-0.058789033
2026-06-18,SPG,-0.073674165
2026-06-22,SPG,-0.069996744
2026-06-23,SPG,-0.06897658
2026-06-24,SPG,-0.050187808
2026-06-25,SPG,-0.051098283
2026-06-26,SPG,-0.050656915
2026-06-29,SPG,-0.05118646
2026-06-30,SPG,-0.060856048
2026-07-01,SPG,-0.059989396
2026-07-02,SPG,-0.061736647
2026-07-06,SPG,-0.06467046
2026-07-07,SPG,-0.06460873
2026-07-08,SPG,-0.077289425
2026-07-09,SPG,-0.08139402
2026-07-10,SPG,-0.14459439
2026-07-13,SPG,-0.073509865
2026-07-14,SPG,-0.04788609
2026-07-15,SPG,-0.049031083
2026-07-16,SPG,-0.03410742
2026-07-17,SPG,-0.03760168
2026-07-20,SPG,-0.049750954
2026-07-21,SPG,-0.041422132
2026-07-22,SPG,-0.049746495
2026-07-23,SPG,-0.05834149
2026-07-24,SPG,-0.05056114
2026-07-27,SPG,-0.033612043
2026-07-28,SPG,-0.031684402
2026-07-29,SPG,-0.026769815
2026-07-30,SPG,-0.02364347
2026-07-31,SPG,-0.042696718
2026-05-20,SPOT,0.092774
2026-05-21,SPOT,-0.017451037
2026-05-22,SPOT,-0.04709226
2026-05-26,SPOT,-0.022348344
2026-05-27,SPOT,-0.06570094
2026-05-28,SPOT,-0.07352516
2026-05-29,SPOT,-0.055539284
2026-06-01,SPOT,-0.08232917
2026-06-02,SPOT,-0.08411523
2026-06-03,SPOT,-0.04968108
2026-06-04,SPOT,-0.06730567
2026-06-05,SPOT,-0.090422876
2026-06-08,SPOT,-0.09931723
2026-06-09,SPOT,-0.091839604
2026-06-10,SPOT,-0.133281
2026-06-11,SPOT,-0.07701915
2026-06-12,SPOT,-0.069924705
2026-06-15,SPOT,-0.060927663
2026-06-16,SPOT,0.024909044
2026-06-17,SPOT,0.032388765
2026-06-18,SPOT,0.016902002
2026-06-22,SPOT,0.02690597
2026-06-23,SPOT,-0.008207553
2026-06-24,SPOT,0.005859522
2026-06-25,SPOT,-0.019999547
2026-06-26,SPOT,0.029240927
2026-06-29,SPOT,0.035472658
2026-06-30,SPOT,0.03397126
2026-07-01,SPOT,0.017396921
2026-07-02,SPOT,-0.07777429
2026-07-06,SPOT,-0.05517815
2026-07-07,SPOT,-0.10027629
2026-07-08,SPOT,-0.10357464
2026-07-09,SPOT,-0.121553026
2026-07-10,SPOT,-0.1308675
2026-07-13,SPOT,-0.15465622
2026-07-14,SPOT,-0.15926449
2026-07-15,SPOT,-0.159732
2026-07-16,SPOT,-0.16325141
2026-07-17,SPOT,-0.16825874
2026-07-20,SPOT,-0.13639344
2026-07-21,SPOT,-0.1372273
2026-07-22,SPOT,-0.15328361
2026-07-23,SPOT,-0.15121579
2026-07-24,SPOT,-0.15927708
2026-07-27,SPOT,-0.13496073
2026-07-28,SPOT,-0.12094291
2026-07-29,SPOT,-0.09617617
2026-07-30,SPOT,-0.1007885
2026-07-31,SPOT,-0.12801324
2026-05-20,SPY,-0.1638769
2026-05-21,SPY,-0.16516744
2026-05-22,SPY,-0.15605618
2026-05-26,SPY,-0.12716033
2026-05-27,SPY,-0.14734307
2026-05-28,SPY,-0.10207801
2026-05-29,SPY,-0.097786605
2026-06-01,SPY,-0.083580144
2026-06-02,SPY,-0.025971321
2026-06-03,SPY,-0.07955519
2026-06-04,SPY,-0.027243143
2026-06-05,SPY,-0.03316347
2026-06-08,SPY,-0.022945965
2026-06-09,SPY,-0.019653054
2026-06-10,SPY,-0.0305433
2026-06-11,SPY,-0.029618336
2026-06-12,SPY,-0.017862124
2026-06-15,SPY,-0.019453352
2026-06-16,SPY,-0.025198042
2026-06-17,SPY,-0.03700233
2026-06-18,SPY,-0.04025628
2026-06-22,SPY,-0.053942133
2026-06-23,SPY,-0.08089762
2026-06-24,SPY,-0.08778054
2026-06-25,SPY,-0.082538724
2026-06-26,SPY,-0.09454299
2026-06-29,SPY,-0.083205685
2026-06-30,SPY,-0.09020043
2026-07-01,SPY,-0.102694295
2026-07-02,SPY,-0.16745444
2026-07-06,SPY,-0.16516323
2026-07-07,SPY,-0.18666744
2026-07-08,SPY,-0.18989186
2026-07-09,SPY,-0.1871625
2026-07-10,SPY,-0.18971144
2026-07-13,SPY,-0.2141686
2026-07-14,SPY,-0.21395296
2026-07-15,SPY,-0.2106095
2026-07-16,SPY,-0.21594323
2026-07-17,SPY,-0.2277302
2026-07-20,SPY,-0.22784878
2026-07-21,SPY,-0.22791906
2026-07-22,SPY,-0.2299275
2026-07-23,SPY,-0.22838074
2026-07-24,SPY,-0.22992899
2026-07-27,SPY,-0.23181374
2026-07-28,SPY,-0.23400474
2026-07-29,SPY,-0.23869176
2026-07-30,SPY,-0.23655148
2026-07-31,SPY,-0.2332821
2026-05-20,T,-0.17252664
2026-05-21,T,-0.17210345
2026-05-22,T,-0.1806822
2026-05-26,T,-0.193821
2026-05-27,T,-0.19897223
2026-05-28,T,-0.193772
2026-05-29,T,-0.1934305
2026-06-01,T,-0.19859856
2026-06-02,T,-0.19475262
2026-06-03,T,-0.08885676
2026-06-04,T,-0.0010060561
2026-06-05,T,-0.009736753
2026-06-08,T,0.010245191
2026-06-09,T,0.0051912866
2026-06-10,T,-0.072555505
2026-06-11,T,-0.045312423
2026-06-12,T,-0.10666112
2026-06-15,T,-0.10764831
2026-06-16,T,-0.10740093
2026-06-17,T,-0.020377697
2026-06-18,T,-0.016486531
2026-06-22,T,-0.008421957
2026-06-23,T,-0.0965028
2026-06-24,T,-0.010225764
2026-06-25,T,-0.03719953
2026-06-26,T,-0.114202105
2026-06-29,T,0.013292342
2026-06-30,T,0.040622678
2026-07-01,T,0.03535669
2026-07-02,T,0.009874391
2026-07-06,T,0.022156693
2026-07-07,T,-0.036041953
2026-07-08,T,-0.021542527
2026-07-09,T,-0.02067276
2026-07-10,T,-0.021730637
2026-07-13,T,-0.011102192
2026-07-14,T,-0.029508797
2026-07-15,T,0.003516548
2026-07-16,T,-0.11401814
2026-07-17,T,-0.124904096
2026-07-20,T,-0.14876522
2026-07-21,T,-0.17091197
2026-07-22,T,-0.13675694
2026-07-23,T,-0.14088452
2026-07-24,T,-0.1267379
2026-07-27,T,-0.11499285
2026-07-28,T,-0.11125064
2026-07-29,T,-0.11964971
2026-07-30,T,-0.0701712
2026-07-31,T,-0.07083131
2026-05-20,TEAM,0.05916871
2026-05-21,TEAM,-0.07160085
2026-05-22,TEAM,0.043550164
2026-05-26,TEAM,0.026449999
2026-05-27,TEAM,0.1326773
2026-05-28,TEAM,0.18013626
2026-05-29,TEAM,0.10528908
2026-06-01,TEAM,0.097183965
2026-06-02,TEAM,0.1481412
2026-06-03,TEAM,0.07728735
2026-06-04,TEAM,0.06585262
2026-06-05,TEAM,0.047142904
2026-06-08,TEAM,0.024813741
2026-06-09,TEAM,0.07628367
2026-06-10,TEAM,0.07482671
2026-06-11,TEAM,0.036068957
2026-06-12,TEAM,0.10092884
2026-06-15,TEAM,0.1553305
2026-06-16,TEAM,0.084017865
2026-06-17,TEAM,0.0028297894
2026-06-18,TEAM,-0.009076244
2026-06-22,TEAM,-0.008040427
2026-06-23,TEAM,-0.01666557
2026-06-24,TEAM,-0.006019026
2026-06-25,TEAM,-0.004568767
2026-06-26,TEAM,0.022485932
2026-06-29,TEAM,0.026570117
2026-06-30,TEAM,0.024114119
2026-07-01,TEAM,0.008418606
2026-07-02,TEAM,0.012689546
2026-07-06,TEAM,0.041064423
2026-07-07,TEAM,-0.050673302
2026-07-08,TEAM,0.06379206
2026-07-09,TEAM,-0.005178828
2026-07-10,TEAM,0.032225784
2026-07-13,TEAM,0.009442132
2026-07-14,TEAM,0.002187917
2026-07-15,TEAM,-0.013576001
2026-07-16,TEAM,-0.017153503
2026-07-17,TEAM,0.0056836423
2026-07-20,TEAM,-0.0385399
2026-07-21,TEAM,-0.02663398
2026-07-22,TEAM,0.05571292
2026-07-23,TEAM,0.026178041
2026-07-24,TEAM,0.023850517
2026-07-27,TEAM,-0.042897966
2026-07-28,TEAM,0.0010627114
2026-07-29,TEAM,-0.016346546
2026-07-30,TEAM,-0.003566727
2026-07-31,TEAM,-0.025404109
2026-05-20,TJX,-0.16980855
2026-05-21,TJX,-0.17170648
2026-05-22,TJX,-0.17492588
2026-05-26,TJX,-0.17419697
2026-05-27,TJX,-0.19902462
2026-05-28,TJX,-0.20422202
2026-05-29,TJX,-0.20813753
2026-06-01,TJX,-0.20832759
2026-06-02,TJX,-0.21079111
2026-06-03,TJX,-0.20754264
2026-06-04,TJX,-0.20583697
2026-06-05,TJX,-0.194327
2026-06-08,TJX,-0.20232941
2026-06-09,TJX,-0.16866778
2026-06-10,TJX,-0.16966788
2026-06-11,TJX,-0.14232364
2026-06-12,TJX,-0.12919171
2026-06-15,TJX,-0.1723788
2026-06-16,TJX,-0.18150519
2026-06-17,TJX,-0.19415212
2026-06-18,TJX,-0.20056857
2026-06-22,TJX,-0.1987307
2026-06-23,TJX,-0.19518387
2026-06-24,TJX,-0.1912186
2026-06-25,TJX,-0.14087659
2026-06-26,TJX,-0.13875255
2026-06-29,TJX,-0.10746336
2026-06-30,TJX,-0.12086434
2026-07-01,TJX,-0.11748315
2026-07-02,TJX,-0.15662481
2026-07-06,TJX,-0.12576814
2026-07-07,TJX,-0.1661624
2026-07-08,TJX,-0.15560152
2026-07-09,TJX,-0.12523408
2026-07-10,TJX,-0.15651855
2026-07-13,TJX,-0.120786786
2026-07-14,TJX,-0.12773924
2026-07-15,TJX,-0.14521666
2026-07-16,TJX,-0.17887731
2026-07-17,TJX,-0.17903674
2026-07-20,TJX,-0.17939697
2026-07-21,TJX,-0.1804351
2026-07-22,TJX,-0.18343513
2026-07-23,TJX,-0.17803048
2026-07-24,TJX,-0.20301396
2026-07-27,TJX,-0.17986591
2026-07-28,TJX,-0.17170842
2026-07-29,TJX,-0.163543
2026-07-30,TJX,-0.18455803
2026-07-31,TJX,-0.20333283
2026-05-20,TLT,-0.23045729
2026-05-21,TLT,-0.2334971
2026-05-22,TLT,-0.23113982
2026-05-26,TLT,-0.22959985
2026-05-27,TLT,-0.22663951
2026-05-28,TLT,-0.22571063
2026-05-29,TLT,-0.22819968
2026-06-01,TLT,-0.22646461
2026-06-02,TLT,-0.23169176
2026-06-03,TLT,-0.22722153
2026-06-04,TLT,-0.23272927
2026-06-05,TLT,-0.2357301
2026-06-08,TLT,-0.23435451
2026-06-09,TLT,-0.2370172
2026-06-10,TLT,-0.23472933
2026-06-11,TLT,-0.2301693
2026-06-12,TLT,-0.23073916
2026-06-15,TLT,-0.22629984
2026-06-16,TLT,-0.23065448
2026-06-17,TLT,-0.23279572
2026-06-18,TLT,-0.22673215
2026-06-22,TLT,-0.23028104
2026-06-23,TLT,-0.23429997
2026-06-24,TLT,-0.22431095
2026-06-25,TLT,-0.22235836
2026-06-26,TLT,-0.22297819
2026-06-29,TLT,-0.22304219
2026-06-30,TLT,-0.22834395
2026-07-01,TLT,-0.22893697
2026-07-02,TLT,-0.22895141
2026-07-06,TLT,-0.22950207
2026-07-07,TLT,-0.23087835
2026-07-08,TLT,-0.2363264
2026-07-09,TLT,-0.23337293
2026-07-10,TLT,-0.23383248
2026-07-13,TLT,-0.23462386
2026-07-14,TLT,-0.2402129
2026-07-15,TLT,-0.2422369
2026-07-16,TLT,-0.24191071
2026-07-17,TLT,-0.23761268
2026-07-20,TLT,-0.24146938
2026-07-21,TLT,-0.23632294
2026-07-22,TLT,-0.23451729
2026-07-23,TLT,-0.24125111
2026-07-24,TLT,-0.24420404
2026-07-27,TLT,-0.24630862
2026-07-28,TLT,-0.24428868
2026-07-29,TLT,-0.24812639
2026-07-30,TLT,-0.24621095
2026-07-31,TLT,-0.24195017
2026-05-20,TMO,-0.095123015
2026-05-21,TMO,-0.09591917
2026-05-22,TMO,-0.09823152
2026-05-26,TMO,-0.10253435
2026-05-27,TMO,-0.10715425
2026-05-28,TMO,-0.11969745
2026-05-29,TMO,-0.1252637
2026-06-01,TMO,-0.12713145
2026-06-02,TMO,-0.09994782
2026-06-03,TMO,-0.11579866
2026-06-04,TMO,-0.18321584
2026-06-05,TMO,-0.17787147
2026-06-08,TMO,-0.14595261
2026-06-09,TMO,-0.1794158
2026-06-10,TMO,-0.1945641
2026-06-11,TMO,-0.18093193
2026-06-12,TMO,-0.15426528
2026-06-15,TMO,-0.18141317
2026-06-16,TMO,-0.17887627
2026-06-17,TMO,-0.15810421
2026-06-18,TMO,-0.15902783
2026-06-22,TMO,-0.15796424
2026-06-23,TMO,-0.16622563
2026-06-24,TMO,-0.16647923
2026-06-25,TMO,-0.13155305
2026-06-26,TMO,-0.12530051
2026-06-29,TMO,-0.13485132
2026-06-30,TMO,-0.153803
2026-07-01,TMO,-0.15190227
2026-07-02,TMO,-0.13819262
2026-07-06,TMO,-0.14990182
2026-07-07,TMO,-0.15283538
2026-07-08,TMO,-0.16746308
2026-07-09,TMO,-0.16250756
2026-07-10,TMO,-0.16308863
2026-07-13,TMO,-0.16019715
2026-07-14,TMO,-0.15738367
2026-07-15,TMO,-0.1532544
2026-07-16,TMO,-0.15156442
2026-07-17,TMO,-0.15838583
2026-07-20,TMO,-0.12823652
2026-07-21,TMO,-0.099503815
2026-07-22,TMO,-0.101219274
2026-07-23,TMO,-0.067629516
2026-07-24,TMO,-0.0741683
2026-07-27,TMO,-0.072005585
2026-07-28,TMO,-0.06628626
2026-07-29,TMO,-0.07814199
2026-07-30,TMO,-0.065729916
2026-07-31,TMO,-0.076516494
2026-05-20,TSLA,-0.05747365
2026-05-21,TSLA,-0.060557354
2026-05-22,TSLA,-0.085889824
2026-05-26,TSLA,-0.1091123
2026-05-27,TSLA,-0.10327256
2026-05-28,TSLA,-0.084123194
2026-05-29,TSLA,-0.13080339
2026-06-01,TSLA,-0.061487615
2026-06-02,TSLA,-0.06839146
2026-06-03,TSLA,-0.06526766
2026-06-04,TSLA,-0.054110806
2026-06-05,TSLA,0.008768832
2026-06-08,TSLA,-0.025767753
2026-06-09,TSLA,0.019089542
2026-06-10,TSLA,-0.00036889812
2026-06-11,TSLA,0.025049932
2026-06-12,TSLA,-0.028218942
2026-06-15,TSLA,-0.031749524
2026-06-16,TSLA,-0.02957849
2026-06-17,TSLA,-0.022763925
2026-06-18,TSLA,-0.014185563
2026-06-22,TSLA,-0.051646154
2026-06-23,TSLA,-0.0036239575
2026-06-24,TSLA,-0.012974687
2026-06-25,TSLA,-0.021093199
2026-06-26,TSLA,-0.018862845
2026-06-29,TSLA,-0.0945256
2026-06-30,TSLA,-0.09949241
2026-07-01,TSLA,-0.074584775
2026-07-02,TSLA,0.020287327
2026-07-06,TSLA,-0.0680298
2026-07-07,TSLA,-0.05310716
2026-07-08,TSLA,-0.015096073
2026-07-09,TSLA,-0.102968164
2026-07-10,TSLA,-0.12035928
2026-07-13,TSLA,-0.07794636
2026-07-14,TSLA,-0.111019045
2026-07-15,TSLA,-0.11071703
2026-07-16,TSLA,-0.10468379
2026-07-17,TSLA,-0.07207208
2026-07-20,TSLA,-0.047939178
2026-07-21,TSLA,-0.07120893
2026-07-22,TSLA,-0.06294421
2026-07-23,TSLA,0.08559606
2026-07-24,TSLA,0.10407338
2026-07-27,TSLA,0.11386456
2026-07-28,TSLA,0.100764476
2026-07-29,TSLA,0.11775321
2026-07-30,TSLA,0.09578564
2026-07-31,TSLA,0.09001807
2026-05-20,TSM,-0.1197384
2026-05-21,TSM,-0.11564282
2026-05-22,TSM,-0.119212694
2026-05-26,TSM,-0.0998168
2026-05-27,TSM,-0.08248753
2026-05-28,TSM,-0.061952334
2026-05-29,TSM,-0.10150687
2026-06-01,TSM,-0.02766555
2026-06-02,TSM,-0.011551611
2026-06-03,TSM,-0.02612383
2026-06-04,TSM,-0.011876079
2026-06-05,TSM,-0.025997393
2026-06-08,TSM,-0.051295966
2026-06-09,TSM,-0.045633744
2026-06-10,TSM,-0.02392619
2026-06-11,TSM,-0.035393488
2026-06-12,TSM,-0.03395809
2026-06-15,TSM,-0.021738214
2026-06-16,TSM,-0.016807362
2026-06-17,TSM,-0.011378985
2026-06-18,TSM,-0.021327106
2026-06-22,TSM,0.00015184346
2026-06-23,TSM,0.012539245
2026-06-24,TSM,0.01433482
2026-06-25,TSM,0.019763028
2026-06-26,TSM,-0.005691251
2026-06-29,TSM,-0.029020995
2026-06-30,TSM,-0.0057337345
2026-07-01,TSM,-0.009169833
2026-07-02,TSM,-0.008412679
2026-07-06,TSM,-0.051079065
2026-07-07,TSM,-0.029481793
2026-07-08,TSM,-0.028752727
2026-07-09,TSM,-0.0384905
2026-07-10,TSM,-0.061691392
2026-07-13,TSM,-0.029155267
2026-07-14,TSM,-0.029490404
2026-07-15,TSM,-0.025573952
2026-07-16,TSM,-0.025186652
2026-07-17,TSM,-0.012391564
2026-07-20,TSM,-0.016954957
2026-07-21,TSM,-0.009343613
2026-07-22,TSM,0.011663542
2026-07-23,TSM,0.028149137
2026-07-24,TSM,-0.029668035
2026-07-27,TSM,-0.04680559
2026-07-28,TSM,-0.043572977
2026-07-29,TSM,-0.0064021163
2026-07-30,TSM,0.050450325
2026-07-31,TSM,0.051734786
2026-05-20,TXN,0.20749275
2026-05-21,TXN,0.24765901
2026-05-22,TXN,0.21822472
2026-05-26,TXN,0.28403994
2026-05-27,TXN,0.28830457
2026-05-28,TXN,0.32867545
2026-05-29,TXN,0.31683013
2026-06-01,TXN,0.3213072
2026-06-02,TXN,0.35839856
2026-06-03,TXN,0.3627293
2026-06-04,TXN,0.32135472
2026-06-05,TXN,0.15322922
2026-06-08,TXN,0.23322053
2026-06-09,TXN,0.20205534
2026-06-10,TXN,0.16322027
2026-06-11,TXN,0.18382491
2026-06-12,TXN,0.179123
2026-06-15,TXN,0.18901886
2026-06-16,TXN,0.25919172
2026-06-17,TXN,0.25590587
2026-06-18,TXN,0.2055707
2026-06-22,TXN,0.20726387
2026-06-23,TXN,0.25539574
2026-06-24,TXN,0.2021298
2026-06-25,TXN,0.20966782
2026-06-26,TXN,0.10424819
2026-06-29,TXN,0.105368406
2026-06-30,TXN,0.12918384
2026-07-01,TXN,0.10323414
2026-07-02,TXN,0.07847913
2026-07-06,TXN,0.003340448
2026-07-07,TXN,0.054056283
2026-07-08,TXN,-0.013640839
2026-07-09,TXN,-0.015626572
2026-07-10,TXN,-0.017646994
2026-07-13,TXN,0.015858516
2026-07-14,TXN,-0.03656129
2026-07-15,TXN,-0.06656674
2026-07-16,TXN,0.0139042465
2026-07-17,TXN,-0.010448637
2026-07-20,TXN,-0.0094980365
2026-07-21,TXN,-0.0069343913
2026-07-22,TXN,-0.030673629
2026-07-23,TXN,-0.040271144
2026-07-24,TXN,-0.03963322
2026-07-27,TXN,-0.045720953
2026-07-28,TXN,-0.05810899
2026-07-29,TXN,-0.0486674
2026-07-30,TXN,-0.068572864
2026-07-31,TXN,-0.06501437
2026-05-20,UNH,0.058632445
2026-05-21,UNH,0.040940795
2026-05-22,UNH,0.06644849
2026-05-26,UNH,0.059174668
2026-05-27,UNH,0.04381043
2026-05-28,UNH,0.049791764
2026-05-29,UNH,0.07722964
2026-06-01,UNH,0.056194324
2026-06-02,UNH,0.06217581
2026-06-03,UNH,0.051468015
2026-06-04,UNH,0.109441556
2026-06-05,UNH,0.08565181
2026-06-08,UNH,0.11633726
2026-06-09,UNH,0.16762201
2026-06-10,UNH,0.11459229
2026-06-11,UNH,0.10834705
2026-06-12,UNH,0.112312414
2026-06-15,UNH,0.1254983
2026-06-16,UNH,0.13540816
2026-06-17,UNH,0.15136519
2026-06-18,UNH,0.15019868
2026-06-22,UNH,0.15724774
2026-06-23,UNH,0.14739414
2026-06-24,UNH,0.13508964
2026-06-25,UNH,0.07246185
2026-06-26,UNH,0.06082988
2026-06-29,UNH,-0.03810092
2026-06-30,UNH,-0.076882325
2026-07-01,UNH,-0.065930165
2026-07-02,UNH,-0.06947127
2026-07-06,UNH,-0.0701356
2026-07-07,UNH,-0.073300384
2026-07-08,UNH,-0.08418294
2026-07-09,UNH,-0.08028595
2026-07-10,UNH,-0.09212673
2026-07-13,UNH,-0.0819016
2026-07-14,UNH,-0.09998983
2026-07-15,UNH,-0.095354795
2026-07-16,UNH,-0.039315518
2026-07-17,UNH,-0.051643655
2026-07-20,UNH,-0.06949543
2026-07-21,UNH,-0.08632786
2026-07-22,UNH,-0.06877116
2026-07-23,UNH,-0.0823187
2026-07-24,UNH,-0.08729156
2026-07-27,UNH,-0.089881
2026-07-28,UNH,-0.08490028
2026-07-29,UNH,-0.09380654
2026-07-30,UNH,-0.1198124
2026-07-31,UNH,-0.11272788
2026-05-20,UNP,-0.19125943
2026-05-21,UNP,-0.1874402
2026-05-22,UNP,-0.1897678
2026-05-26,UNP,-0.17190558
2026-05-27,UNP,-0.15503375
2026-05-28,UNP,-0.16833358
2026-05-29,UNP,-0.15902258
2026-06-01,UNP,-0.15371943
2026-06-02,UNP,-0.16604418
2026-06-03,UNP,-0.13783175
2026-06-04,UNP,-0.145436
2026-06-05,UNP,-0.12393252
2026-06-08,UNP,-0.13420993
2026-06-09,UNP,-0.11203151
2026-06-10,UNP,-0.124336876
2026-06-11,UNP,-0.14633314
2026-06-12,UNP,-0.07089335
2026-06-15,UNP,-0.0930414
2026-06-16,UNP,-0.09488881
2026-06-17,UNP,-0.12688106
2026-06-18,UNP,-0.14208387
2026-06-22,UNP,-0.16782741
2026-06-23,UNP,-0.15472661
2026-06-24,UNP,-0.15721229
2026-06-25,UNP,-0.16123702
2026-06-26,UNP,-0.16195725
2026-06-29,UNP,-0.15043895
2026-06-30,UNP,-0.16987292
2026-07-01,UNP,-0.14595838
2026-07-02,UNP,-0.13688397
2026-07-06,UNP,-0.13937466
2026-07-07,UNP,-0.14685945
2026-07-08,UNP,-0.1544428
2026-07-09,UNP,-0.13869494
2026-07-10,UNP,-0.13880348
2026-07-13,UNP,-0.12417094
2026-07-14,UNP,-0.13692357
2026-07-15,UNP,-0.13723275
2026-07-16,UNP,-0.11442476
2026-07-17,UNP,-0.10213682
2026-07-20,UNP,-0.110845774
2026-07-21,UNP,-0.1347651
2026-07-22,UNP,-0.13903926
2026-07-23,UNP,-0.10872975
2026-07-24,UNP,-0.09610904
2026-07-27,UNP,-0.09676618
2026-07-28,UNP,-0.075855814
2026-07-29,UNP,-0.07824621
2026-07-30,UNP,-0.087447286
2026-07-31,UNP,-0.09457332
2026-05-20,V,-0.19483274
2026-05-21,V,-0.19431831
2026-05-22,V,-0.19780211
2026-05-26,V,-0.19253898
2026-05-27,V,-0.19512665
2026-05-28,V,-0.20433563
2026-05-29,V,-0.20358475
2026-06-01,V,-0.20124471
2026-06-02,V,-0.19708394
2026-06-03,V,-0.1705363
2026-06-04,V,-0.19131462
2026-06-05,V,-0.20272326
2026-06-08,V,-0.19981344
2026-06-09,V,-0.20252192
2026-06-10,V,-0.2073489
2026-06-11,V,-0.2061444
2026-06-12,V,-0.2094242
2026-06-15,V,-0.20691848
2026-06-16,V,-0.18829177
2026-06-17,V,-0.2007886
2026-06-18,V,-0.20020838
2026-06-22,V,-0.20086278
2026-06-23,V,-0.20188577
2026-06-24,V,-0.1923579
2026-06-25,V,-0.19784005
2026-06-26,V,-0.19158716
2026-06-29,V,-0.16613103
2026-06-30,V,-0.17411037
2026-07-01,V,-0.14346586
2026-07-02,V,-0.11275702
2026-07-06,V,-0.14173688
2026-07-07,V,-0.15562978
2026-07-08,V,-0.15326016
2026-07-09,V,-0.16222346
2026-07-10,V,-0.16524668
2026-07-13,V,-0.15461119
2026-07-14,V,-0.16451184
2026-07-15,V,-0.16481246
2026-07-16,V,-0.14296018
2026-07-17,V,-0.15683006
2026-07-20,V,-0.1546102
2026-07-21,V,-0.16433264
2026-07-22,V,-0.16609223
2026-07-23,V,-0.1792509
2026-07-24,V,-0.16745456
2026-07-27,V,-0.16666408
2026-07-28,V,-0.15566981
2026-07-29,V,-0.14497562
2026-07-30,V,-0.1555108
2026-07-31,V,-0.15180966
2026-05-20,VLO,-0.03595985
2026-05-21,VLO,0.012852699
2026-05-22,VLO,-0.0029970668
2026-05-26,VLO,-0.009137872
2026-05-27,VLO,-0.014908536
2026-05-28,VLO,-0.026928162
2026-05-29,VLO,-0.092315756
2026-06-01,VLO,-0.10232367
2026-06-02,VLO,-0.02028499
2026-06-03,VLO,-0.015098438
2026-06-04,VLO,-0.033607736
2026-06-05,VLO,-0.11947914
2026-06-08,VLO,-0.11212777
2026-06-09,VLO,-0.11738313
2026-06-10,VLO,-0.119282775
2026-06-11,VLO,-0.14180146
2026-06-12,VLO,-0.14446385
2026-06-15,VLO,-0.11399802
2026-06-16,VLO,-0.10431682
2026-06-17,VLO,-0.08942777
2026-06-18,VLO,-0.06136148
2026-06-22,VLO,-0.12834324
2026-06-23,VLO,-0.13239415
2026-06-24,VLO,-0.13801542
2026-06-25,VLO,-0.14044179
2026-06-26,VLO,-0.13425016
2026-06-29,VLO,-0.089713156
2026-06-30,VLO,-0.12569098
2026-07-01,VLO,-0.114733994
2026-07-02,VLO,-0.12802088
2026-07-06,VLO,-0.13365112
2026-07-07,VLO,-0.1365091
2026-07-08,VLO,-0.10312996
2026-07-09,VLO,-0.11245906
2026-07-10,VLO,-0.1151749
2026-07-13,VLO,-0.084652245
2026-07-14,VLO,-0.06255296
2026-07-15,VLO,-0.09189764
2026-07-16,VLO,-0.060857415
2026-07-17,VLO,-0.016913477
2026-07-20,VLO,0.00053493306
2026-07-21,VLO,0.017128583
2026-07-22,VLO,-0.010865749
2026-07-23,VLO,-0.053376857
2026-07-24,VLO,-0.062268067
2026-07-27,VLO,-0.06409759
2026-07-28,VLO,-0.058786392
2026-07-29,VLO,-0.05408294
2026-07-30,VLO,-0.028432732
2026-07-31,VLO,-0.022579333
2026-05-20,VRT,0.03263534
2026-05-21,VRT,0.051079016
2026-05-22,VRT,0.052362207
2026-05-26,VRT,0.075576074
2026-05-27,VRT,0.07338487
2026-05-28,VRT,0.07372994
2026-05-29,VRT,0.056136873
2026-06-01,VRT,0.07741661
2026-06-02,VRT,0.07076504
2026-06-03,VRT,0.042710662
2026-06-04,VRT,0.045773406
2026-06-05,VRT,0.04619665
2026-06-08,VRT,0.023906665
2026-06-09,VRT,0.04925801
2026-06-10,VRT,0.062806986
2026-06-11,VRT,0.04322137
2026-06-12,VRT,0.04533987
2026-06-15,VRT,0.057081904
2026-06-16,VRT,0.07428367
2026-06-17,VRT,0.054457884
2026-06-18,VRT,0.006433385
2026-06-22,VRT,0.0013083058
2026-06-23,VRT,0.06261082
2026-06-24,VRT,0.049035907
2026-06-25,VRT,0.046669472
2026-06-26,VRT,0.029946724
2026-06-29,VRT,0.019202009
2026-06-30,VRT,-0.032926884
2026-07-01,VRT,0.029750017
2026-07-02,VRT,0.048644092
2026-07-06,VRT,-0.011571482
2026-07-07,VRT,0.062558055
2026-07-08,VRT,-0.0040660775
2026-07-09,VRT,-0.054864924
2026-07-10,VRT,-0.0031090851
2026-07-13,VRT,0.047970045
2026-07-14,VRT,0.04403879
2026-07-15,VRT,0.04257989
2026-07-16,VRT,0.07633692
2026-07-17,VRT,0.10199938
2026-07-20,VRT,0.10502661
2026-07-21,VRT,0.059265345
2026-07-22,VRT,0.05785082
2026-07-23,VRT,0.050164614
2026-07-24,VRT,0.09806138
2026-07-27,VRT,0.1052096
2026-07-28,VRT,0.12607162
2026-07-29,VRT,0.18274797
2026-07-30,VRT,0.1784779
2026-07-31,VRT,0.18479091
2026-05-20,VTR,-0.19667844
2026-05-21,VTR,-0.20030688
2026-05-22,VTR,-0.20366134
2026-05-26,VTR,-0.19890475
2026-05-27,VTR,-0.20113994
2026-05-28,VTR,-0.16955169
2026-05-29,VTR,-0.16241084
2026-06-01,VTR,-0.15264136
2026-06-02,VTR,-0.105228566
2026-06-03,VTR,-0.112768196
2026-06-04,VTR,-0.1089179
2026-06-05,VTR,-0.13535002
2026-06-08,VTR,-0.10243233
2026-06-09,VTR,-0.14429198
2026-06-10,VTR,-0.11782054
2026-06-11,VTR,-0.11185431
2026-06-12,VTR,-0.118664265
2026-06-15,VTR,-0.1593343
2026-06-16,VTR,-0.14867288
2026-06-17,VTR,-0.15048851
2026-06-18,VTR,-0.1366725
2026-06-22,VTR,-0.16644786
2026-06-23,VTR,-0.17273067
2026-06-24,VTR,-0.15900017
2026-06-25,VTR,-0.1445561
2026-06-26,VTR,-0.13090248
2026-06-29,VTR,-0.13009621
2026-06-30,VTR,-0.17800264
2026-07-01,VTR,-0.14335357
2026-07-02,VTR,-0.1104717
2026-07-06,VTR,-0.13874741
2026-07-07,VTR,-0.11602064
2026-07-08,VTR,-0.15033832
2026-07-09,VTR,-0.15985356
2026-07-10,VTR,-0.16713788
2026-07-13,VTR,-0.15932739
2026-07-14,VTR,-0.15721929
2026-07-15,VTR,-0.15729828
2026-07-16,VTR,-0.13190795
2026-07-17,VTR,-0.1005083
2026-07-20,VTR,-0.09562107
2026-07-21,VTR,-0.08559641
2026-07-22,VTR,-0.11490088
2026-07-23,VTR,-0.11273261
2026-07-24,VTR,-0.097598225
2026-07-27,VTR,-0.10336438
2026-07-28,VTR,-0.14225765
2026-07-29,VTR,-0.13845146
2026-07-30,VTR,-0.06617152
2026-07-31,VTR,-0.074387655
2026-05-20,WDAY,-0.07252845
2026-05-21,WDAY,-0.022353409
2026-05-22,WDAY,-0.10717843
2026-05-26,WDAY,-0.06920081
2026-05-27,WDAY,-0.07412474
2026-05-28,WDAY,-0.12439378
2026-05-29,WDAY,-0.04896951
2026-06-01,WDAY,0.006028354
2026-06-02,WDAY,-0.022707224
2026-06-03,WDAY,-0.018244848
2026-06-04,WDAY,-0.023960665
2026-06-05,WDAY,-0.06337801
2026-06-08,WDAY,-0.05668843
2026-06-09,WDAY,-0.027465297
2026-06-10,WDAY,-0.021195559
2026-06-11,WDAY,-0.013163333
2026-06-12,WDAY,-0.016669234
2026-06-15,WDAY,0.004168225
2026-06-16,WDAY,0.040092483
2026-06-17,WDAY,0.049122076
2026-06-18,WDAY,0.04566365
2026-06-22,WDAY,0.035596516
2026-06-23,WDAY,0.0625551
2026-06-24,WDAY,0.07148775
2026-06-25,WDAY,0.06583653
2026-06-26,WDAY,0.075283326
2026-06-29,WDAY,0.09148267
2026-06-30,WDAY,0.083695926
2026-07-01,WDAY,0.027201379
2026-07-02,WDAY,0.015493888
2026-07-06,WDAY,-0.0019413084
2026-07-07,WDAY,-0.03997715
2026-07-08,WDAY,-0.015396961
2026-07-09,WDAY,-0.035461716
2026-07-10,WDAY,-0.03404633
2026-07-13,WDAY,-0.04709504
2026-07-14,WDAY,-0.036304004
2026-07-15,WDAY,-0.07841862
2026-07-16,WDAY,-0.040624123
2026-07-17,WDAY,-0.062139764
2026-07-20,WDAY,-0.049744736
2026-07-21,WDAY,-0.079325676
2026-07-22,WDAY,0.014391683
2026-07-23,WDAY,0.027093204
2026-07-24,WDAY,-0.044756357
2026-07-27,WDAY,-0.062523
2026-07-28,WDAY,-0.0026103277
2026-07-29,WDAY,0.040270142
2026-07-30,WDAY,0.024115773
2026-07-31,WDAY,0.03429899
2026-05-20,WDC,0.36661193
2026-05-21,WDC,0.3702705
2026-05-22,WDC,0.38096026
2026-05-26,WDC,0.38147464
2026-05-27,WDC,0.3823894
2026-05-28,WDC,0.37573394
2026-05-29,WDC,0.31994382
2026-06-01,WDC,0.27149895
2026-06-02,WDC,0.26917115
2026-06-03,WDC,0.2050464
2026-06-04,WDC,0.29534507
2026-06-05,WDC,0.18619317
2026-06-08,WDC,0.18586098
2026-06-09,WDC,0.1766781
2026-06-10,WDC,0.14323589
2026-06-11,WDC,0.31985465
2026-06-12,WDC,0.3712292
2026-06-15,WDC,0.32068804
2026-06-16,WDC,0.3150732
2026-06-17,WDC,0.30758467
2026-06-18,WDC,0.2775766
2026-06-22,WDC,0.2883784
2026-06-23,WDC,0.2625719
2026-06-24,WDC,0.32237124
2026-06-25,WDC,0.2832981
2026-06-26,WDC,0.24470694
2026-06-29,WDC,0.26564717
2026-06-30,WDC,0.25030681
2026-07-01,WDC,0.22945423
2026-07-02,WDC,0.16003549
2026-07-06,WDC,0.2428974
2026-07-07,WDC,0.27039656
2026-07-08,WDC,0.21355985
2026-07-09,WDC,0.20715553
2026-07-10,WDC,0.13672067
2026-07-13,WDC,0.15386336
2026-07-14,WDC,0.118529685
2026-07-15,WDC,0.03840537
2026-07-16,WDC,0.0506674
2026-07-17,WDC,0.035610113
2026-07-20,WDC,0.021042496
2026-07-21,WDC,0.088343285
2026-07-22,WDC,0.10347498
2026-07-23,WDC,0.12223501
2026-07-24,WDC,0.08185664
2026-07-27,WDC,0.05386865
2026-07-28,WDC,0.01950088
2026-07-29,WDC,0.053513724
2026-07-30,WDC,0.08503484
2026-07-31,WDC,0.09198909
2026-05-20,WELL,-0.17072739
2026-05-21,WELL,-0.18249999
2026-05-22,WELL,-0.18093622
2026-05-26,WELL,-0.15851356
2026-05-27,WELL,-0.17722242
2026-05-28,WELL,-0.17843457
2026-05-29,WELL,-0.1656844
2026-06-01,WELL,-0.119027615
2026-06-02,WELL,-0.095004916
2026-06-03,WELL,-0.1381551
2026-06-04,WELL,-0.14482582
2026-06-05,WELL,-0.10758504
2026-06-08,WELL,-0.14459144
2026-06-09,WELL,-0.14155343
2026-06-10,WELL,-0.14252746
2026-06-11,WELL,-0.16596968
2026-06-12,WELL,-0.13973045
2026-06-15,WELL,-0.14446658
2026-06-16,WELL,-0.15104552
2026-06-17,WELL,-0.14910392
2026-06-18,WELL,-0.16235018
2026-06-22,WELL,-0.16381012
2026-06-23,WELL,-0.058181077
2026-06-24,WELL,-0.06015788
2026-06-25,WELL,-0.04394506
2026-06-26,WELL,-0.034147456
2026-06-29,WELL,-0.02903709
2026-06-30,WELL,-0.056506116
2026-07-01,WELL,-0.031055445
2026-07-02,WELL,-0.039307427
2026-07-06,WELL,-0.047860403
2026-07-07,WELL,-0.04034488
2026-07-08,WELL,-0.10799288
2026-07-09,WELL,-0.11177969
2026-07-10,WELL,-0.12479059
2026-07-13,WELL,-0.120021336
2026-07-14,WELL,-0.118603684
2026-07-15,WELL,-0.120843835
2026-07-16,WELL,-0.094186805
2026-07-17,WELL,-0.052287202
2026-07-20,WELL,-0.048913926
2026-07-21,WELL,-0.043484807
2026-07-22,WELL,-0.051586222
2026-07-23,WELL,-0.056444243
2026-07-24,WELL,-0.04592031
2026-07-27,WELL,-0.031350095
2026-07-28,WELL,-0.06074284
2026-07-29,WELL,-0.047644872
2026-07-30,WELL,-0.04154013
2026-07-31,WELL,-0.036970843
2026-05-20,WFC,-0.1097714
2026-05-21,WFC,-0.1262004
2026-05-22,WFC,-0.101103626
2026-05-26,WFC,-0.17592819
2026-05-27,WFC,-0.1786799
2026-05-28,WFC,-0.17184834
2026-05-29,WFC,-0.18028276
2026-06-01,WFC,-0.19794053
2026-06-02,WFC,-0.171261
2026-06-03,WFC,-0.18313031
2026-06-04,WFC,-0.13264601
2026-06-05,WFC,-0.06195939
2026-06-08,WFC,-0.06525947
2026-06-09,WFC,-0.049352273
2026-06-10,WFC,-0.07023473
2026-06-11,WFC,-0.0758766
2026-06-12,WFC,-0.039460685
2026-06-15,WFC,-0.070752345
2026-06-16,WFC,-0.03639901
2026-06-17,WFC,-0.12978694
2026-06-18,WFC,-0.1387966
2026-06-22,WFC,-0.14735135
2026-06-23,WFC,-0.1278568
2026-06-24,WFC,-0.049955156
2026-06-25,WFC,-0.032782707
2026-06-26,WFC,-0.055226807
2026-06-29,WFC,-0.15126024
2026-06-30,WFC,-0.15662587
2026-07-01,WFC,-0.1346934
2026-07-02,WFC,-0.14016591
2026-07-06,WFC,-0.12659962
2026-07-07,WFC,-0.15331878
2026-07-08,WFC,-0.16512637
2026-07-09,WFC,-0.16207142
2026-07-10,WFC,-0.1359285
2026-07-13,WFC,-0.12012593
2026-07-14,WFC,-0.14084907
2026-07-15,WFC,-0.13666517
2026-07-16,WFC,-0.13653396
2026-07-17,WFC,-0.13822876
2026-07-20,WFC,-0.13343288
2026-07-21,WFC,-0.116520725
2026-07-22,WFC,-0.098822296
2026-07-23,WFC,-0.11101379
2026-07-24,WFC,-0.1127066
2026-07-27,WFC,-0.11397892
2026-07-28,WFC,-0.1399618
2026-07-29,WFC,-0.124814875
2026-07-30,WFC,-0.11709925
2026-07-31,WFC,-0.110044
2026-05-20,WMB,-0.19078171
2026-05-21,WMB,-0.19057755
2026-05-22,WMB,-0.18144526
2026-05-26,WMB,-0.18704712
2026-05-27,WMB,-0.14925414
2026-05-28,WMB,-0.1474088
2026-05-29,WMB,-0.117029645
2026-06-01,WMB,-0.074127376
2026-06-02,WMB,-0.12176905
2026-06-03,WMB,-0.1272002
2026-06-04,WMB,-0.15635486
2026-06-05,WMB,-0.15248272
2026-06-08,WMB,-0.13121314
2026-06-09,WMB,-0.14099847
2026-06-10,WMB,-0.18096226
2026-06-11,WMB,-0.15521745
2026-06-12,WMB,-0.18286008
2026-06-15,WMB,-0.14991021
2026-06-16,WMB,-0.15052782
2026-06-17,WMB,-0.14207831
2026-06-18,WMB,-0.18878506
2026-06-22,WMB,-0.16200888
2026-06-23,WMB,-0.17334308
2026-06-24,WMB,-0.17715879
2026-06-25,WMB,-0.15900208
2026-06-26,WMB,-0.14978956
2026-06-29,WMB,-0.18089493
2026-06-30,WMB,-0.15742147
2026-07-01,WMB,-0.14729191
2026-07-02,WMB,-0.15792616
2026-07-06,WMB,-0.1584381
2026-07-07,WMB,-0.19929902
2026-07-08,WMB,-0.19996615
2026-07-09,WMB,-0.19580513
2026-07-10,WMB,-0.19977076
2026-07-13,WMB,-0.19147968
2026-07-14,WMB,-0.19717886
2026-07-15,WMB,-0.19526303
2026-07-16,WMB,-0.19679587
2026-07-17,WMB,-0.19625936
2026-07-20,WMB,-0.19811887
2026-07-21,WMB,-0.19826709
2026-07-22,WMB,-0.20512217
2026-07-23,WMB,-0.20138855
2026-07-24,WMB,-0.20020038
2026-07-27,WMB,-0.14417112
2026-07-28,WMB,-0.12906969
2026-07-29,WMB,-0.13108708
2026-07-30,WMB,-0.15359409
2026-07-31,WMB,-0.18216653
2026-05-20,WMT,-0.08584293
2026-05-21,WMT,-0.08716623
2026-05-22,WMT,-0.077775724
2026-05-26,WMT,-0.09283034
2026-05-27,WMT,-0.09379205
2026-05-28,WMT,-0.085432164
2026-05-29,WMT,-0.10659327
2026-06-01,WMT,-0.099644594
2026-06-02,WMT,-0.104064405
2026-06-03,WMT,-0.0724942
2026-06-04,WMT,-0.06193486
2026-06-05,WMT,-0.03773822
2026-06-08,WMT,-0.048747677
2026-06-09,WMT,-0.037667852
2026-06-10,WMT,-0.06628243
2026-06-11,WMT,-0.06883211
2026-06-12,WMT,-0.02755875
2026-06-15,WMT,-0.02203603
2026-06-16,WMT,0.022077799
2026-06-17,WMT,-0.031612143
2026-06-18,WMT,-0.08947363
2026-06-22,WMT,-0.09605026
2026-06-23,WMT,-0.034632288
2026-06-24,WMT,-0.074951135
2026-06-25,WMT,-0.10743094
2026-06-26,WMT,-0.11595095
2026-06-29,WMT,-0.11482036
2026-06-30,WMT,-0.10829103
2026-07-01,WMT,-0.08716091
2026-07-02,WMT,-0.10933546
2026-07-06,WMT,-0.11273676
2026-07-07,WMT,-0.16314705
2026-07-08,WMT,-0.15065521
2026-07-09,WMT,-0.1715535
2026-07-10,WMT,-0.17134105
2026-07-13,WMT,-0.16040976
2026-07-14,WMT,-0.16596062
2026-07-15,WMT,-0.16562323
2026-07-16,WMT,-0.18552847
2026-07-17,WMT,-0.1914386
2026-07-20,WMT,-0.16407591
2026-07-21,WMT,-0.13324828
2026-07-22,WMT,-0.1203719
2026-07-23,WMT,-0.10565937
2026-07-24,WMT,-0.14040773
2026-07-27,WMT,-0.17742129
2026-07-28,WMT,-0.1750582
2026-07-29,WMT,-0.16277365
2026-07-30,WMT,-0.18330312
2026-07-31,WMT,-0.19682585
2026-05-20,XLE,-0.06925177
2026-05-21,XLE,-0.06490198
2026-05-22,XLE,-0.06572399
2026-05-26,XLE,-0.11612686
2026-05-27,XLE,-0.13713254
2026-05-28,XLE,-0.13921598
2026-05-29,XLE,-0.15313385
2026-06-01,XLE,-0.14506699
2026-06-02,XLE,-0.15256566
2026-06-03,XLE,-0.16126461
2026-06-04,XLE,-0.059704933
2026-06-05,XLE,-0.1499156
2026-06-08,XLE,-0.15995319
2026-06-09,XLE,-0.16898097
2026-06-10,XLE,-0.17633873
2026-06-11,XLE,-0.18664433
2026-06-12,XLE,-0.16822016
2026-06-15,XLE,-0.15502882
2026-06-16,XLE,-0.14139259
2026-06-17,XLE,-0.13535249
2026-06-18,XLE,-0.10748718
2026-06-22,XLE,-0.120326005
2026-06-23,XLE,-0.12128511
2026-06-24,XLE,-0.09892911
2026-06-25,XLE,-0.111817755
2026-06-26,XLE,-0.11781164
2026-06-29,XLE,-0.11110004
2026-06-30,XLE,-0.115171075
2026-07-01,XLE,-0.13146996
2026-07-02,XLE,-0.1408378
2026-07-06,XLE,-0.14495601
2026-07-07,XLE,-0.19836289
2026-07-08,XLE,-0.18463747
2026-07-09,XLE,-0.19405492
2026-07-10,XLE,-0.19387694
2026-07-13,XLE,-0.1857754
2026-07-14,XLE,-0.19722636
2026-07-15,XLE,-0.20055886
2026-07-16,XLE,-0.19859159
2026-07-17,XLE,-0.19384915
2026-07-20,XLE,-0.193982
2026-07-21,XLE,-0.19206823
2026-07-22,XLE,-0.16722918
2026-07-23,XLE,-0.1475087
2026-07-24,XLE,-0.14912654
2026-07-27,XLE,-0.17276818
2026-07-28,XLE,-0.1831767
2026-07-29,XLE,-0.17076804
2026-07-30,XLE,-0.17273091
2026-07-31,XLE,-0.16617163
2026-05-20,XLF,-0.20885122
2026-05-21,XLF,-0.20885122
2026-05-22,XLF,-0.20598221
2026-05-26,XLF,-0.20887618
2026-05-27,XLF,-0.20940425
2026-05-28,XLF,-0.2085054
2026-05-29,XLF,-0.21028988
2026-06-01,XLF,-0.208884
2026-06-02,XLF,-0.19087772
2026-06-03,XLF,-0.19690172
2026-06-04,XLF,-0.10617889
2026-06-05,XLF,-0.068787806
2026-06-08,XLF,-0.080883205
2026-06-09,XLF,-0.07841593
2026-06-10,XLF,-0.11312207
2026-06-11,XLF,-0.117467664
2026-06-12,XLF,-0.09283263
2026-06-15,XLF,-0.089713655
2026-06-16,XLF,-0.082755424
2026-06-17,XLF,-0.10866034
2026-06-18,XLF,-0.17240517
2026-06-22,XLF,-0.17127119
2026-06-23,XLF,-0.11111904
2026-06-24,XLF,-0.11401323
2026-06-25,XLF,-0.16920401
2026-06-26,XLF,-0.17306785
2026-06-29,XLF,-0.1729862
2026-06-30,XLF,-0.19760902
2026-07-01,XLF,-0.18319063
2026-07-02,XLF,-0.16851066
2026-07-06,XLF,-0.16150297
2026-07-07,XLF,-0.18654156
2026-07-08,XLF,-0.20174362
2026-07-09,XLF,-0.19637372
2026-07-10,XLF,-0.19470964
2026-07-13,XLF,-0.19107775
2026-07-14,XLF,-0.16369887
2026-07-15,XLF,-0.1593137
2026-07-16,XLF,-0.15705518
2026-07-17,XLF,-0.16835648
2026-07-20,XLF,-0.17206536
2026-07-21,XLF,-0.15696302
2026-07-22,XLF,-0.15577151
2026-07-23,XLF,-0.17486572
2026-07-24,XLF,-0.16635479
2026-07-27,XLF,-0.15498333
2026-07-28,XLF,-0.14718536
2026-07-29,XLF,-0.1588583
2026-07-30,XLF,-0.14394559
2026-07-31,XLF,-0.15678145
2026-05-20,XLI,-0.20973413
2026-05-21,XLI,-0.21315008
2026-05-22,XLI,-0.21437454
2026-05-26,XLI,-0.21257424
2026-05-27,XLI,-0.2108919
2026-05-28,XLI,-0.21149649
2026-05-29,XLI,-0.21049649
2026-06-01,XLI,-0.20980091
2026-06-02,XLI,-0.2111287
2026-06-03,XLI,-0.20851322
2026-06-04,XLI,-0.20315428
2026-06-05,XLI,-0.21034604
2026-06-08,XLI,-0.20962267
2026-06-09,XLI,-0.20179647
2026-06-10,XLI,-0.20677347
2026-06-11,XLI,-0.20828933
2026-06-12,XLI,-0.2022223
2026-06-15,XLI,-0.19641311
2026-06-16,XLI,-0.17272358
2026-06-17,XLI,-0.18518098
2026-06-18,XLI,-0.1862381
2026-06-22,XLI,-0.1848896
2026-06-23,XLI,-0.19824068
2026-06-24,XLI,-0.1805078
2026-06-25,XLI,-0.16709305
2026-06-26,XLI,-0.19394928
2026-06-29,XLI,-0.19361304
2026-06-30,XLI,-0.18861549
2026-07-01,XLI,-0.19135636
2026-07-02,XLI,-0.19327545
2026-07-06,XLI,-0.19390397
2026-07-07,XLI,-0.20127672
2026-07-08,XLI,-0.20395188
2026-07-09,XLI,-0.20290641
2026-07-10,XLI,-0.20303296
2026-07-13,XLI,-0.20657022
2026-07-14,XLI,-0.20785826
2026-07-15,XLI,-0.20517235
2026-07-16,XLI,-0.20705111
2026-07-17,XLI,-0.20731324
2026-07-20,XLI,-0.20656407
2026-07-21,XLI,-0.20756866
2026-07-22,XLI,-0.20690794
2026-07-23,XLI,-0.19802044
2026-07-24,XLI,-0.20077986
2026-07-27,XLI,-0.20244181
2026-07-28,XLI,-0.2089544
2026-07-29,XLI,-0.21307908
2026-07-30,XLI,-0.2152281
2026-07-31,XLI,-0.2087931
2026-05-20,XLK,0.005747661
2026-05-21,XLK,0.00233751
2026-05-22,XLK,-0.005514858
2026-05-26,XLK,-0.006417925
2026-05-27,XLK,-0.013203148
2026-05-28,XLK,-0.012232173
2026-05-29,XLK,0.03792833
2026-06-01,XLK,0.085318364
2026-06-02,XLK,0.21623309
2026-06-03,XLK,0.20548856
2026-06-04,XLK,0.054727215
2026-06-05,XLK,0.08324284
2026-06-08,XLK,0.084393404
2026-06-09,XLK,0.08454054
2026-06-10,XLK,0.09230483
2026-06-11,XLK,0.08201557
2026-06-12,XLK,0.08695853
2026-06-15,XLK,0.06832687
2026-06-16,XLK,0.06440955
2026-06-17,XLK,0.043538284
2026-06-18,XLK,0.039385546
2026-06-22,XLK,0.03264839
2026-06-23,XLK,0.049742725
2026-06-24,XLK,0.054450125
2026-06-25,XLK,0.03449459
2026-06-26,XLK,0.0406467
2026-06-29,XLK,0.025603628
2026-06-30,XLK,0.023301667
2026-07-01,XLK,0.010779881
2026-07-02,XLK,0.0112598045
2026-07-06,XLK,-9.91784e-05
2026-07-07,XLK,-0.0076961652
2026-07-08,XLK,-0.0049140807
2026-07-09,XLK,-0.0041826325
2026-07-10,XLK,-0.0019664383
2026-07-13,XLK,0.013578805
2026-07-14,XLK,0.014909645
2026-07-15,XLK,-0.008030655
2026-07-16,XLK,-0.016062126
2026-07-17,XLK,-0.09266613
2026-07-20,XLK,-0.0969229
2026-07-21,XLK,-0.053609904
2026-07-22,XLK,-0.1388114
2026-07-23,XLK,-0.15589985
2026-07-24,XLK,-0.13998017
2026-07-27,XLK,-0.120438516
2026-07-28,XLK,-0.048913002
2026-07-29,XLK,-0.09380478
2026-07-30,XLK,-0.13551699
2026-07-31,XLK,-0.15663733
2026-05-20,XLU,-0.22658253
2026-05-21,XLU,-0.23147796
2026-05-22,XLU,-0.22970475
2026-05-26,XLU,-0.23201515
2026-05-27,XLU,-0.23372084
2026-05-28,XLU,-0.22978772
2026-05-29,XLU,-0.23114972
2026-06-01,XLU,-0.20345338
2026-06-02,XLU,-0.22339547
2026-06-03,XLU,-0.22746237
2026-06-04,XLU,-0.23577605
2026-06-05,XLU,-0.23594153
2026-06-08,XLU,-0.22911914
2026-06-09,XLU,-0.23879363
2026-06-10,XLU,-0.24009466
2026-06-11,XLU,-0.24052353
2026-06-12,XLU,-0.22723277
2026-06-15,XLU,-0.2214951
2026-06-16,XLU,-0.1274317
2026-06-17,XLU,-0.21497597
2026-06-18,XLU,-0.21190202
2026-06-22,XLU,-0.22127283
2026-06-23,XLU,-0.21716638
2026-06-24,XLU,-0.21417093
2026-06-25,XLU,-0.20910227
2026-06-26,XLU,-0.18301922
2026-06-29,XLU,-0.20409034
2026-06-30,XLU,-0.22238477
2026-07-01,XLU,-0.23151308
2026-07-02,XLU,-0.21757156
2026-07-06,XLU,-0.22145164
2026-07-07,XLU,-0.22032587
2026-07-08,XLU,-0.2224706
2026-07-09,XLU,-0.22173576
2026-07-10,XLU,-0.22051275
2026-07-13,XLU,-0.21847312
2026-07-14,XLU,-0.21975313
2026-07-15,XLU,-0.22230826
2026-07-16,XLU,-0.21927603
2026-07-17,XLU,-0.22730005
2026-07-20,XLU,-0.22849138
2026-07-21,XLU,-0.22861087
2026-07-22,XLU,-0.2175159
2026-07-23,XLU,-0.21274722
2026-07-24,XLU,-0.21091133
2026-07-27,XLU,-0.22634138
2026-07-28,XLU,-0.22746553
2026-07-29,XLU,-0.227006
2026-07-30,XLU,-0.2261076
2026-07-31,XLU,-0.22875589
2026-05-20,XLV,-0.22503276
2026-05-21,XLV,-0.22132462
2026-05-22,XLV,-0.21681367
2026-05-26,XLV,-0.21817179
2026-05-27,XLV,-0.21937679
2026-05-28,XLV,-0.21536577
2026-05-29,XLV,-0.21939673
2026-06-01,XLV,-0.22018236
2026-06-02,XLV,-0.22239967
2026-06-03,XLV,-0.22136743
2026-06-04,XLV,-0.2082326
2026-06-05,XLV,-0.20465891
2026-06-08,XLV,-0.2068547
2026-06-09,XLV,-0.1961612
2026-06-10,XLV,-0.20629394
2026-06-11,XLV,-0.20667547
2026-06-12,XLV,-0.20670553
2026-06-15,XLV,-0.20665753
2026-06-16,XLV,-0.20768511
2026-06-17,XLV,-0.21614797
2026-06-18,XLV,-0.21385504
2026-06-22,XLV,-0.21626712
2026-06-23,XLV,-0.20936455
2026-06-24,XLV,-0.20647217
2026-06-25,XLV,-0.20330071
2026-06-26,XLV,-0.15637316
2026-06-29,XLV,-0.15462893
2026-06-30,XLV,-0.18801932
2026-07-01,XLV,-0.17875834
2026-07-02,XLV,-0.14780623
2026-07-06,XLV,-0.17286062
2026-07-07,XLV,-0.15141822
2026-07-08,XLV,-0.17091243
2026-07-09,XLV,-0.1714098
2026-07-10,XLV,-0.18189724
2026-07-13,XLV,-0.17658393
2026-07-14,XLV,-0.18493511
2026-07-15,XLV,-0.18483455
2026-07-16,XLV,-0.17314811
2026-07-17,XLV,-0.17855571
2026-07-20,XLV,-0.18225159
2026-07-21,XLV,-0.17773487
2026-07-22,XLV,-0.17858654
2026-07-23,XLV,-0.17365853
2026-07-24,XLV,-0.1741188
2026-07-27,XLV,-0.16710176
2026-07-28,XLV,-0.14239858
2026-07-29,XLV,-0.14194156
2026-07-30,XLV,-0.16801052
2026-07-31,XLV,-0.17019987
2026-05-20,XLY,-0.20379226
2026-05-21,XLY,-0.20097758
2026-05-22,XLY,-0.20529151
2026-05-26,XLY,-0.20412518
2026-05-27,XLY,-0.16846693
2026-05-28,XLY,-0.17624454
2026-05-29,XLY,-0.18722321
2026-06-01,XLY,-0.20887673
2026-06-02,XLY,-0.20529048
2026-06-03,XLY,-0.1979041
2026-06-04,XLY,-0.20665736
2026-06-05,XLY,-0.18159024
2026-06-08,XLY,-0.18546085
2026-06-09,XLY,-0.19983064
2026-06-10,XLY,-0.16559774
2026-06-11,XLY,-0.19936144
2026-06-12,XLY,-0.20230965
2026-06-15,XLY,-0.19944121
2026-06-16,XLY,-0.19752093
2026-06-17,XLY,-0.19512554
2026-06-18,XLY,-0.2077899
2026-06-22,XLY,-0.18985195
2026-06-23,XLY,-0.18681122
2026-06-24,XLY,-0.19199698
2026-06-25,XLY,-0.19848455
2026-06-26,XLY,-0.19743097
2026-06-29,XLY,-0.21231334
2026-06-30,XLY,-0.20905685
2026-07-01,XLY,-0.20474051
2026-07-02,XLY,-0.22355618
2026-07-06,XLY,-0.21569856
2026-07-07,XLY,-0.22810775
2026-07-08,XLY,-0.22862494
2026-07-09,XLY,-0.23259406
2026-07-10,XLY,-0.23102772
2026-07-13,XLY,-0.23424383
2026-07-14,XLY,-0.23585825
2026-07-15,XLY,-0.23245311
2026-07-16,XLY,-0.2326929
2026-07-17,XLY,-0.23675323
2026-07-20,XLY,-0.23494922
2026-07-21,XLY,-0.23563635
2026-07-22,XLY,-0.23443253
2026-07-23,XLY,-0.18092732
2026-07-24,XLY,-0.18893582
2026-07-27,XLY,-0.20012693
2026-07-28,XLY,-0.21778326
2026-07-29,XLY,-0.20501502
2026-07-30,XLY,-0.22563525
2026-07-31,XLY,-0.19948484
2026-05-20,XOM,-0.14575346
2026-05-21,XOM,-0.14781731
2026-05-22,XOM,-0.14318801
2026-05-26,XOM,-0.14127274
2026-05-27,XOM,-0.14759079
2026-05-28,XOM,-0.13333623
2026-05-29,XOM,-0.110384606
2026-06-01,XOM,-0.15749645
2026-06-02,XOM,-0.16015239
2026-06-03,XOM,-0.12753086
2026-06-04,XOM,-0.16149734
2026-06-05,XOM,-0.18066739
2026-06-08,XOM,-0.17516881
2026-06-09,XOM,-0.1736974
2026-06-10,XOM,-0.18043403
2026-06-11,XOM,-0.14375138
2026-06-12,XOM,-0.15190096
2026-06-15,XOM,-0.06886783
2026-06-16,XOM,-0.086767234
2026-06-17,XOM,-0.08602146
2026-06-18,XOM,-0.062948726
2026-06-22,XOM,-0.075015806
2026-06-23,XOM,-0.08835312
2026-06-24,XOM,-0.036829047
2026-06-25,XOM,-0.0771397
2026-06-26,XOM,-0.08739602
2026-06-29,XOM,-0.09188791
2026-06-30,XOM,-0.12892807
2026-07-01,XOM,-0.12763925
2026-07-02,XOM,-0.13883936
2026-07-06,XOM,-0.12786669
2026-07-07,XOM,-0.17415202
2026-07-08,XOM,-0.17131718
2026-07-09,XOM,-0.14751892
2026-07-10,XOM,-0.1653439
2026-07-13,XOM,-0.18196087
2026-07-14,XOM,-0.17533095
2026-07-15,XOM,-0.18423714
2026-07-16,XOM,-0.17048325
2026-07-17,XOM,-0.19530773
2026-07-20,XOM,-0.19633259
2026-07-21,XOM,-0.15474631
2026-07-22,XOM,-0.1433837
2026-07-23,XOM,-0.118706204
2026-07-24,XOM,-0.12800412
2026-07-27,XOM,-0.16873635
2026-07-28,XOM,-0.17557602
2026-07-29,XOM,-0.15744533
2026-07-30,XOM,-0.1582311
2026-07-31,XOM,-0.1630201
2026-05-20,ZM,0.07754443
2026-05-21,ZM,0.04775254
2026-05-22,ZM,0.08946422
2026-05-26,ZM,0.10742854
2026-05-27,ZM,0.091388464
2026-05-28,ZM,0.08187853
2026-05-29,ZM,0.06749084
2026-06-01,ZM,0.10440572
2026-06-02,ZM,0.09208119
2026-06-03,ZM,0.056156483
2026-06-04,ZM,0.052701395
2026-06-05,ZM,0.07323428
2026-06-08,ZM,0.076161794
2026-06-09,ZM,0.07865099
2026-06-10,ZM,0.03464469
2026-06-11,ZM,0.012952313
2026-06-12,ZM,0.020334018
2026-06-15,ZM,0.017155087
2026-06-16,ZM,0.007654447
2026-06-17,ZM,0.032210093
2026-06-18,ZM,0.036000047
2026-06-22,ZM,0.050368786
2026-06-23,ZM,0.031735603
2026-06-24,ZM,0.05915146
2026-06-25,ZM,0.04707351
2026-06-26,ZM,0.07395338
2026-06-29,ZM,0.07325072
2026-06-30,ZM,0.055058915
2026-07-01,ZM,0.055596124
2026-07-02,ZM,0.07365394
2026-07-06,ZM,0.06794176
2026-07-07,ZM,0.079370774
2026-07-08,ZM,0.07984413
2026-07-09,ZM,0.0782998
2026-07-10,ZM,0.06787192
2026-07-13,ZM,0.034325466
2026-07-14,ZM,0.033669904
2026-07-15,ZM,-0.032925084
2026-07-16,ZM,-0.05349065
2026-07-17,ZM,-0.04613862
2026-07-20,ZM,-0.03957678
2026-07-21,ZM,-0.021215213
2026-07-22,ZM,0.06727911
2026-07-23,ZM,0.0733314
2026-07-24,ZM,-0.01436706
2026-07-27,ZM,-0.12642749
2026-07-28,ZM,-0.12731251
2026-07-29,ZM,-0.15036894
2026-07-30,ZM,-0.1509685
2026-07-31,ZM,-0.12741956
2026-05-20,ZS,0.14933181
2026-05-21,ZS,0.09033283
2026-05-22,ZS,0.35645553
2026-05-26,ZS,0.3051438
2026-05-27,ZS,-0.021990893
2026-05-28,ZS,0.02392076
2026-05-29,ZS,0.053478718
2026-06-01,ZS,-0.015563503
2026-06-02,ZS,0.031916495
2026-06-03,ZS,0.019522777
2026-06-04,ZS,0.012577136
2026-06-05,ZS,0.015555612
2026-06-08,ZS,0.0016352019
2026-06-09,ZS,0.021717237
2026-06-10,ZS,0.027277604
2026-06-11,ZS,0.05934523
2026-06-12,ZS,0.04934442
2026-06-15,ZS,0.055173267
2026-06-16,ZS,0.05676201
2026-06-17,ZS,0.030668475
2026-06-18,ZS,0.04313078
2026-06-22,ZS,0.014556679
2026-06-23,ZS,0.0129463365
2026-06-24,ZS,0.05957839
2026-06-25,ZS,0.055401832
2026-06-26,ZS,0.10472598
2026-06-29,ZS,0.15105991
2026-06-30,ZS,0.12740733
2026-07-01,ZS,0.045562644
2026-07-02,ZS,0.05218749
2026-07-06,ZS,0.054115057
2026-07-07,ZS,0.061311495
2026-07-08,ZS,0.046841815
2026-07-09,ZS,0.08442401
2026-07-10,ZS,0.08555377
2026-07-13,ZS,0.035112087
2026-07-14,ZS,-0.036158744
2026-07-15,ZS,-0.0165677
2026-07-16,ZS,-0.044631656
2026-07-17,ZS,-0.06151561
2026-07-20,ZS,-0.08423671
2026-07-21,ZS,-0.08571052
2026-07-22,ZS,-0.02271191
2026-07-23,ZS,-0.0052919374
2026-07-24,ZS,0.0015349127
2026-07-27,ZS,-0.03277275
2026-07-28,ZS,-0.09278044
2026-07-29,ZS,-0.08917338
2026-07-30,ZS,-0.07143257
2026-07-31,ZS,-0.10785218
