date,label,arm,g
2016-12-29,z,treatment_u,0.4928851274964489
2016-12-30,z,treatment_u,0.579700509144753
2017-01-03,z,treatment_u,0.5720586642307199
2017-01-04,z,treatment_u,0.09617365470526536
2017-01-05,z,treatment_u,0.16189784165156584
2017-01-06,z,treatment_u,0.018892588782740985
2017-01-09,z,treatment_u,-0.04428633093139835
2017-01-10,z,treatment_u,-0.092938547982562
2017-01-11,z,treatment_u,0.10275627087429536
2017-01-12,z,treatment_u,0.20314465613048724
2017-01-13,z,treatment_u,0.14220824074073474
2017-01-17,z,treatment_u,0.46725426753321264
2017-01-18,z,treatment_u,0.40562347296523243
2017-01-19,z,treatment_u,0.5077910248633088
2017-01-20,z,treatment_u,0.5332206912440549
2017-01-23,z,treatment_u,0.5460507646676499
2017-01-24,z,treatment_u,0.3491326862708423
2017-01-25,z,treatment_u,0.18048245816207723
2017-01-26,z,treatment_u,0.3076177519085377
2017-01-27,z,treatment_u,0.2343071137062792
2017-01-30,z,treatment_u,0.21362346137023586
2017-01-31,z,treatment_u,0.24983653729198796
2017-02-01,z,treatment_u,-0.07819850909274509
2017-02-02,z,treatment_u,0.009859270237741209
2017-02-03,z,treatment_u,0.265305227874599
2017-02-06,z,treatment_u,0.2067781522162468
2017-02-07,z,treatment_u,-0.14485702334799017
2017-02-08,z,treatment_u,-0.04039512340389836
2017-02-09,z,treatment_u,-0.040586153274100506
2017-02-10,z,treatment_u,-0.06336340481243966
2017-02-13,z,treatment_u,-0.021772417600466266
2017-02-14,z,treatment_u,0.07025718052763609
2017-02-15,z,treatment_u,0.010496416764051145
2017-02-16,z,treatment_u,0.05118687784425374
2017-02-17,z,treatment_u,-0.07869622573716034
2017-02-21,z,treatment_u,-0.15770148105991086
2017-02-22,z,treatment_u,-0.045594989847103876
2017-02-23,z,treatment_u,0.04917874829297445
2017-02-24,z,treatment_u,0.100776213138507
2017-02-27,z,treatment_u,0.005450305769575133
2017-02-28,z,treatment_u,0.030339441719190244
2017-03-01,z,treatment_u,-0.10842259350622646
2017-03-02,z,treatment_u,-0.04230177650271374
2017-03-03,z,treatment_u,0.0185966768290907
2017-03-06,z,treatment_u,0.049177118570528346
2017-03-07,z,treatment_u,-0.07492457263322114
2017-03-08,z,treatment_u,-0.07752919154986111
2017-03-09,z,treatment_u,0.06017921929693408
2017-03-10,z,treatment_u,0.10429314583445727
2017-03-13,z,treatment_u,0.17182245249965497
2017-03-14,z,treatment_u,0.27761309691817293
2017-03-15,z,treatment_u,0.5463592733183885
2017-03-16,z,treatment_u,0.45121338558632507
2017-03-17,z,treatment_u,0.2639967998915447
2017-03-20,z,treatment_u,0.2712964545073208
2017-03-21,z,treatment_u,0.38345441752571646
2017-03-22,z,treatment_u,0.3411327900077595
2017-03-23,z,treatment_u,0.3743954683109888
2017-03-24,z,treatment_u,0.2393252387744473
2017-03-27,z,treatment_u,0.23531425963102648
2017-03-28,z,treatment_u,0.1827771505547355
2017-03-29,z,treatment_u,0.48341419389396567
2017-03-30,z,treatment_u,0.4560069917157223
2017-03-31,z,treatment_u,0.39035678578620947
2017-04-03,z,treatment_u,0.43723449606895365
2017-04-04,z,treatment_u,0.4142019150300892
2017-04-05,z,treatment_u,0.46164432767114866
2017-04-06,z,treatment_u,0.5167549138322256
2017-04-07,z,treatment_u,0.4537519900581907
2017-04-10,z,treatment_u,0.5980245858540916
2017-04-11,z,treatment_u,0.58325367457176
2017-04-12,z,treatment_u,0.4714488850132233
2017-04-13,z,treatment_u,0.7803790822216076
2017-04-17,z,treatment_u,0.7019371211284088
2017-04-18,z,treatment_u,0.46515956708579315
2017-04-19,z,treatment_u,0.6863819165295285
2017-04-20,z,treatment_u,0.7302942294222868
2017-04-21,z,treatment_u,0.8114476638176656
2017-04-24,z,treatment_u,0.7376331703603092
2017-04-25,z,treatment_u,0.828037097825097
2017-04-26,z,treatment_u,0.8688408794612663
2017-04-27,z,treatment_u,0.8484498599680822
2017-04-28,z,treatment_u,0.8212651594278382
2017-05-01,z,treatment_u,0.7125379159973845
2017-05-02,z,treatment_u,0.9485689558096372
2017-05-03,z,treatment_u,0.9856273408909743
2017-05-04,z,treatment_u,0.944251097782791
2017-05-05,z,treatment_u,0.8093378291202378
2017-05-08,z,treatment_u,0.7907495681041323
2017-05-09,z,treatment_u,0.6455960605826077
2017-05-10,z,treatment_u,0.5163538886365723
2017-05-11,z,treatment_u,0.5680096046045953
2017-05-12,z,treatment_u,0.5075239844491017
2017-05-15,z,treatment_u,0.40068323636029396
2017-05-16,z,treatment_u,0.39551845436337946
2017-05-17,z,treatment_u,0.5374107885978711
2017-05-18,z,treatment_u,0.52838772031867
2017-05-19,z,treatment_u,0.5505769933254961
2017-05-22,z,treatment_u,0.4807086512723474
2017-05-23,z,treatment_u,0.8700116543099407
2017-05-24,z,treatment_u,0.6467419266966953
2017-05-25,z,treatment_u,0.6332402946130455
2017-05-26,z,treatment_u,0.6166468321779461
2017-05-30,z,treatment_u,0.8221528742860187
2017-05-31,z,treatment_u,0.5565764442367308
2017-06-01,z,treatment_u,0.6344672410389417
2017-06-02,z,treatment_u,0.6617217916710684
2017-06-05,z,treatment_u,0.6586519469124691
2017-06-06,z,treatment_u,0.580252292144538
2017-06-07,z,treatment_u,0.4245633186885263
2017-06-08,z,treatment_u,0.40529358844399743
2017-06-09,z,treatment_u,0.30364007730631554
2017-06-12,z,treatment_u,0.18600882516260858
2017-06-13,z,treatment_u,0.14293669986408175
2017-06-14,z,treatment_u,-0.028433388562190617
2017-06-15,z,treatment_u,-0.12936928416199586
2017-06-16,z,treatment_u,0.06986186738237016
2017-06-19,z,treatment_u,0.05205793991507286
2017-06-20,z,treatment_u,-0.14004989393214615
2017-06-21,z,treatment_u,-0.08202689751417692
2017-06-22,z,treatment_u,-0.31544820328791895
2017-06-23,z,treatment_u,-0.2132832079859988
2017-06-26,z,treatment_u,-0.2615015171099986
2017-06-27,z,treatment_u,0.044058856307450385
2017-06-28,z,treatment_u,0.08690669377221882
2017-06-29,z,treatment_u,0.18661529670270374
2017-06-30,z,treatment_u,0.4198540105162394
2017-07-03,z,treatment_u,0.4414833581370694
2017-07-05,z,treatment_u,0.33000509921003984
2017-07-06,z,treatment_u,0.26586446905094435
2017-07-07,z,treatment_u,0.24812677662404226
2017-07-10,z,treatment_u,0.2974479184731617
2017-07-11,z,treatment_u,0.12603819352980905
2017-07-12,z,treatment_u,0.012411726185021232
2017-07-13,z,treatment_u,-0.00964037058270791
2017-07-14,z,treatment_u,0.08218978466656165
2017-07-17,z,treatment_u,-0.06602947480765294
2017-07-18,z,treatment_u,-0.1037838713390281
2017-07-19,z,treatment_u,-0.23101182056418712
2017-07-20,z,treatment_u,-0.06216548684294249
2017-07-21,z,treatment_u,-0.14128949156849033
2017-07-24,z,treatment_u,-0.21591531070019268
2017-07-25,z,treatment_u,-0.1671283324509609
2017-07-26,z,treatment_u,-0.012092535034284348
2017-07-27,z,treatment_u,0.11486688186609395
2017-07-28,z,treatment_u,0.1626849215376908
2017-07-31,z,treatment_u,0.039338889808509206
2017-08-01,z,treatment_u,0.010973314416290843
2017-08-02,z,treatment_u,0.15792058626869768
2017-08-03,z,treatment_u,0.1076207214064012
2017-08-04,z,treatment_u,0.08299210189004107
2017-08-07,z,treatment_u,-0.0063506403604766766
2017-08-08,z,treatment_u,0.08164694765501898
2017-08-09,z,treatment_u,0.06708880526565883
2017-08-10,z,treatment_u,0.12213147218633105
2017-08-11,z,treatment_u,0.14494750076436735
2017-08-14,z,treatment_u,-0.011897552044918276
2017-08-15,z,treatment_u,0.17316989825137888
2017-08-16,z,treatment_u,0.14707438038252837
2017-08-17,z,treatment_u,0.23274364199872047
2017-08-18,z,treatment_u,0.1949884188691507
2017-08-21,z,treatment_u,0.254647070600413
2017-08-22,z,treatment_u,0.05754624005734665
2017-08-23,z,treatment_u,0.4227041389298321
2017-08-24,z,treatment_u,0.4148417546401376
2017-08-25,z,treatment_u,0.11190601562343044
2017-08-28,z,treatment_u,0.3968012326454092
2017-08-29,z,treatment_u,0.3467994546346839
2017-08-30,z,treatment_u,0.09204896150156114
2017-08-31,z,treatment_u,0.27985372668977593
2017-09-01,z,treatment_u,0.32235310166892245
2017-09-05,z,treatment_u,0.22849646363312193
2017-09-06,z,treatment_u,0.24515254172838302
2017-09-07,z,treatment_u,0.21300622356622168
2017-09-08,z,treatment_u,0.3010323384217548
2017-09-11,z,treatment_u,0.30378830276980145
2017-09-12,z,treatment_u,0.4066199672703956
2017-09-13,z,treatment_u,0.3837831608861449
2017-09-14,z,treatment_u,0.3735539590506019
2017-09-15,z,treatment_u,0.4634747558422301
2017-09-18,z,treatment_u,0.3956322322498538
2017-09-19,z,treatment_u,0.2842881443303614
2017-09-20,z,treatment_u,0.29693998255373805
2017-09-21,z,treatment_u,0.30018002124242144
2017-09-22,z,treatment_u,0.187400589520377
2017-09-25,z,treatment_u,0.4301540740307685
2017-09-26,z,treatment_u,0.4430872287826071
2017-09-27,z,treatment_u,0.4305673995951549
2017-09-28,z,treatment_u,0.4146900148512943
2017-09-29,z,treatment_u,0.3462844627911573
2017-10-02,z,treatment_u,0.281617287479735
2017-10-03,z,treatment_u,0.13244677629453813
2017-10-04,z,treatment_u,0.03975352098494109
2017-10-05,z,treatment_u,0.07720486906009882
2017-10-06,z,treatment_u,0.002547496275250331
2017-10-09,z,treatment_u,0.04020146014454582
2017-10-10,z,treatment_u,0.0182418392506317
2017-10-11,z,treatment_u,-0.0011035352073741535
2017-10-12,z,treatment_u,0.004915521776368242
2017-10-13,z,treatment_u,-0.06480790243400349
2017-10-16,z,treatment_u,-0.22345801766982767
2017-10-17,z,treatment_u,-0.24350737169170594
2017-10-18,z,treatment_u,-0.1977661769735043
2017-10-19,z,treatment_u,-0.24892050207596064
2017-10-20,z,treatment_u,-0.26915298289340334
2017-10-23,z,treatment_u,-0.1888697424860687
2017-10-24,z,treatment_u,-0.23453649952509595
2017-10-25,z,treatment_u,-0.15428874803389742
2017-10-26,z,treatment_u,-0.21054604235675892
2017-10-27,z,treatment_u,-0.17128471710674809
2017-10-30,z,treatment_u,-0.10606733715066298
2017-10-31,z,treatment_u,-0.14671005293094747
2017-11-01,z,treatment_u,0.13092360051500151
2017-11-02,z,treatment_u,0.15873808857650754
2017-11-03,z,treatment_u,0.04285344915988096
2017-11-06,z,treatment_u,0.04862267190028108
2017-11-07,z,treatment_u,-0.09793487763213726
2017-11-08,z,treatment_u,-0.09975392946603256
2017-11-09,z,treatment_u,0.05465838741254192
2017-11-10,z,treatment_u,-0.02860700288295094
2017-11-13,z,treatment_u,0.29406959540273653
2017-11-14,z,treatment_u,0.33113580713082325
2017-11-15,z,treatment_u,0.37671287243053264
2017-11-16,z,treatment_u,-0.019272517670277156
2017-11-17,z,treatment_u,0.028588411948533995
2017-11-20,z,treatment_u,-0.04414411230189713
2017-11-21,z,treatment_u,0.062357036135817834
2017-11-22,z,treatment_u,0.14981751047390343
2017-11-24,z,treatment_u,0.08448961178248891
2017-11-27,z,treatment_u,0.13769102329755917
2017-11-28,z,treatment_u,0.21336418806647833
2017-11-29,z,treatment_u,0.32981389067487443
2017-11-30,z,treatment_u,0.41803464232753607
2017-12-01,z,treatment_u,0.6726547973205134
2017-12-04,z,treatment_u,0.8479382307142714
2017-12-05,z,treatment_u,0.887753432958759
2017-12-06,z,treatment_u,0.817923478622924
2017-12-07,z,treatment_u,0.6780814371993084
2017-12-08,z,treatment_u,0.7290752718339673
2017-12-11,z,treatment_u,0.7069212794400926
2017-12-12,z,treatment_u,0.7363062881286944
2017-12-13,z,treatment_u,0.6966472364272045
2017-12-14,z,treatment_u,0.6413462998384872
2017-12-15,z,treatment_u,0.6062024403489583
2017-12-18,z,treatment_u,0.620986323864673
2017-12-19,z,treatment_u,0.5968372310529274
2017-12-20,z,treatment_u,0.504405158950973
2017-12-21,z,treatment_u,0.48923480840890615
2017-12-22,z,treatment_u,0.5666369535531136
2017-12-26,z,treatment_u,0.5624652814666964
2017-12-27,z,treatment_u,0.5543801493691228
2017-12-28,z,treatment_u,0.5592364528246516
2017-12-29,z,treatment_u,0.5486629155855111
2018-01-02,z,treatment_u,0.4656890144319761
2018-01-03,z,treatment_u,0.4719986404030249
2018-01-04,z,treatment_u,0.3846025272346797
2018-01-05,z,treatment_u,0.3230403618411143
2018-01-08,z,treatment_u,0.25531373607043195
2018-01-09,z,treatment_u,0.32625708584723867
2018-01-10,z,treatment_u,0.19232248196802593
2018-01-11,z,treatment_u,0.18280331955231846
2018-01-12,z,treatment_u,0.3131375695058255
2018-01-16,z,treatment_u,0.25170523114036936
2018-01-17,z,treatment_u,0.21302838001285837
2018-01-18,z,treatment_u,0.17744876200395815
2018-01-19,z,treatment_u,0.16423555730606448
2018-01-22,z,treatment_u,0.18685880292772697
2018-01-23,z,treatment_u,0.18696659316261421
2018-01-24,z,treatment_u,0.212862384051678
2018-01-25,z,treatment_u,0.1632178124917728
2018-01-26,z,treatment_u,0.12626031820508446
2018-01-29,z,treatment_u,0.030773182642270875
2018-01-30,z,treatment_u,0.22180112076067965
2018-01-31,z,treatment_u,0.14872740907504126
2018-02-01,z,treatment_u,0.09284841018909282
2018-02-02,z,treatment_u,0.3441723373758855
2018-02-05,z,treatment_u,0.26889700882363865
2018-02-06,z,treatment_u,0.1361928520810138
2018-02-07,z,treatment_u,0.5124819477904804
2018-02-08,z,treatment_u,0.44632121562381966
2018-02-09,z,treatment_u,0.44809367492862034
2018-02-12,z,treatment_u,0.39146490125360534
2018-02-13,z,treatment_u,0.22170724919494375
2018-02-14,z,treatment_u,0.04994139033668593
2018-02-15,z,treatment_u,0.07231914727887404
2018-02-16,z,treatment_u,0.12921873240196735
2018-02-20,z,treatment_u,0.28588445565220594
2018-02-21,z,treatment_u,0.15685720633952113
2018-02-22,z,treatment_u,0.14799112736339598
2018-02-23,z,treatment_u,0.43460049251146077
2018-02-26,z,treatment_u,0.46305749264828805
2018-02-27,z,treatment_u,0.5262214871995263
2018-02-28,z,treatment_u,0.275088140407841
2018-03-01,z,treatment_u,0.21348767235103067
2018-03-02,z,treatment_u,0.3019194487094334
2018-03-05,z,treatment_u,0.2564683236382277
2018-03-06,z,treatment_u,0.18145045986236844
2018-03-07,z,treatment_u,0.050606365542982604
2018-03-08,z,treatment_u,0.09008022383862704
2018-03-09,z,treatment_u,0.23987607215361095
2018-03-12,z,treatment_u,0.6196680397524875
2018-03-13,z,treatment_u,0.26739706747718933
2018-03-14,z,treatment_u,0.22609420389453386
2018-03-15,z,treatment_u,0.03586330872340428
2018-03-16,z,treatment_u,0.17059596109017988
2018-03-19,z,treatment_u,0.046068291273037125
2018-03-20,z,treatment_u,0.1547166958683031
2018-03-21,z,treatment_u,0.1714815768824332
2018-03-22,z,treatment_u,0.2447428160618999
2018-03-23,z,treatment_u,0.30133264787323694
2018-03-26,z,treatment_u,0.27290821112449276
2018-03-27,z,treatment_u,0.2988351626328867
2018-03-28,z,treatment_u,0.419516519489041
2018-03-29,z,treatment_u,0.3936471292457444
2018-04-02,z,treatment_u,0.24113869089124185
2018-04-03,z,treatment_u,0.22131862920844853
2018-04-04,z,treatment_u,0.19780051125490342
2018-04-05,z,treatment_u,0.2510099547910996
2018-04-06,z,treatment_u,0.2610814272258562
2018-04-09,z,treatment_u,0.23632197636040483
2018-04-10,z,treatment_u,0.10425778254339291
2018-04-11,z,treatment_u,0.22836523283871732
2018-04-12,z,treatment_u,0.1995088485436372
2018-04-13,z,treatment_u,0.22473135463195226
2018-04-16,z,treatment_u,0.21980411416422616
2018-04-17,z,treatment_u,-0.004045308463351396
2018-04-18,z,treatment_u,-0.011418487985134208
2018-04-19,z,treatment_u,-0.16570373409078196
2018-04-20,z,treatment_u,-0.22839566434354586
2018-04-23,z,treatment_u,-0.1663543306797201
2018-04-24,z,treatment_u,-0.08301762523869824
2018-04-25,z,treatment_u,0.3487095877684881
2018-04-26,z,treatment_u,0.18318058455107536
2018-04-27,z,treatment_u,0.20322371912223014
2018-04-30,z,treatment_u,-0.29744409714323
2018-05-01,z,treatment_u,-0.3998341355137512
2018-05-02,z,treatment_u,-0.35584202262396436
2018-05-03,z,treatment_u,-0.3619170153965725
2018-05-04,z,treatment_u,-0.4751034005237507
2018-05-07,z,treatment_u,-0.5240700395740755
2018-05-08,z,treatment_u,-0.6163188058413855
2018-05-09,z,treatment_u,-0.6978868593106399
2018-05-10,z,treatment_u,-0.4581347772658277
2018-05-11,z,treatment_u,-0.5153847369172158
2018-05-14,z,treatment_u,-0.30506847804302567
2018-05-15,z,treatment_u,-0.31444680658539576
2018-05-16,z,treatment_u,-0.13208484525086692
2018-05-17,z,treatment_u,-0.36269899125533
2018-05-18,z,treatment_u,-0.386729514753481
2018-05-21,z,treatment_u,-0.2850130003397004
2018-05-22,z,treatment_u,-0.4556524528796887
2018-05-23,z,treatment_u,-0.4542690400825816
2018-05-24,z,treatment_u,-0.4873653206187481
2018-05-25,z,treatment_u,-0.5053565057035485
2018-05-29,z,treatment_u,-0.5082115199061238
2018-05-30,z,treatment_u,-0.7289480382268473
2018-05-31,z,treatment_u,-0.8350938565896413
2018-06-01,z,treatment_u,-0.8029437025362663
2018-06-04,z,treatment_u,-0.6216145815416257
2018-06-05,z,treatment_u,-0.6434375313516327
2018-06-06,z,treatment_u,-0.6087934872493672
2018-06-07,z,treatment_u,-0.7147393691613708
2018-06-08,z,treatment_u,-0.5980742453321956
2018-06-11,z,treatment_u,-0.5436597181765014
2018-06-12,z,treatment_u,-0.5640905419797649
2018-06-13,z,treatment_u,-0.4166287413980247
2018-06-14,z,treatment_u,-0.2439779823593759
2018-06-15,z,treatment_u,-0.08018588722643881
2018-06-18,z,treatment_u,-0.2378710026524921
2018-06-19,z,treatment_u,-0.10735901660437927
2018-06-20,z,treatment_u,-0.1522501120645664
2018-06-21,z,treatment_u,-0.2797177226021478
2018-06-22,z,treatment_u,-0.30517567154052133
2018-06-25,z,treatment_u,-0.5654568286305984
2018-06-26,z,treatment_u,-0.7022284758591866
2018-06-27,z,treatment_u,-0.5629543573048381
2018-06-28,z,treatment_u,-0.7048858375367965
2018-06-29,z,treatment_u,-0.6474743854984839
2018-07-02,z,treatment_u,-0.7724652127749799
2018-07-03,z,treatment_u,-0.7626635153975865
2018-07-05,z,treatment_u,-0.6699351114210819
2018-07-06,z,treatment_u,-0.7073792007102313
2018-07-09,z,treatment_u,-0.721292313473174
2018-07-10,z,treatment_u,-0.558909451529369
2018-07-11,z,treatment_u,-0.5379089770005631
2018-07-12,z,treatment_u,-0.5972897812632677
2018-07-13,z,treatment_u,-0.5219753776356773
2018-07-16,z,treatment_u,-0.4195506183314446
2018-07-17,z,treatment_u,-0.1914293857002102
2018-07-18,z,treatment_u,-0.23525567791434948
2018-07-19,z,treatment_u,-0.3621315922060934
2018-07-20,z,treatment_u,-0.2365233221634315
2018-07-23,z,treatment_u,-0.2428334200913117
2018-07-24,z,treatment_u,-0.026424662496668777
2018-07-25,z,treatment_u,-0.10285738080175827
2018-07-26,z,treatment_u,-0.08441678687685569
2018-07-27,z,treatment_u,-0.14897584677361456
2018-07-30,z,treatment_u,-0.05690456968254903
2018-07-31,z,treatment_u,-0.01521955866218979
2018-08-01,z,treatment_u,-0.09536407650371578
2018-08-02,z,treatment_u,-0.06598277986462484
2018-08-03,z,treatment_u,-0.02865038589302986
2018-08-06,z,treatment_u,-0.2775067955553446
2018-08-07,z,treatment_u,-0.20276589293467465
2018-08-08,z,treatment_u,-0.018207857098860525
2018-08-09,z,treatment_u,-0.07487987143746436
2018-08-10,z,treatment_u,0.21053488126994907
2018-08-13,z,treatment_u,0.11210685941992711
2018-08-14,z,treatment_u,0.09125318059947929
2018-08-15,z,treatment_u,0.1260792020271092
2018-08-16,z,treatment_u,0.23839748254114754
2018-08-17,z,treatment_u,0.3054855347659465
2018-08-20,z,treatment_u,0.29171553494460756
2018-08-21,z,treatment_u,0.15268623395832479
2018-08-22,z,treatment_u,0.17675237015955383
2018-08-23,z,treatment_u,0.04915497904324742
2018-08-24,z,treatment_u,-0.10362565602724472
2018-08-27,z,treatment_u,-0.2508576632916079
2018-08-28,z,treatment_u,-0.35705368452057057
2018-08-29,z,treatment_u,-0.47901285116782805
2018-08-30,z,treatment_u,-0.3588947764377228
2018-08-31,z,treatment_u,-0.3490262725614021
2018-09-04,z,treatment_u,-0.39749977027659356
2018-09-05,z,treatment_u,-0.24214240154009353
2018-09-06,z,treatment_u,0.09272671185081094
2018-09-07,z,treatment_u,0.039290322720606924
2018-09-10,z,treatment_u,-0.10526829844107188
2018-09-11,z,treatment_u,-0.17643215503631834
2018-09-12,z,treatment_u,-0.2604658209717847
2018-09-13,z,treatment_u,-0.24010715121836235
2018-09-14,z,treatment_u,0.08385937583201283
2018-09-17,z,treatment_u,0.07910505979691518
2018-09-18,z,treatment_u,0.08048263764420666
2018-09-19,z,treatment_u,0.14263201324260483
2018-09-20,z,treatment_u,-0.026110646663516375
2018-09-21,z,treatment_u,0.05105671968890767
2018-09-24,z,treatment_u,-0.11794648356676209
2018-09-25,z,treatment_u,-0.13558976136899864
2018-09-26,z,treatment_u,0.1327492467269422
2018-09-27,z,treatment_u,-0.18231966353074242
2018-09-28,z,treatment_u,0.04576823901760495
2018-10-01,z,treatment_u,-0.011663209710080343
2018-10-02,z,treatment_u,-0.17522041626438906
2018-10-03,z,treatment_u,-0.18286310154496682
2018-10-04,z,treatment_u,0.012554108570930776
2018-10-05,z,treatment_u,0.23028430431599528
2018-10-08,z,treatment_u,0.14623262843998147
2018-10-09,z,treatment_u,0.19028108394963258
2018-10-10,z,treatment_u,0.16238310442836335
2018-10-11,z,treatment_u,0.14169939438203313
2018-10-12,z,treatment_u,0.038765149387027104
2018-10-15,z,treatment_u,0.13111023012122983
2018-10-16,z,treatment_u,0.05292742760959407
2018-10-17,z,treatment_u,0.4020063440554397
2018-10-18,z,treatment_u,0.36888653541718547
2018-10-19,z,treatment_u,0.5326592683438012
2018-10-22,z,treatment_u,0.48116377158033014
2018-10-23,z,treatment_u,0.5660153139580892
2018-10-24,z,treatment_u,0.6597671024155213
2018-10-25,z,treatment_u,0.6597721389661594
2018-10-26,z,treatment_u,0.8114321173917233
2018-10-29,z,treatment_u,0.8405068545487567
2018-10-30,z,treatment_u,0.8890102432118974
2018-10-31,z,treatment_u,0.9680693495887267
2018-11-01,z,treatment_u,0.9745909510955499
2018-11-02,z,treatment_u,1.0391598444489458
2018-11-05,z,treatment_u,1.1159488984273789
2018-11-06,z,treatment_u,1.1487409915189017
2018-11-07,z,treatment_u,1.1403323935738627
2018-11-08,z,treatment_u,1.1979346965373894
2018-11-09,z,treatment_u,1.1965506762102325
2018-11-12,z,treatment_u,1.1050171420318686
2018-11-13,z,treatment_u,1.303784556516276
2018-11-14,z,treatment_u,1.1910231902064259
2018-11-15,z,treatment_u,1.1276845462642655
2018-11-16,z,treatment_u,0.8305426501622379
2018-11-19,z,treatment_u,0.9220867525839413
2018-11-20,z,treatment_u,1.119437926180371
2018-11-21,z,treatment_u,0.6478219250970249
2018-11-23,z,treatment_u,0.8879995825607259
2018-11-26,z,treatment_u,1.035750518935378
2018-11-27,z,treatment_u,1.2401427486290852
2018-11-28,z,treatment_u,1.112888357200041
2018-11-29,z,treatment_u,1.1036781570026457
2018-11-30,z,treatment_u,1.2452277289702018
2018-12-03,z,treatment_u,1.0975344368666533
2018-12-04,z,treatment_u,1.185943271393353
2018-12-06,z,treatment_u,1.1202953511090987
2018-12-07,z,treatment_u,1.103649811328238
2018-12-10,z,treatment_u,1.1301491359466775
2018-12-11,z,treatment_u,1.1436625146374344
2018-12-12,z,treatment_u,1.165757756822232
2018-12-13,z,treatment_u,1.0757135297522162
2018-12-14,z,treatment_u,1.1063791408163766
2018-12-17,z,treatment_u,1.3231168329732366
2018-12-18,z,treatment_u,1.2464068708238685
2018-12-19,z,treatment_u,1.1216578097753527
2018-12-20,z,treatment_u,0.9578086314500438
2018-12-21,z,treatment_u,0.9969280564188867
2018-12-24,z,treatment_u,1.0314545063160268
2018-12-26,z,treatment_u,1.198695671969786
2018-12-27,z,treatment_u,1.0625707264463558
2018-12-28,z,treatment_u,1.104883980266343
2018-12-31,z,treatment_u,0.9204985461621827
2019-01-02,z,treatment_u,0.7998323825913213
2019-01-03,z,treatment_u,0.8871861722154548
2019-01-04,z,treatment_u,0.9640653916635925
2019-01-07,z,treatment_u,0.8021360248593145
2019-01-08,z,treatment_u,0.8697402287463791
2019-01-09,z,treatment_u,1.0187680829178098
2019-01-10,z,treatment_u,0.956094165181819
2019-01-11,z,treatment_u,1.0830704371297781
2019-01-14,z,treatment_u,1.1217858320545642
2019-01-15,z,treatment_u,1.0131661234898148
2019-01-16,z,treatment_u,0.9484195591440614
2019-01-17,z,treatment_u,0.9115289555576251
2019-01-18,z,treatment_u,0.8500801447148406
2019-01-22,z,treatment_u,0.6768836262680026
2019-01-23,z,treatment_u,0.6086339550850788
2019-01-24,z,treatment_u,0.5784435993860604
2019-01-25,z,treatment_u,0.7510098584259025
2019-01-28,z,treatment_u,0.7729063850646799
2019-01-29,z,treatment_u,0.9062168991764936
2019-01-30,z,treatment_u,0.8244082629885788
2019-01-31,z,treatment_u,0.5516777332056534
2019-02-01,z,treatment_u,0.4927827138976173
2019-02-04,z,treatment_u,0.49901800791182843
2019-02-05,z,treatment_u,0.3942872863384964
2019-02-06,z,treatment_u,0.4284418330709049
2019-02-07,z,treatment_u,0.37503725358122336
2019-02-08,z,treatment_u,0.3469676283538149
2019-02-11,z,treatment_u,0.4826207457396131
2019-02-12,z,treatment_u,0.33984431444756763
2019-02-13,z,treatment_u,0.46602862469994494
2019-02-14,z,treatment_u,0.6086864678047839
2019-02-15,z,treatment_u,0.6682904252182942
2019-02-19,z,treatment_u,0.6849185158189335
2019-02-20,z,treatment_u,0.7106501557854221
2019-02-21,z,treatment_u,0.7131767505216103
2019-02-22,z,treatment_u,0.6086796554409237
2019-02-25,z,treatment_u,0.4889010970715382
2019-02-26,z,treatment_u,0.6849592358418471
2019-02-27,z,treatment_u,0.7131115768540068
2019-02-28,z,treatment_u,0.54143220072455
2019-03-01,z,treatment_u,0.630608376943041
2019-03-04,z,treatment_u,0.6449263699734564
2019-03-05,z,treatment_u,0.5057579328357454
2019-03-06,z,treatment_u,0.8236383576176497
2019-03-07,z,treatment_u,0.7745349566926734
2019-03-08,z,treatment_u,0.8934639660081528
2019-03-11,z,treatment_u,0.7936597678530077
2019-03-12,z,treatment_u,0.7843321150298171
2019-03-13,z,treatment_u,0.7730981620972311
2019-03-14,z,treatment_u,0.6950212896901008
2019-03-15,z,treatment_u,0.5635339409419656
2019-03-18,z,treatment_u,0.48254075591185147
2019-03-19,z,treatment_u,0.28680010964037356
2019-03-20,z,treatment_u,0.1609984646362173
2019-03-21,z,treatment_u,-0.10352549720926925
2019-03-22,z,treatment_u,-0.06206502920553771
2019-03-25,z,treatment_u,-0.2607161140627763
2019-03-26,z,treatment_u,-0.1880498534228796
2019-03-27,z,treatment_u,-0.03408027635320851
2019-03-28,z,treatment_u,-0.14614349316137545
2019-03-29,z,treatment_u,-0.18057529775552736
2019-04-01,z,treatment_u,-0.1100839563026228
2019-04-02,z,treatment_u,-0.08736334632812856
2019-04-03,z,treatment_u,-0.37733917460897215
2019-04-04,z,treatment_u,-0.26738289368121904
2019-04-05,z,treatment_u,-0.16499167891260672
2019-04-08,z,treatment_u,-0.06228231531021034
2019-04-09,z,treatment_u,-0.11088946049399191
2019-04-10,z,treatment_u,-0.2065859046078169
2019-04-11,z,treatment_u,-0.03992051485093525
2019-04-12,z,treatment_u,0.10094295858935332
2019-04-15,z,treatment_u,0.0889892470090434
2019-04-16,z,treatment_u,0.14872568002894923
2019-04-17,z,treatment_u,0.009585703255564878
2019-04-18,z,treatment_u,0.02060957727676603
2019-04-22,z,treatment_u,-0.050995427227320894
2019-04-23,z,treatment_u,-0.05628262322216154
2019-04-24,z,treatment_u,0.09858139264552795
2019-04-25,z,treatment_u,-0.030185742383104515
2019-04-26,z,treatment_u,-0.17884155225389803
2019-04-29,z,treatment_u,-0.20291706183614433
2019-04-30,z,treatment_u,-0.39726932238033924
2019-05-01,z,treatment_u,-0.40608354298680444
2019-05-02,z,treatment_u,-0.49730705992211127
2019-05-03,z,treatment_u,-0.3150211306037502
2019-05-06,z,treatment_u,-0.3026073722557158
2019-05-07,z,treatment_u,-0.08304743577690302
2019-05-08,z,treatment_u,-0.286478500288424
2019-05-09,z,treatment_u,-0.33693781434439696
2019-05-10,z,treatment_u,-0.20972994761702504
2019-05-13,z,treatment_u,-0.3430489967264902
2019-05-14,z,treatment_u,-0.381184691373097
2019-05-15,z,treatment_u,-0.08408616521216614
2019-05-16,z,treatment_u,-0.40076590414090185
2019-05-17,z,treatment_u,-0.2463052438691568
2019-05-20,z,treatment_u,-0.3765466745652542
2019-05-21,z,treatment_u,-0.23429901490565175
2019-05-22,z,treatment_u,-0.25538582400856574
2019-05-23,z,treatment_u,0.010373180858597612
2019-05-24,z,treatment_u,0.003711770607128729
2019-05-28,z,treatment_u,-0.02560187959207003
2019-05-29,z,treatment_u,-0.22747728233805972
2019-05-30,z,treatment_u,-0.3230959374592934
2019-05-31,z,treatment_u,0.051724518670516174
2019-06-03,z,treatment_u,0.20210781359649754
2019-06-04,z,treatment_u,-0.07776391209426561
2019-06-05,z,treatment_u,0.1273593271850638
2019-06-06,z,treatment_u,-0.10615480230691626
2019-06-07,z,treatment_u,-0.18829654021894193
2019-06-10,z,treatment_u,-0.2745168139381252
2019-06-11,z,treatment_u,0.006238941906828124
2019-06-12,z,treatment_u,-0.27220019566155307
2019-06-13,z,treatment_u,0.11020037275710595
2019-06-14,z,treatment_u,-0.1089280644368927
2019-06-17,z,treatment_u,-0.13070178718461725
2019-06-18,z,treatment_u,-0.15645058221033092
2019-06-19,z,treatment_u,-0.2509671563585902
2019-06-20,z,treatment_u,-0.1612747671675757
2019-06-21,z,treatment_u,-0.18937688269834488
2019-06-24,z,treatment_u,-0.018163354238283087
2019-06-25,z,treatment_u,0.03390583493033521
2019-06-26,z,treatment_u,-0.007147712648370899
2019-06-27,z,treatment_u,-0.1453089743168244
2019-06-28,z,treatment_u,-0.002435230779799631
2019-07-01,z,treatment_u,-0.12434407207891354
2019-07-02,z,treatment_u,0.01112894101781781
2019-07-03,z,treatment_u,0.04530414645883627
2019-07-05,z,treatment_u,0.03338943829203375
2019-07-08,z,treatment_u,-0.02740696463575727
2019-07-09,z,treatment_u,-0.10132137039685814
2019-07-10,z,treatment_u,-0.2318096521000024
2019-07-11,z,treatment_u,-0.20268399512192273
2019-07-12,z,treatment_u,-0.11380100652964592
2019-07-15,z,treatment_u,-0.030868230565567242
2019-07-16,z,treatment_u,0.04785770231811005
2019-07-17,z,treatment_u,0.06010133918876796
2019-07-18,z,treatment_u,0.11776658571245238
2019-07-19,z,treatment_u,0.13887046707938575
2019-07-22,z,treatment_u,0.09634971358202601
2019-07-23,z,treatment_u,-0.22059078722090417
2019-07-24,z,treatment_u,-0.24157233901024755
2019-07-25,z,treatment_u,0.24884979772528157
2019-07-26,z,treatment_u,-0.2976445138165851
2019-07-29,z,treatment_u,-0.24402421861782134
2019-07-30,z,treatment_u,-0.316398695653333
2019-07-31,z,treatment_u,-0.25252421368532113
2019-08-01,z,treatment_u,0.2349564667224588
2019-08-02,z,treatment_u,0.21440841105569688
2019-08-05,z,treatment_u,0.24853106189405208
2019-08-06,z,treatment_u,0.30436753888193513
2019-08-07,z,treatment_u,0.2748060672749895
2019-08-08,z,treatment_u,0.31259863563384316
2019-08-09,z,treatment_u,0.29715892343192424
2019-08-12,z,treatment_u,0.4448466993312175
2019-08-13,z,treatment_u,0.525662127012953
2019-08-14,z,treatment_u,0.622806381981992
2019-08-15,z,treatment_u,-0.04174146737055541
2019-08-16,z,treatment_u,-0.0008257577529183838
2019-08-19,z,treatment_u,0.1501524370426494
2019-08-20,z,treatment_u,0.09465802662397448
2019-08-21,z,treatment_u,0.07237207791723001
2019-08-22,z,treatment_u,0.7576082026459419
2019-08-23,z,treatment_u,0.5962068329347542
2019-08-26,z,treatment_u,0.64400421534964
2019-08-27,z,treatment_u,-0.07985694682401281
2019-08-28,z,treatment_u,-0.0602813457167279
2019-08-29,z,treatment_u,-0.1409372482249895
2019-08-30,z,treatment_u,-0.2298907585577302
2019-09-03,z,treatment_u,-0.3360955780963433
2019-09-04,z,treatment_u,-0.1901800474454196
2019-09-05,z,treatment_u,-0.12051003319576656
2019-09-06,z,treatment_u,-0.1550435739465804
2019-09-09,z,treatment_u,-0.21366718367576434
2019-09-10,z,treatment_u,-0.28744343964254626
2019-09-11,z,treatment_u,-0.21794070952809202
2019-09-12,z,treatment_u,-0.15750813465525484
2019-09-13,z,treatment_u,-0.2496563002081073
2019-09-16,z,treatment_u,-0.5197622859534367
2019-09-17,z,treatment_u,-0.4771622462615488
2019-09-18,z,treatment_u,-0.5325844652645622
2019-09-19,z,treatment_u,-0.470536507466895
2019-09-20,z,treatment_u,-0.5056729123706875
2019-09-23,z,treatment_u,-0.6887368449648871
2019-09-24,z,treatment_u,-0.3852514574128393
2019-09-25,z,treatment_u,-0.450660873732945
2019-09-26,z,treatment_u,-0.370764619622998
2019-09-27,z,treatment_u,-0.25513309788382244
2019-09-30,z,treatment_u,-0.2273259888609076
2019-10-01,z,treatment_u,-0.31943972231896395
2019-10-02,z,treatment_u,-0.3104561677830322
2019-10-03,z,treatment_u,-0.081469282690107
2019-10-04,z,treatment_u,-0.10567803411148549
2019-10-07,z,treatment_u,-0.18638439211732738
2019-10-08,z,treatment_u,0.05458819055635526
2019-10-09,z,treatment_u,-0.17215147635648836
2019-10-10,z,treatment_u,-0.1961605486158713
2019-10-11,z,treatment_u,-0.04966624439203839
2019-10-14,z,treatment_u,-0.14998542617569335
2019-10-15,z,treatment_u,-0.16430476949235098
2019-10-16,z,treatment_u,-0.06887434701908965
2019-10-17,z,treatment_u,-0.12238868835812786
2019-10-18,z,treatment_u,-0.08262275611460673
2019-10-21,z,treatment_u,-0.1359469834187994
2019-10-22,z,treatment_u,0.19191084981945555
2019-10-23,z,treatment_u,0.39349791860498085
2019-10-24,z,treatment_u,0.20572189244391687
2019-10-25,z,treatment_u,0.5279561684257644
2019-10-28,z,treatment_u,0.3920956031916075
2019-10-29,z,treatment_u,0.5454602977735614
2019-10-30,z,treatment_u,0.4898489516804885
2019-10-31,z,treatment_u,0.2208041674967517
2019-11-01,z,treatment_u,0.25292060197113336
2019-11-04,z,treatment_u,0.2034587500281817
2019-11-05,z,treatment_u,0.2525027051128534
2019-11-06,z,treatment_u,0.2189408163284619
2019-11-07,z,treatment_u,0.39813648439622573
2019-11-08,z,treatment_u,0.45420581531764836
2019-11-11,z,treatment_u,-0.05742187922060392
2019-11-12,z,treatment_u,0.32564160027778566
2019-11-13,z,treatment_u,0.16458728045520138
2019-11-14,z,treatment_u,0.3572970267396111
2019-11-15,z,treatment_u,0.3323031085365133
2019-11-18,z,treatment_u,0.37100856122271814
2019-11-19,z,treatment_u,0.332250554937814
2019-11-20,z,treatment_u,0.07945148215986778
2019-11-21,z,treatment_u,-0.07092232320896107
2019-11-22,z,treatment_u,-0.05321930795337698
2019-11-25,z,treatment_u,0.08165289346128472
2019-11-26,z,treatment_u,-0.039083346112878836
2019-11-27,z,treatment_u,-0.043777107971826185
2019-11-29,z,treatment_u,0.06343422590756433
2019-12-02,z,treatment_u,0.04538668747416593
2019-12-03,z,treatment_u,-0.1691850636144299
2019-12-04,z,treatment_u,-0.2129967650988881
2019-12-05,z,treatment_u,-0.16038428563335147
2019-12-06,z,treatment_u,-0.22151900980213768
2019-12-09,z,treatment_u,-0.17907082954390524
2019-12-10,z,treatment_u,-0.06473228769811092
2019-12-11,z,treatment_u,-0.08035933280380873
2019-12-12,z,treatment_u,-0.11032252662230506
2019-12-13,z,treatment_u,0.15063565191174053
2019-12-16,z,treatment_u,0.1726268455652321
2019-12-17,z,treatment_u,0.07996784094968712
2019-12-18,z,treatment_u,0.2789427505194486
2019-12-19,z,treatment_u,0.22282535101962198
2019-12-20,z,treatment_u,0.14345727890576176
2019-12-23,z,treatment_u,0.06546934368400473
2019-12-24,z,treatment_u,0.2091170867785927
2019-12-26,z,treatment_u,0.20126176702857956
2019-12-27,z,treatment_u,0.21140830616871875
2019-12-30,z,treatment_u,0.23062832006742007
2019-12-31,z,treatment_u,0.034593908705316145
2020-01-02,z,treatment_u,0.17695835710198254
2020-01-03,z,treatment_u,0.11048805623658324
2020-01-06,z,treatment_u,0.025468856054904884
2020-01-07,z,treatment_u,-0.006207280750411853
2020-01-08,z,treatment_u,0.19994058616144358
2020-01-09,z,treatment_u,0.25741731177901067
2020-01-10,z,treatment_u,0.12901002615906754
2020-01-13,z,treatment_u,0.018016250287250596
2020-01-14,z,treatment_u,0.08466020141576336
2020-01-15,z,treatment_u,0.13259725511330697
2020-01-16,z,treatment_u,-0.14354007607358998
2020-01-17,z,treatment_u,-0.055646423606806786
2020-01-21,z,treatment_u,-0.17949927018532746
2020-01-22,z,treatment_u,-0.16315617813171138
2020-01-23,z,treatment_u,-0.20434272186813973
2020-01-24,z,treatment_u,-0.04272896524344402
2020-01-27,z,treatment_u,0.012128258412193865
2020-01-28,z,treatment_u,-0.002647106040640196
2020-01-29,z,treatment_u,0.013033965759618849
2020-01-30,z,treatment_u,0.057860355359764123
2020-01-31,z,treatment_u,0.05794907069003774
2020-02-03,z,treatment_u,-0.0783614616789463
2020-02-04,z,treatment_u,-0.10854130436420478
2020-02-05,z,treatment_u,-0.04680264336185801
2020-02-06,z,treatment_u,0.042360346558779294
2020-02-07,z,treatment_u,0.1269654163381912
2020-02-10,z,treatment_u,0.021679213479649698
2020-02-11,z,treatment_u,0.089373773418392
2020-02-12,z,treatment_u,0.2910970567297687
2020-02-13,z,treatment_u,0.171445069068004
2020-02-14,z,treatment_u,0.2088210580100286
2020-02-18,z,treatment_u,0.18508338550599826
2020-02-19,z,treatment_u,0.1098526314283283
2020-02-20,z,treatment_u,-0.03489660567066888
2020-02-21,z,treatment_u,0.1826924700679159
2020-02-24,z,treatment_u,0.23821907965881225
2020-02-25,z,treatment_u,0.1088579950522525
2020-02-26,z,treatment_u,0.3653309816080012
2020-02-27,z,treatment_u,0.2787707040315444
2020-02-28,z,treatment_u,0.16086113660341084
2020-03-02,z,treatment_u,0.15048213041764996
2020-03-03,z,treatment_u,-0.027172366305448198
2020-03-04,z,treatment_u,0.19625233270775083
2020-03-05,z,treatment_u,0.22553288586186843
2020-03-06,z,treatment_u,0.32402975229970526
2020-03-09,z,treatment_u,0.43962675504825477
2020-03-10,z,treatment_u,0.37903056477100316
2020-03-11,z,treatment_u,0.40037376390320323
2020-03-12,z,treatment_u,0.3916617894224814
2020-03-13,z,treatment_u,0.32147970825511907
2020-03-16,z,treatment_u,0.3394897814676118
2020-03-17,z,treatment_u,0.4859676403684631
2020-03-18,z,treatment_u,0.528306569270151
2020-03-19,z,treatment_u,0.5880615816715647
2020-03-20,z,treatment_u,0.839099732441277
2020-03-23,z,treatment_u,0.5738561950848192
2020-03-24,z,treatment_u,0.5558898789156481
2020-03-25,z,treatment_u,0.5357079423393951
2020-03-26,z,treatment_u,0.5576152593927836
2020-03-27,z,treatment_u,0.6398291168164298
2020-03-30,z,treatment_u,0.6495146515019896
2020-03-31,z,treatment_u,0.5514571420211147
2020-04-01,z,treatment_u,0.41932410992658226
2020-04-02,z,treatment_u,0.35616034591024714
2020-04-03,z,treatment_u,0.35729420717114274
2020-04-06,z,treatment_u,0.255239838465164
2020-04-07,z,treatment_u,0.396975386348482
2020-04-08,z,treatment_u,0.24549569084041778
2020-04-09,z,treatment_u,0.19505780701705652
2020-04-13,z,treatment_u,0.1726010377213029
2020-04-14,z,treatment_u,0.0620059786372205
2020-04-15,z,treatment_u,0.02234911863514935
2020-04-16,z,treatment_u,0.4528815866250225
2020-04-17,z,treatment_u,0.3436245160380815
2020-04-20,z,treatment_u,0.42315494174162593
2020-04-21,z,treatment_u,0.3113206844443383
2020-04-22,z,treatment_u,0.460367743434058
2020-04-23,z,treatment_u,0.37219156530928105
2020-04-24,z,treatment_u,0.5511862173326463
2020-04-27,z,treatment_u,0.41191129601578463
2020-04-28,z,treatment_u,0.5409193188216266
2020-04-29,z,treatment_u,0.538364676592197
2020-04-30,z,treatment_u,0.5531216973623662
2020-05-01,z,treatment_u,0.704781596171057
2020-05-04,z,treatment_u,0.6978754990375732
2020-05-05,z,treatment_u,0.5308122854677496
2020-05-06,z,treatment_u,0.6060652912416549
2020-05-07,z,treatment_u,0.667133092029037
2020-05-08,z,treatment_u,0.5043548626401091
2020-05-11,z,treatment_u,0.6246911564941602
2020-05-12,z,treatment_u,0.6000470860864754
2020-05-13,z,treatment_u,0.6978589816653504
2020-05-14,z,treatment_u,0.6889272438551649
2020-05-15,z,treatment_u,0.6518102489005202
2020-05-18,z,treatment_u,0.6863400468015024
2020-05-19,z,treatment_u,0.5608188423537785
2020-05-20,z,treatment_u,0.7358052688988176
2020-05-21,z,treatment_u,0.6427835402899642
2020-05-22,z,treatment_u,0.6307469074158331
2020-05-26,z,treatment_u,0.7107986954824622
2020-05-27,z,treatment_u,0.7445280049494629
2020-05-28,z,treatment_u,0.959245183482935
2020-05-29,z,treatment_u,1.0619689312824974
2020-06-01,z,treatment_u,0.7931673467332631
2020-06-02,z,treatment_u,0.81917530195049
2020-06-03,z,treatment_u,0.9142233567858392
2020-06-04,z,treatment_u,0.9075448674449034
2020-06-05,z,treatment_u,0.31155456685729477
2020-06-08,z,treatment_u,0.6085205374749361
2020-06-09,z,treatment_u,0.40540453438668184
2020-06-10,z,treatment_u,0.36933837266469455
2020-06-11,z,treatment_u,0.7071799770031325
2020-06-12,z,treatment_u,0.6934054743076178
2020-06-15,z,treatment_u,0.6085206731566926
2020-06-16,z,treatment_u,0.7130019597825275
2020-06-17,z,treatment_u,0.790383857714703
2020-06-18,z,treatment_u,0.8061268916729926
2020-06-19,z,treatment_u,0.7715454202781121
2020-06-22,z,treatment_u,0.7611589701283281
2020-06-23,z,treatment_u,0.7599508646788964
2020-06-24,z,treatment_u,0.8552731643124183
2020-06-25,z,treatment_u,0.7877942515503423
2020-06-26,z,treatment_u,0.7759833352096068
2020-06-29,z,treatment_u,0.683494508277583
2020-06-30,z,treatment_u,0.7768679187246391
2020-07-01,z,treatment_u,0.6778021642340709
2020-07-02,z,treatment_u,0.7422068258917471
2020-07-06,z,treatment_u,0.5691658587010732
2020-07-07,z,treatment_u,0.5872310581073744
2020-07-08,z,treatment_u,0.7922147688902742
2020-07-09,z,treatment_u,0.6176897578197388
2020-07-10,z,treatment_u,0.567137935818939
2020-07-13,z,treatment_u,0.6158342414712058
2020-07-14,z,treatment_u,0.6032209956011978
2020-07-15,z,treatment_u,0.578324734326651
2020-07-16,z,treatment_u,0.7131865796666155
2020-07-17,z,treatment_u,0.7507317692986657
2020-07-20,z,treatment_u,0.7639048729903768
2020-07-21,z,treatment_u,0.639014011751208
2020-07-22,z,treatment_u,0.5898551354222213
2020-07-23,z,treatment_u,0.61922737454476
2020-07-24,z,treatment_u,0.728567568705839
2020-07-27,z,treatment_u,0.5638659891150402
2020-07-28,z,treatment_u,0.5975966956119045
2020-07-29,z,treatment_u,0.6294786702521358
2020-07-30,z,treatment_u,0.841291364517277
2020-07-31,z,treatment_u,0.8873990082241997
2020-08-03,z,treatment_u,1.001703915697537
2020-08-04,z,treatment_u,0.8510045035137876
2020-08-05,z,treatment_u,0.899615663681159
2020-08-06,z,treatment_u,0.8627007985718109
2020-08-07,z,treatment_u,0.7813962479227401
2020-08-10,z,treatment_u,0.6825752408924599
2020-08-11,z,treatment_u,0.7541253576025415
2020-08-12,z,treatment_u,0.7352437217434202
2020-08-13,z,treatment_u,0.7857934766373652
2020-08-14,z,treatment_u,0.740178458933193
2020-08-17,z,treatment_u,0.6290227812471787
2020-08-18,z,treatment_u,0.6462511987370986
2020-08-19,z,treatment_u,0.7693033266730922
2020-08-20,z,treatment_u,0.6360223190253018
2020-08-21,z,treatment_u,0.6437582074407365
2020-08-24,z,treatment_u,0.7238287415501752
2020-08-25,z,treatment_u,0.7233702973050701
2020-08-26,z,treatment_u,0.7451476150122569
2020-08-27,z,treatment_u,0.8053422687481008
2020-08-28,z,treatment_u,0.7859196127859738
2020-08-31,z,treatment_u,0.6055095720404601
2020-09-01,z,treatment_u,0.6429088401037668
2020-09-02,z,treatment_u,0.6353043392186091
2020-09-03,z,treatment_u,0.5320420585799452
2020-09-04,z,treatment_u,0.6122858133082322
2020-09-08,z,treatment_u,0.7325381100180418
2020-09-09,z,treatment_u,0.6719311435319321
2020-09-10,z,treatment_u,0.775517878956204
2020-09-11,z,treatment_u,0.7231824319073473
2020-09-14,z,treatment_u,0.5818821205150768
2020-09-15,z,treatment_u,0.6136604721193897
2020-09-16,z,treatment_u,0.5072185607737058
2020-09-17,z,treatment_u,0.624057709488984
2020-09-18,z,treatment_u,0.5610135075576932
2020-09-21,z,treatment_u,0.5065931219125372
2020-09-22,z,treatment_u,0.474226444806561
2020-09-23,z,treatment_u,0.5373024101206396
2020-09-24,z,treatment_u,0.40672911435468034
2020-09-25,z,treatment_u,0.4559602431337819
2020-09-28,z,treatment_u,0.46071673896571635
2020-09-29,z,treatment_u,0.4291727030518322
2020-09-30,z,treatment_u,0.2683580874289153
2020-10-01,z,treatment_u,0.1906415429100085
2020-10-02,z,treatment_u,0.2508604883492943
2020-10-05,z,treatment_u,0.1611294281998038
2020-10-06,z,treatment_u,0.1857243374322789
2020-10-07,z,treatment_u,0.33310330659814863
2020-10-08,z,treatment_u,0.36016121879104573
2020-10-09,z,treatment_u,0.3220203505107777
2020-10-12,z,treatment_u,0.33278418462461956
2020-10-13,z,treatment_u,0.2805763194340943
2020-10-14,z,treatment_u,0.4557754175134398
2020-10-15,z,treatment_u,0.2986938800705757
2020-10-16,z,treatment_u,0.49468096386858906
2020-10-19,z,treatment_u,0.5984279695433921
2020-10-20,z,treatment_u,0.45092496307170504
2020-10-21,z,treatment_u,0.7151400681869126
2020-10-22,z,treatment_u,0.6901919004376557
2020-10-23,z,treatment_u,0.6475464814696706
2020-10-26,z,treatment_u,0.6063665111498028
2020-10-27,z,treatment_u,0.6481352108716961
2020-10-28,z,treatment_u,0.6933412318245099
2020-10-29,z,treatment_u,0.7426194071212452
2020-10-30,z,treatment_u,0.7516226840243941
2020-11-02,z,treatment_u,0.7593238713114412
2020-11-03,z,treatment_u,0.8737289598730524
2020-11-04,z,treatment_u,0.7792473113602015
2020-11-05,z,treatment_u,0.7673953786000675
2020-11-06,z,treatment_u,0.7303960178133377
2020-11-09,z,treatment_u,0.6537998338946608
2020-11-10,z,treatment_u,0.6990583883877048
2020-11-11,z,treatment_u,0.5966455697355943
2020-11-12,z,treatment_u,0.5943761221383691
2020-11-13,z,treatment_u,0.5963474863530576
2020-11-16,z,treatment_u,0.7878545868500076
2020-11-17,z,treatment_u,0.7619897336773643
2020-11-18,z,treatment_u,0.41440868584161916
2020-11-19,z,treatment_u,0.6109383679638482
2020-11-20,z,treatment_u,0.28675724821559756
2020-11-23,z,treatment_u,0.19607737054122978
2020-11-24,z,treatment_u,0.07673216252636048
2020-11-25,z,treatment_u,0.06833965877003839
2020-11-27,z,treatment_u,-0.11221398484925152
2020-11-30,z,treatment_u,0.2298000119636531
2020-12-01,z,treatment_u,0.3144419333017514
2020-12-02,z,treatment_u,0.6220509870237355
2020-12-03,z,treatment_u,0.14027602691583174
2020-12-04,z,treatment_u,0.11172204429060889
2020-12-07,z,treatment_u,0.09187226463428155
2020-12-08,z,treatment_u,0.13461613430855257
2020-12-09,z,treatment_u,0.4000149934487063
2020-12-10,z,treatment_u,0.13669174041434307
2020-12-11,z,treatment_u,0.48575466079822116
2020-12-14,z,treatment_u,0.4245714117285915
2020-12-15,z,treatment_u,0.16301199573418634
2020-12-16,z,treatment_u,0.45703544111725947
2020-12-17,z,treatment_u,0.47795167807909145
2020-12-18,z,treatment_u,0.5142507739036483
2020-12-21,z,treatment_u,0.44901688725676697
2020-12-22,z,treatment_u,0.5120111723132513
2020-12-23,z,treatment_u,0.09968228896818007
2020-12-24,z,treatment_u,0.6954279480436025
2020-12-28,z,treatment_u,0.8405332237315286
2020-12-29,z,treatment_u,0.9355218634130598
2020-12-30,z,treatment_u,0.944358774412461
2020-12-31,z,treatment_u,0.7133668359367442
2021-01-04,z,treatment_u,0.9183351840810466
2021-01-05,z,treatment_u,0.6542398901609652
2021-01-06,z,treatment_u,0.8636491111760011
2021-01-07,z,treatment_u,0.40708929554402695
2021-01-08,z,treatment_u,0.6303435448340267
2021-01-11,z,treatment_u,0.45492315253399435
2021-01-12,z,treatment_u,0.2840684290269964
2021-01-13,z,treatment_u,0.14546228246985093
2021-01-14,z,treatment_u,-0.12520995912178923
2021-01-15,z,treatment_u,0.23956088102288248
2021-01-19,z,treatment_u,0.18910054304338142
2021-01-20,z,treatment_u,0.15340943342500035
2021-01-21,z,treatment_u,-0.04864830449623732
2021-01-22,z,treatment_u,-0.37660919854124764
2021-01-25,z,treatment_u,-0.36416388565265445
2021-01-26,z,treatment_u,-0.3300691257859159
2021-01-27,z,treatment_u,-0.2237888813587698
2021-01-28,z,treatment_u,-0.27015914392816875
2021-01-29,z,treatment_u,-0.3181809582661403
2021-02-01,z,treatment_u,-0.46654697274393436
2021-02-02,z,treatment_u,-0.6397960083458949
2021-02-03,z,treatment_u,-0.6790103722650819
2021-02-04,z,treatment_u,-0.4422622237220058
2021-02-05,z,treatment_u,-0.522464700795187
2021-02-08,z,treatment_u,-0.9144809288142443
2021-02-09,z,treatment_u,-0.9648147197402854
2021-02-10,z,treatment_u,-0.8650478194510608
2021-02-11,z,treatment_u,-0.7993991812334046
2021-02-12,z,treatment_u,-0.696639686138759
2021-02-16,z,treatment_u,-0.7378564088325337
2021-02-17,z,treatment_u,-0.7122810946908393
2021-02-18,z,treatment_u,-0.6906999520658396
2021-02-19,z,treatment_u,-0.8123499104095633
2021-02-22,z,treatment_u,-0.5674875322075165
2021-02-23,z,treatment_u,-0.36801715134160695
2021-02-24,z,treatment_u,-0.5400267342955963
2021-02-25,z,treatment_u,-0.3870381728155485
2021-02-26,z,treatment_u,-0.5169069353858664
2021-03-01,z,treatment_u,-0.588631657816964
2021-03-02,z,treatment_u,-0.4542415901314074
2021-03-03,z,treatment_u,-0.20905952624506124
2021-03-04,z,treatment_u,0.08800198006530213
2021-03-05,z,treatment_u,0.4399865313292015
2021-03-08,z,treatment_u,0.40484017988453724
2021-03-09,z,treatment_u,0.293665630831087
2021-03-10,z,treatment_u,0.43671890143315395
2021-03-11,z,treatment_u,0.23275955767916315
2021-03-12,z,treatment_u,0.5402872071169148
2021-03-15,z,treatment_u,0.3354639912356265
2021-03-16,z,treatment_u,0.6423035598291864
2021-03-17,z,treatment_u,0.5810852888447726
2021-03-18,z,treatment_u,0.5517513019451384
2021-03-19,z,treatment_u,0.5216972619011331
2021-03-22,z,treatment_u,0.49803032712115697
2021-03-23,z,treatment_u,0.3567390799249554
2021-03-24,z,treatment_u,0.6586757723589985
2021-03-25,z,treatment_u,0.8251366171938339
2021-03-26,z,treatment_u,0.9318544858134016
2021-03-29,z,treatment_u,0.9254426369200076
2021-03-30,z,treatment_u,0.6068720090611702
2021-03-31,z,treatment_u,0.5632691439621849
2021-04-01,z,treatment_u,0.5428749341636351
2021-04-05,z,treatment_u,0.1500333335149231
2021-04-06,z,treatment_u,0.16975398022215252
2021-04-07,z,treatment_u,0.10073740687047611
2021-04-08,z,treatment_u,-0.04842613110048301
2021-04-09,z,treatment_u,-0.1816815856645952
2021-04-12,z,treatment_u,-0.12291801718290486
2021-04-13,z,treatment_u,-0.1946251759637799
2021-04-14,z,treatment_u,-0.1139699234726325
2021-04-15,z,treatment_u,-0.1080838968566795
2016-12-29,z,treatment_u_residualised,0.036215568317973595
2016-12-30,z,treatment_u_residualised,0.31791943980907267
2017-01-03,z,treatment_u_residualised,0.6994623268283413
2017-01-04,z,treatment_u_residualised,0.28138583055853084
2017-01-05,z,treatment_u_residualised,0.34926628362137274
2017-01-06,z,treatment_u_residualised,0.237695450721637
2017-01-09,z,treatment_u_residualised,0.20345632053394824
2017-01-10,z,treatment_u_residualised,0.056407352184609585
2017-01-11,z,treatment_u_residualised,0.33074111653347077
2017-01-12,z,treatment_u_residualised,0.3204505378084775
2017-01-13,z,treatment_u_residualised,0.08480577002970081
2017-01-17,z,treatment_u_residualised,-0.1581716452061283
2017-01-18,z,treatment_u_residualised,0.2000847194397352
2017-01-19,z,treatment_u_residualised,0.23378402361361808
2017-01-20,z,treatment_u_residualised,0.2765634266901353
2017-01-23,z,treatment_u_residualised,0.28427289906217096
2017-01-24,z,treatment_u_residualised,0.33680910130709446
2017-01-25,z,treatment_u_residualised,0.3514228356926743
2017-01-26,z,treatment_u_residualised,0.31806800255360435
2017-01-27,z,treatment_u_residualised,0.22616130178560712
2017-01-30,z,treatment_u_residualised,0.23334467625384453
2017-01-31,z,treatment_u_residualised,0.26010103628718945
2017-02-01,z,treatment_u_residualised,0.13261295055022596
2017-02-02,z,treatment_u_residualised,-0.10570647457046103
2017-02-03,z,treatment_u_residualised,-0.08781787006852222
2017-02-06,z,treatment_u_residualised,0.12710086020888273
2017-02-07,z,treatment_u_residualised,-0.19565728666124407
2017-02-08,z,treatment_u_residualised,-0.08641307615099651
2017-02-09,z,treatment_u_residualised,-0.08943362548242836
2017-02-10,z,treatment_u_residualised,-0.2913811285276303
2017-02-13,z,treatment_u_residualised,-0.21709050881729813
2017-02-14,z,treatment_u_residualised,-0.1878005567621968
2017-02-15,z,treatment_u_residualised,-0.2613423411049613
2017-02-16,z,treatment_u_residualised,-0.0256523379403326
2017-02-17,z,treatment_u_residualised,-0.1724969405574745
2017-02-21,z,treatment_u_residualised,-0.38828832922036005
2017-02-22,z,treatment_u_residualised,-0.2992645573723899
2017-02-23,z,treatment_u_residualised,-0.10425709086279832
2017-02-24,z,treatment_u_residualised,-0.1151186750603403
2017-02-27,z,treatment_u_residualised,-0.2673033182420849
2017-02-28,z,treatment_u_residualised,-0.21718256862070695
2017-03-01,z,treatment_u_residualised,-0.24113990659889722
2017-03-02,z,treatment_u_residualised,0.009202495537553375
2017-03-03,z,treatment_u_residualised,0.10725427241412494
2017-03-06,z,treatment_u_residualised,-0.01515441981723984
2017-03-07,z,treatment_u_residualised,0.04283193430671047
2017-03-08,z,treatment_u_residualised,-0.15033947237972564
2017-03-09,z,treatment_u_residualised,-0.2285015314549219
2017-03-10,z,treatment_u_residualised,-0.002906379782963402
2017-03-13,z,treatment_u_residualised,-0.018001082269471082
2017-03-14,z,treatment_u_residualised,0.004256516663112936
2017-03-15,z,treatment_u_residualised,-0.15056084457130567
2017-03-16,z,treatment_u_residualised,-0.1719485610024984
2017-03-17,z,treatment_u_residualised,-0.14213786314572002
2017-03-20,z,treatment_u_residualised,-0.2760205414235015
2017-03-21,z,treatment_u_residualised,-0.11979003765383596
2017-03-22,z,treatment_u_residualised,-0.1436393417650522
2017-03-23,z,treatment_u_residualised,-0.09862161828772845
2017-03-24,z,treatment_u_residualised,-0.15544455568129023
2017-03-27,z,treatment_u_residualised,-0.13015573981939843
2017-03-28,z,treatment_u_residualised,-0.0814764004350298
2017-03-29,z,treatment_u_residualised,0.03367671938501819
2017-03-30,z,treatment_u_residualised,0.0492157159698445
2017-03-31,z,treatment_u_residualised,-0.1876148167859212
2017-04-03,z,treatment_u_residualised,-0.20868769810481871
2017-04-04,z,treatment_u_residualised,-0.05741225126897322
2017-04-05,z,treatment_u_residualised,-0.03814046152077759
2017-04-06,z,treatment_u_residualised,0.07561569167711073
2017-04-07,z,treatment_u_residualised,0.08059817495034595
2017-04-10,z,treatment_u_residualised,0.05117292037681666
2017-04-11,z,treatment_u_residualised,0.09271401018023576
2017-04-12,z,treatment_u_residualised,0.12728966459468757
2017-04-13,z,treatment_u_residualised,0.10174984525029221
2017-04-17,z,treatment_u_residualised,0.050635928778037936
2017-04-18,z,treatment_u_residualised,0.2543877091916782
2017-04-19,z,treatment_u_residualised,0.2662536440692933
2017-04-20,z,treatment_u_residualised,0.3125391633744057
2017-04-21,z,treatment_u_residualised,0.3162275566220142
2017-04-24,z,treatment_u_residualised,0.37515274470780324
2017-04-25,z,treatment_u_residualised,0.6772111452921875
2017-04-26,z,treatment_u_residualised,0.5725087544522832
2017-04-27,z,treatment_u_residualised,0.5469595534248644
2017-04-28,z,treatment_u_residualised,0.5195473142322002
2017-05-01,z,treatment_u_residualised,0.30051122832136756
2017-05-02,z,treatment_u_residualised,0.5784146598402671
2017-05-03,z,treatment_u_residualised,0.43479242685505837
2017-05-04,z,treatment_u_residualised,0.5848699152340289
2017-05-05,z,treatment_u_residualised,0.22740772022167727
2017-05-08,z,treatment_u_residualised,0.19698930169235163
2017-05-09,z,treatment_u_residualised,0.10418466155228111
2017-05-10,z,treatment_u_residualised,-0.10786602844160972
2017-05-11,z,treatment_u_residualised,0.00025952804968403225
2017-05-12,z,treatment_u_residualised,0.335687875092844
2017-05-15,z,treatment_u_residualised,0.3713638230445982
2017-05-16,z,treatment_u_residualised,0.27395848295951597
2017-05-17,z,treatment_u_residualised,0.46936445995681686
2017-05-18,z,treatment_u_residualised,0.46504546382744594
2017-05-19,z,treatment_u_residualised,0.46564234579140734
2017-05-22,z,treatment_u_residualised,0.47765084272533714
2017-05-23,z,treatment_u_residualised,0.584189006270224
2017-05-24,z,treatment_u_residualised,0.5970922342615947
2017-05-25,z,treatment_u_residualised,0.609313308381628
2017-05-26,z,treatment_u_residualised,0.5953659916370965
2017-05-30,z,treatment_u_residualised,0.5677564366875657
2017-05-31,z,treatment_u_residualised,0.5889174442369937
2017-06-01,z,treatment_u_residualised,0.6085976872712995
2017-06-02,z,treatment_u_residualised,0.6069064829554462
2017-06-05,z,treatment_u_residualised,0.5985765875064076
2017-06-06,z,treatment_u_residualised,0.5599090080914629
2017-06-07,z,treatment_u_residualised,0.5287767561864172
2017-06-08,z,treatment_u_residualised,0.545518561376102
2017-06-09,z,treatment_u_residualised,0.47154830843826645
2017-06-12,z,treatment_u_residualised,0.374917837509246
2017-06-13,z,treatment_u_residualised,0.354454807294329
2017-06-14,z,treatment_u_residualised,0.23342862255646962
2017-06-15,z,treatment_u_residualised,0.3065134973104919
2017-06-16,z,treatment_u_residualised,0.3574236538259171
2017-06-19,z,treatment_u_residualised,0.3184994850037713
2017-06-20,z,treatment_u_residualised,0.10790549659237304
2017-06-21,z,treatment_u_residualised,0.031786856470221794
2017-06-22,z,treatment_u_residualised,0.009393018611257695
2017-06-23,z,treatment_u_residualised,-0.00605391789782806
2017-06-26,z,treatment_u_residualised,0.03579479294232413
2017-06-27,z,treatment_u_residualised,0.10426736639202436
2017-06-28,z,treatment_u_residualised,0.0216242012750458
2017-06-29,z,treatment_u_residualised,0.1046960001490255
2017-06-30,z,treatment_u_residualised,0.2068500398879643
2017-07-03,z,treatment_u_residualised,0.2120333981866837
2017-07-05,z,treatment_u_residualised,0.17298550196262982
2017-07-06,z,treatment_u_residualised,0.03384244524724949
2017-07-07,z,treatment_u_residualised,0.010143811393618597
2017-07-10,z,treatment_u_residualised,-0.05509754030201247
2017-07-11,z,treatment_u_residualised,-0.12851960703488038
2017-07-12,z,treatment_u_residualised,-0.037819946216640324
2017-07-13,z,treatment_u_residualised,-0.16151464206747687
2017-07-14,z,treatment_u_residualised,0.09529054933225375
2017-07-17,z,treatment_u_residualised,0.1096294882830435
2017-07-18,z,treatment_u_residualised,0.04161402804574068
2017-07-19,z,treatment_u_residualised,-0.11943320919765392
2017-07-20,z,treatment_u_residualised,-0.23333282973088115
2017-07-21,z,treatment_u_residualised,-0.010197577923992724
2017-07-24,z,treatment_u_residualised,-0.2164062211319896
2017-07-25,z,treatment_u_residualised,-0.06403137145491734
2017-07-26,z,treatment_u_residualised,0.012327053557037082
2017-07-27,z,treatment_u_residualised,0.01476301629318473
2017-07-28,z,treatment_u_residualised,0.03917185515074273
2017-07-31,z,treatment_u_residualised,0.13087440777878867
2017-08-01,z,treatment_u_residualised,0.13467714155279198
2017-08-02,z,treatment_u_residualised,0.3775088765974914
2017-08-03,z,treatment_u_residualised,0.1779155747028433
2017-08-04,z,treatment_u_residualised,0.049448268575078926
2017-08-07,z,treatment_u_residualised,0.03189691100853177
2017-08-08,z,treatment_u_residualised,0.03971439736341674
2017-08-09,z,treatment_u_residualised,0.44878942245565484
2017-08-10,z,treatment_u_residualised,0.44234198424347865
2017-08-11,z,treatment_u_residualised,-0.02028639671975501
2017-08-14,z,treatment_u_residualised,-0.15755012422866418
2017-08-15,z,treatment_u_residualised,0.02398969265203221
2017-08-16,z,treatment_u_residualised,-0.03521049187909093
2017-08-17,z,treatment_u_residualised,0.1019190411260583
2017-08-18,z,treatment_u_residualised,0.00013090028571790193
2017-08-21,z,treatment_u_residualised,0.03164892026679677
2017-08-22,z,treatment_u_residualised,0.3171982506099746
2017-08-23,z,treatment_u_residualised,-9.401202831619752e-05
2017-08-24,z,treatment_u_residualised,0.050828739624084546
2017-08-25,z,treatment_u_residualised,0.04134981794304109
2017-08-28,z,treatment_u_residualised,0.04338442781909194
2017-08-29,z,treatment_u_residualised,0.1701028857420215
2017-08-30,z,treatment_u_residualised,0.2753860531607344
2017-08-31,z,treatment_u_residualised,0.26642625620847804
2017-09-01,z,treatment_u_residualised,0.07475994271325265
2017-09-05,z,treatment_u_residualised,0.225659664287992
2017-09-06,z,treatment_u_residualised,0.020573332441467456
2017-09-07,z,treatment_u_residualised,-0.09174182756433365
2017-09-08,z,treatment_u_residualised,-0.12404999600033127
2017-09-11,z,treatment_u_residualised,-0.032019118350120404
2017-09-12,z,treatment_u_residualised,0.013174945503156775
2017-09-13,z,treatment_u_residualised,0.06884974039118018
2017-09-14,z,treatment_u_residualised,-0.07338585482931569
2017-09-15,z,treatment_u_residualised,0.1473306573160254
2017-09-18,z,treatment_u_residualised,-0.07220071609827824
2017-09-19,z,treatment_u_residualised,-0.07360842653078416
2017-09-20,z,treatment_u_residualised,0.22013948528872143
2017-09-21,z,treatment_u_residualised,0.13678637118880907
2017-09-22,z,treatment_u_residualised,-0.0169188692059791
2017-09-25,z,treatment_u_residualised,-0.27665458528836273
2017-09-26,z,treatment_u_residualised,-0.080706420962322
2017-09-27,z,treatment_u_residualised,-0.0333634968601123
2017-09-28,z,treatment_u_residualised,-0.010051721120727117
2017-09-29,z,treatment_u_residualised,-0.046034083688481324
2017-10-02,z,treatment_u_residualised,-0.04474280817333816
2017-10-03,z,treatment_u_residualised,-0.1269276141233081
2017-10-04,z,treatment_u_residualised,-0.3280652641962686
2017-10-05,z,treatment_u_residualised,-0.27343458342699906
2017-10-06,z,treatment_u_residualised,-0.3109708381515443
2017-10-09,z,treatment_u_residualised,-0.21426360800231753
2017-10-10,z,treatment_u_residualised,0.15686028173719072
2017-10-11,z,treatment_u_residualised,-0.0011035352073741195
2017-10-12,z,treatment_u_residualised,0.11489863378008877
2017-10-13,z,treatment_u_residualised,0.17297456185609697
2017-10-16,z,treatment_u_residualised,-0.14120808984514524
2017-10-17,z,treatment_u_residualised,-0.16148990534553767
2017-10-18,z,treatment_u_residualised,-0.18166342326766868
2017-10-19,z,treatment_u_residualised,-0.3059948541401373
2017-10-20,z,treatment_u_residualised,-0.3312826028682413
2017-10-23,z,treatment_u_residualised,-0.16647800845633634
2017-10-24,z,treatment_u_residualised,-0.018060427404385765
2017-10-25,z,treatment_u_residualised,-0.12222819677161952
2017-10-26,z,treatment_u_residualised,-0.016798749920502228
2017-10-27,z,treatment_u_residualised,-0.06681455928616391
2017-10-30,z,treatment_u_residualised,-0.19702851580556166
2017-10-31,z,treatment_u_residualised,-0.24722656238016263
2017-11-01,z,treatment_u_residualised,-0.16886874771136273
2017-11-02,z,treatment_u_residualised,-0.08698944227169753
2017-11-03,z,treatment_u_residualised,-0.22657326889392557
2017-11-06,z,treatment_u_residualised,-0.19213023324566567
2017-11-07,z,treatment_u_residualised,-0.23002536182910127
2017-11-08,z,treatment_u_residualised,-0.20181342467882166
2017-11-09,z,treatment_u_residualised,-0.15575987760856017
2017-11-10,z,treatment_u_residualised,0.17633720510950143
2017-11-13,z,treatment_u_residualised,0.175579963977684
2017-11-14,z,treatment_u_residualised,0.18384109261873058
2017-11-15,z,treatment_u_residualised,0.228390929899386
2017-11-16,z,treatment_u_residualised,-0.266673681276332
2017-11-17,z,treatment_u_residualised,-0.06587260951906827
2017-11-20,z,treatment_u_residualised,-0.12316892565440823
2017-11-21,z,treatment_u_residualised,-0.0686970263139673
2017-11-22,z,treatment_u_residualised,0.08492761478282902
2017-11-24,z,treatment_u_residualised,-0.0008040889991669138
2017-11-27,z,treatment_u_residualised,0.14196988515260872
2017-11-28,z,treatment_u_residualised,0.21921071221914668
2017-11-29,z,treatment_u_residualised,0.11329817581501174
2017-11-30,z,treatment_u_residualised,0.15893901623990445
2017-12-01,z,treatment_u_residualised,0.3154962143666901
2017-12-04,z,treatment_u_residualised,0.4866581506325014
2017-12-05,z,treatment_u_residualised,0.4303472490685197
2017-12-06,z,treatment_u_residualised,0.3694249616616902
2017-12-07,z,treatment_u_residualised,0.35631059672935556
2017-12-08,z,treatment_u_residualised,0.29798990608501985
2017-12-11,z,treatment_u_residualised,0.31806390876026897
2017-12-12,z,treatment_u_residualised,0.39704332388110253
2017-12-13,z,treatment_u_residualised,0.43769555392245096
2017-12-14,z,treatment_u_residualised,0.3915245237239396
2017-12-15,z,treatment_u_residualised,0.32989606226093804
2017-12-18,z,treatment_u_residualised,0.39803239895471204
2017-12-19,z,treatment_u_residualised,0.19450477866296897
2017-12-20,z,treatment_u_residualised,0.23108225915825406
2017-12-21,z,treatment_u_residualised,0.08712687599670685
2017-12-22,z,treatment_u_residualised,0.07637213114785221
2017-12-26,z,treatment_u_residualised,0.05227292836834686
2017-12-27,z,treatment_u_residualised,0.049542558523239175
2017-12-28,z,treatment_u_residualised,0.034472096689454924
2017-12-29,z,treatment_u_residualised,0.027804037727356432
2018-01-02,z,treatment_u_residualised,0.13230038237529682
2018-01-03,z,treatment_u_residualised,-0.06265252558906731
2018-01-04,z,treatment_u_residualised,-0.09570244460990006
2018-01-05,z,treatment_u_residualised,-0.08090183485604394
2018-01-08,z,treatment_u_residualised,0.12377104090482866
2018-01-09,z,treatment_u_residualised,-0.022544103704944744
2018-01-10,z,treatment_u_residualised,-0.06084232692435962
2018-01-11,z,treatment_u_residualised,0.17403055864646075
2018-01-12,z,treatment_u_residualised,-0.0934392308584886
2018-01-16,z,treatment_u_residualised,0.08690402398622613
2018-01-17,z,treatment_u_residualised,0.18816800865775143
2018-01-18,z,treatment_u_residualised,0.06914521132307064
2018-01-19,z,treatment_u_residualised,-0.08323555917184813
2018-01-22,z,treatment_u_residualised,0.08947845386699055
2018-01-23,z,treatment_u_residualised,0.10218663006017602
2018-01-24,z,treatment_u_residualised,0.0988199671857702
2018-01-25,z,treatment_u_residualised,0.0536518546707733
2018-01-26,z,treatment_u_residualised,0.017860214590422144
2018-01-29,z,treatment_u_residualised,-0.07344852577240084
2018-01-30,z,treatment_u_residualised,-0.23825985566605573
2018-01-31,z,treatment_u_residualised,-0.02530376737733417
2018-02-01,z,treatment_u_residualised,0.17069724540287917
2018-02-02,z,treatment_u_residualised,0.3119040008731694
2018-02-05,z,treatment_u_residualised,0.27755726214254833
2018-02-06,z,treatment_u_residualised,0.2997904159137319
2018-02-07,z,treatment_u_residualised,0.12535922322183893
2018-02-08,z,treatment_u_residualised,0.28560837865982575
2018-02-09,z,treatment_u_residualised,0.2860483677854793
2018-02-12,z,treatment_u_residualised,0.41940399554935587
2018-02-13,z,treatment_u_residualised,0.31341696564295596
2018-02-14,z,treatment_u_residualised,-0.03025269914808828
2018-02-15,z,treatment_u_residualised,0.024576468925939975
2018-02-16,z,treatment_u_residualised,-0.016548505406556308
2018-02-20,z,treatment_u_residualised,0.021139171482869965
2018-02-21,z,treatment_u_residualised,0.23833062896445034
2018-02-22,z,treatment_u_residualised,0.20654033435508973
2018-02-23,z,treatment_u_residualised,0.15644214561231162
2018-02-26,z,treatment_u_residualised,0.15538272508198397
2018-02-27,z,treatment_u_residualised,0.18988404988701962
2018-02-28,z,treatment_u_residualised,0.1694384712118586
2018-03-01,z,treatment_u_residualised,0.11295934660387524
2018-03-02,z,treatment_u_residualised,0.11646239945058826
2018-03-05,z,treatment_u_residualised,0.07881648045473771
2018-03-06,z,treatment_u_residualised,0.1387906591566451
2018-03-07,z,treatment_u_residualised,0.13869292146181497
2018-03-08,z,treatment_u_residualised,0.1639411790671904
2018-03-09,z,treatment_u_residualised,0.1609057163061416
2018-03-12,z,treatment_u_residualised,0.27305891830906576
2018-03-13,z,treatment_u_residualised,0.2175452877745227
2018-03-14,z,treatment_u_residualised,0.24621667438174313
2018-03-15,z,treatment_u_residualised,0.07866756253560002
2018-03-16,z,treatment_u_residualised,0.12502752331880201
2018-03-19,z,treatment_u_residualised,0.16303723782986163
2018-03-20,z,treatment_u_residualised,0.20690743359776348
2018-03-21,z,treatment_u_residualised,0.24916734876343502
2018-03-22,z,treatment_u_residualised,0.2985279969587383
2018-03-23,z,treatment_u_residualised,0.3856552880751802
2018-03-26,z,treatment_u_residualised,0.30126692997985494
2018-03-27,z,treatment_u_residualised,0.33406573691022295
2018-03-28,z,treatment_u_residualised,0.3282152080805679
2018-03-29,z,treatment_u_residualised,0.3124594942686535
2018-04-02,z,treatment_u_residualised,0.26468045313609323
2018-04-03,z,treatment_u_residualised,0.2942717338084338
2018-04-04,z,treatment_u_residualised,0.3126549643671653
2018-04-05,z,treatment_u_residualised,0.3154654977710217
2018-04-06,z,treatment_u_residualised,0.29075337096575277
2018-04-09,z,treatment_u_residualised,0.31903509590661067
2018-04-10,z,treatment_u_residualised,0.2608832748976385
2018-04-11,z,treatment_u_residualised,0.26211464849784133
2018-04-12,z,treatment_u_residualised,0.2414172968806221
2018-04-13,z,treatment_u_residualised,0.2765549002415142
2018-04-16,z,treatment_u_residualised,0.2260246447521156
2018-04-17,z,treatment_u_residualised,0.2032349142643492
2018-04-18,z,treatment_u_residualised,0.20857627699031211
2018-04-19,z,treatment_u_residualised,0.06408278085912827
2018-04-20,z,treatment_u_residualised,0.09711173326914635
2018-04-23,z,treatment_u_residualised,-0.029552017910566948
2018-04-24,z,treatment_u_residualised,-0.011155375495033808
2018-04-25,z,treatment_u_residualised,-0.18575979661904482
2018-04-26,z,treatment_u_residualised,-0.24563123720446353
2018-04-27,z,treatment_u_residualised,-0.18888087978307916
2018-04-30,z,treatment_u_residualised,-0.18881347519295427
2018-05-01,z,treatment_u_residualised,-0.2605905029267046
2018-05-02,z,treatment_u_residualised,-0.32010452159977976
2018-05-03,z,treatment_u_residualised,-0.21829310089970103
2018-05-04,z,treatment_u_residualised,-0.13148450541158407
2018-05-07,z,treatment_u_residualised,0.12876762409100828
2018-05-08,z,treatment_u_residualised,-0.008520771003863309
2018-05-09,z,treatment_u_residualised,-0.08314663030874778
2018-05-10,z,treatment_u_residualised,-0.205904444312979
2018-05-11,z,treatment_u_residualised,-0.13467901592338602
2018-05-14,z,treatment_u_residualised,-0.21904657745336917
2018-05-15,z,treatment_u_residualised,-0.15421920410147066
2018-05-16,z,treatment_u_residualised,-0.18766204347525856
2018-05-17,z,treatment_u_residualised,-0.12635240789904026
2018-05-18,z,treatment_u_residualised,-0.19596763708817436
2018-05-21,z,treatment_u_residualised,0.058954400768871845
2018-05-22,z,treatment_u_residualised,-0.07329430842253187
2018-05-23,z,treatment_u_residualised,-0.10823988376411606
2018-05-24,z,treatment_u_residualised,-0.1441720019505127
2018-05-25,z,treatment_u_residualised,-0.16672322967366068
2018-05-29,z,treatment_u_residualised,-0.31396936006431014
2018-05-30,z,treatment_u_residualised,-0.31966529813271866
2018-05-31,z,treatment_u_residualised,-0.5574497533172138
2018-06-01,z,treatment_u_residualised,-0.5910643010544823
2018-06-04,z,treatment_u_residualised,-0.42702640543248505
2018-06-05,z,treatment_u_residualised,-0.440018867927369
2018-06-06,z,treatment_u_residualised,-0.3177585442708901
2018-06-07,z,treatment_u_residualised,-0.5566538402839625
2018-06-08,z,treatment_u_residualised,-0.3231833311612075
2018-06-11,z,treatment_u_residualised,-0.2506855600312656
2018-06-12,z,treatment_u_residualised,-0.1437816392297805
2018-06-13,z,treatment_u_residualised,-0.13183322364206382
2018-06-14,z,treatment_u_residualised,-0.15886082439814217
2018-06-15,z,treatment_u_residualised,-0.08018588722643882
2018-06-18,z,treatment_u_residualised,-0.10635183730316493
2018-06-19,z,treatment_u_residualised,-0.12043794161321984
2018-06-20,z,treatment_u_residualised,-0.20339475366946125
2018-06-21,z,treatment_u_residualised,-0.22492490633267131
2018-06-22,z,treatment_u_residualised,-0.2949651220437869
2018-06-25,z,treatment_u_residualised,-0.5434787213390929
2018-06-26,z,treatment_u_residualised,-0.4071607120383726
2018-06-27,z,treatment_u_residualised,-0.5629543573048381
2018-06-28,z,treatment_u_residualised,-0.6355758736561995
2018-06-29,z,treatment_u_residualised,-0.6043350669345487
2018-07-02,z,treatment_u_residualised,-0.7724652127749799
2018-07-03,z,treatment_u_residualised,-0.7626635153975865
2018-07-05,z,treatment_u_residualised,-0.6733896460497673
2018-07-06,z,treatment_u_residualised,-0.5529753889742743
2018-07-09,z,treatment_u_residualised,-0.721292313473174
2018-07-10,z,treatment_u_residualised,-0.4190622656092861
2018-07-11,z,treatment_u_residualised,-0.5379089770005631
2018-07-12,z,treatment_u_residualised,-0.4695294986781838
2018-07-13,z,treatment_u_residualised,-0.5219753776356773
2018-07-16,z,treatment_u_residualised,-0.4195506183314446
2018-07-17,z,treatment_u_residualised,-0.1914293857002102
2018-07-18,z,treatment_u_residualised,-0.23525567791434948
2018-07-19,z,treatment_u_residualised,-0.3621315922060934
2018-07-20,z,treatment_u_residualised,-0.23652332216343155
2018-07-23,z,treatment_u_residualised,-0.0746205978878685
2018-07-24,z,treatment_u_residualised,-0.026424662496668715
2018-07-25,z,treatment_u_residualised,-0.10285738080175827
2018-07-26,z,treatment_u_residualised,-0.09848090451496476
2018-07-27,z,treatment_u_residualised,-0.14897584677361456
2018-07-30,z,treatment_u_residualised,-0.05690456968254898
2018-07-31,z,treatment_u_residualised,-0.015219558662189825
2018-08-01,z,treatment_u_residualised,-0.09536407650371578
2018-08-02,z,treatment_u_residualised,-0.06598277986462484
2018-08-03,z,treatment_u_residualised,-0.02865038589302986
2018-08-06,z,treatment_u_residualised,-0.1299883091808201
2018-08-07,z,treatment_u_residualised,-0.0747519645564028
2018-08-08,z,treatment_u_residualised,0.10918015899187541
2018-08-09,z,treatment_u_residualised,-0.07487987143746436
2018-08-10,z,treatment_u_residualised,0.04640657328690528
2018-08-13,z,treatment_u_residualised,0.11210685941992711
2018-08-14,z,treatment_u_residualised,0.09125318059947929
2018-08-15,z,treatment_u_residualised,0.1260792020271092
2018-08-16,z,treatment_u_residualised,0.23839748254114754
2018-08-17,z,treatment_u_residualised,0.1716686061839693
2018-08-20,z,treatment_u_residualised,0.29171553494460745
2018-08-21,z,treatment_u_residualised,0.034400566838703295
2018-08-22,z,treatment_u_residualised,0.11453982498652658
2018-08-23,z,treatment_u_residualised,-0.17235088250851938
2018-08-24,z,treatment_u_residualised,-0.1805086223110527
2018-08-27,z,treatment_u_residualised,-0.2984212388093068
2018-08-28,z,treatment_u_residualised,-0.5150488216494387
2018-08-29,z,treatment_u_residualised,-0.3610339386665421
2018-08-30,z,treatment_u_residualised,-0.2762265201459087
2018-08-31,z,treatment_u_residualised,-0.26594055211919615
2018-09-04,z,treatment_u_residualised,-0.30211659260496626
2018-09-05,z,treatment_u_residualised,-0.1807806725093063
2018-09-06,z,treatment_u_residualised,0.14349629944057046
2018-09-07,z,treatment_u_residualised,0.11755930747668204
2018-09-10,z,treatment_u_residualised,-0.0763994095884229
2018-09-11,z,treatment_u_residualised,-0.26276534324862255
2018-09-12,z,treatment_u_residualised,-0.32359791472067245
2018-09-13,z,treatment_u_residualised,-0.002852809545624186
2018-09-14,z,treatment_u_residualised,0.08385937583201283
2018-09-17,z,treatment_u_residualised,0.1752643432944413
2018-09-18,z,treatment_u_residualised,0.14184958306355544
2018-09-19,z,treatment_u_residualised,0.2152853333328148
2018-09-20,z,treatment_u_residualised,0.17423481236543475
2018-09-21,z,treatment_u_residualised,-0.09310684674555866
2018-09-24,z,treatment_u_residualised,-0.10892890649034194
2018-09-25,z,treatment_u_residualised,-0.11043354951124505
2018-09-26,z,treatment_u_residualised,-0.06961452711279215
2018-09-27,z,treatment_u_residualised,-0.14268665418664622
2018-09-28,z,treatment_u_residualised,-0.10295714026744981
2018-10-01,z,treatment_u_residualised,-0.011663209710080329
2018-10-02,z,treatment_u_residualised,-0.17522041626438906
2018-10-03,z,treatment_u_residualised,-0.1700687546544099
2018-10-04,z,treatment_u_residualised,-0.026331654315516498
2018-10-05,z,treatment_u_residualised,0.06299521239990127
2018-10-08,z,treatment_u_residualised,0.14623262843998147
2018-10-09,z,treatment_u_residualised,0.19028108394963258
2018-10-10,z,treatment_u_residualised,0.16238310442836335
2018-10-11,z,treatment_u_residualised,0.1416993943820331
2018-10-12,z,treatment_u_residualised,0.03876514938702706
2018-10-15,z,treatment_u_residualised,0.05196589095565827
2018-10-16,z,treatment_u_residualised,0.030834447309779595
2018-10-17,z,treatment_u_residualised,0.4020063440554397
2018-10-18,z,treatment_u_residualised,0.36888653541718547
2018-10-19,z,treatment_u_residualised,0.5326592683438012
2018-10-22,z,treatment_u_residualised,0.48116377158033014
2018-10-23,z,treatment_u_residualised,0.5660153139580892
2018-10-24,z,treatment_u_residualised,0.6310435499461515
2018-10-25,z,treatment_u_residualised,0.715430789828345
2018-10-26,z,treatment_u_residualised,0.8330799736274148
2018-10-29,z,treatment_u_residualised,0.869105003344322
2018-10-30,z,treatment_u_residualised,0.8890102432118974
2018-10-31,z,treatment_u_residualised,0.9128897845650785
2018-11-01,z,treatment_u_residualised,0.8203363277986084
2018-11-02,z,treatment_u_residualised,0.8443665093744959
2018-11-05,z,treatment_u_residualised,0.7757138529097165
2018-11-06,z,treatment_u_residualised,0.8232314993437929
2018-11-07,z,treatment_u_residualised,0.9140715778372488
2018-11-08,z,treatment_u_residualised,0.7376065144645044
2018-11-09,z,treatment_u_residualised,0.8244877040398715
2018-11-12,z,treatment_u_residualised,0.8206403267394015
2018-11-13,z,treatment_u_residualised,0.8152349766631396
2018-11-14,z,treatment_u_residualised,0.7905986475716685
2018-11-15,z,treatment_u_residualised,0.6939150732923086
2018-11-16,z,treatment_u_residualised,0.7200622228826241
2018-11-19,z,treatment_u_residualised,0.7378955392289973
2018-11-20,z,treatment_u_residualised,0.7492259846125533
2018-11-21,z,treatment_u_residualised,0.7360449979320774
2018-11-23,z,treatment_u_residualised,0.7808548320256984
2018-11-26,z,treatment_u_residualised,0.8712613995031313
2018-11-27,z,treatment_u_residualised,1.035354005720034
2018-11-28,z,treatment_u_residualised,1.0006567743436667
2018-11-29,z,treatment_u_residualised,1.0950775355708178
2018-11-30,z,treatment_u_residualised,1.1046920394680209
2018-12-03,z,treatment_u_residualised,1.0610883987615272
2018-12-04,z,treatment_u_residualised,1.140303528962534
2018-12-06,z,treatment_u_residualised,1.2741416015465004
2018-12-07,z,treatment_u_residualised,1.100289174155554
2018-12-10,z,treatment_u_residualised,1.147873035773579
2018-12-11,z,treatment_u_residualised,1.221618755270787
2018-12-12,z,treatment_u_residualised,1.3158344259625363
2018-12-13,z,treatment_u_residualised,1.3514183976998717
2018-12-14,z,treatment_u_residualised,1.4706692271656265
2018-12-17,z,treatment_u_residualised,1.3944246442094415
2018-12-18,z,treatment_u_residualised,1.321266104206788
2018-12-19,z,treatment_u_residualised,1.1891972577257623
2018-12-20,z,treatment_u_residualised,1.1548697108599817
2018-12-21,z,treatment_u_residualised,1.0919528405194099
2018-12-24,z,treatment_u_residualised,1.1251580275152373
2018-12-26,z,treatment_u_residualised,1.1628160967905457
2018-12-27,z,treatment_u_residualised,1.1388517344599454
2018-12-28,z,treatment_u_residualised,1.096956369899957
2018-12-31,z,treatment_u_residualised,1.0365702719379901
2019-01-02,z,treatment_u_residualised,0.9229439652595106
2019-01-03,z,treatment_u_residualised,1.0407943384242793
2019-01-04,z,treatment_u_residualised,0.8156168453558859
2019-01-07,z,treatment_u_residualised,0.8557874701372462
2019-01-08,z,treatment_u_residualised,0.8017516793550445
2019-01-09,z,treatment_u_residualised,0.665640384108652
2019-01-10,z,treatment_u_residualised,0.7332661138744636
2019-01-11,z,treatment_u_residualised,0.759443059519953
2019-01-14,z,treatment_u_residualised,0.7932429122830617
2019-01-15,z,treatment_u_residualised,0.7708648020390022
2019-01-16,z,treatment_u_residualised,0.76293909684553
2019-01-17,z,treatment_u_residualised,0.7840331266333821
2019-01-18,z,treatment_u_residualised,0.7560294619290376
2019-01-22,z,treatment_u_residualised,0.695995628265055
2019-01-23,z,treatment_u_residualised,0.5576399336338382
2019-01-24,z,treatment_u_residualised,0.5022291140347914
2019-01-25,z,treatment_u_residualised,0.4841599558930711
2019-01-28,z,treatment_u_residualised,0.43825062172111634
2019-01-29,z,treatment_u_residualised,0.409014240316934
2019-01-30,z,treatment_u_residualised,0.4422869328656898
2019-01-31,z,treatment_u_residualised,0.46910726473306197
2019-02-01,z,treatment_u_residualised,0.39426770615587375
2019-02-04,z,treatment_u_residualised,0.4679616365473775
2019-02-05,z,treatment_u_residualised,0.323523321454182
2019-02-06,z,treatment_u_residualised,0.3998348971328944
2019-02-07,z,treatment_u_residualised,0.2239544327991262
2019-02-08,z,treatment_u_residualised,0.19952157271845622
2019-02-11,z,treatment_u_residualised,0.36504973272870306
2019-02-12,z,treatment_u_residualised,0.23500148694938378
2019-02-13,z,treatment_u_residualised,0.53588354515093
2019-02-14,z,treatment_u_residualised,0.5096072534089962
2019-02-15,z,treatment_u_residualised,0.22098035422443907
2019-02-19,z,treatment_u_residualised,0.563490186524846
2019-02-20,z,treatment_u_residualised,0.6177002544346464
2019-02-21,z,treatment_u_residualised,0.6385195170797461
2019-02-22,z,treatment_u_residualised,0.3180114917925615
2019-02-25,z,treatment_u_residualised,0.36529699789939307
2019-02-26,z,treatment_u_residualised,0.3943365769819589
2019-02-27,z,treatment_u_residualised,0.41957789002660534
2019-02-28,z,treatment_u_residualised,0.5096244981423871
2019-03-01,z,treatment_u_residualised,0.45513206856878624
2019-03-04,z,treatment_u_residualised,0.510331554390709
2019-03-05,z,treatment_u_residualised,0.47126434972909187
2019-03-06,z,treatment_u_residualised,0.6291824984851889
2019-03-07,z,treatment_u_residualised,0.4810679486347898
2019-03-08,z,treatment_u_residualised,0.44924914522122905
2019-03-11,z,treatment_u_residualised,0.4229260946700294
2019-03-12,z,treatment_u_residualised,0.3640325234335464
2019-03-13,z,treatment_u_residualised,0.3871752376181802
2019-03-14,z,treatment_u_residualised,0.23970161254094313
2019-03-15,z,treatment_u_residualised,0.2757384551956609
2019-03-18,z,treatment_u_residualised,0.10199544209282176
2019-03-19,z,treatment_u_residualised,-0.06501113809668804
2019-03-20,z,treatment_u_residualised,-0.05934109510933796
2019-03-21,z,treatment_u_residualised,-0.1703152417745077
2019-03-22,z,treatment_u_residualised,-0.4199142326875621
2019-03-25,z,treatment_u_residualised,-0.4142009948799358
2019-03-26,z,treatment_u_residualised,-0.5077450888861396
2019-03-27,z,treatment_u_residualised,-0.3676527349500613
2019-03-28,z,treatment_u_residualised,-0.42344887137623183
2019-03-29,z,treatment_u_residualised,-0.36147455024035874
2019-04-01,z,treatment_u_residualised,-0.2370947035596932
2019-04-02,z,treatment_u_residualised,-0.3338571194123449
2019-04-03,z,treatment_u_residualised,-0.46268394153545184
2019-04-04,z,treatment_u_residualised,-0.3800104437493094
2019-04-05,z,treatment_u_residualised,-0.3393899169759389
2019-04-08,z,treatment_u_residualised,-0.4348411709045117
2019-04-09,z,treatment_u_residualised,-0.44276615002506087
2019-04-10,z,treatment_u_residualised,-0.3089983096007246
2019-04-11,z,treatment_u_residualised,-0.3461387855112165
2019-04-12,z,treatment_u_residualised,-0.3277372184619625
2019-04-15,z,treatment_u_residualised,-0.4645387765100031
2019-04-16,z,treatment_u_residualised,-0.22106816929511347
2019-04-17,z,treatment_u_residualised,-0.20798410484516752
2019-04-18,z,treatment_u_residualised,-0.17386833890395914
2019-04-22,z,treatment_u_residualised,-5.361644472924674e-05
2019-04-23,z,treatment_u_residualised,-0.020197834275073427
2019-04-24,z,treatment_u_residualised,-0.05643098787867909
2019-04-25,z,treatment_u_residualised,0.07361893034462931
2019-04-26,z,treatment_u_residualised,-0.06713777826491796
2019-04-29,z,treatment_u_residualised,-0.4676613142785012
2019-04-30,z,treatment_u_residualised,-0.46627892607405885
2019-05-01,z,treatment_u_residualised,-0.16002199004658998
2019-05-02,z,treatment_u_residualised,-0.6185414847427594
2019-05-03,z,treatment_u_residualised,-0.4419796899673579
2019-05-06,z,treatment_u_residualised,-0.19099429151625463
2019-05-07,z,treatment_u_residualised,-0.3100837310125424
2019-05-08,z,treatment_u_residualised,-0.6781654313611842
2019-05-09,z,treatment_u_residualised,-0.3070998770058181
2019-05-10,z,treatment_u_residualised,-0.40203328018072143
2019-05-13,z,treatment_u_residualised,-0.669575438796685
2019-05-14,z,treatment_u_residualised,-0.5403213109800065
2019-05-15,z,treatment_u_residualised,-0.4852335758876942
2019-05-16,z,treatment_u_residualised,-0.4777175045011318
2019-05-17,z,treatment_u_residualised,-0.17244650073736253
2019-05-20,z,treatment_u_residualised,-0.3175874949044915
2019-05-21,z,treatment_u_residualised,-0.277443288233548
2019-05-22,z,treatment_u_residualised,-0.19288140223910125
2019-05-23,z,treatment_u_residualised,-0.09965525164071522
2019-05-24,z,treatment_u_residualised,-0.2753940497455093
2019-05-28,z,treatment_u_residualised,-0.45621599053398704
2019-05-29,z,treatment_u_residualised,-0.4055043266602314
2019-05-30,z,treatment_u_residualised,-0.594270479822858
2019-05-31,z,treatment_u_residualised,-0.4107141839737363
2019-06-03,z,treatment_u_residualised,-0.1965052207282949
2019-06-04,z,treatment_u_residualised,-0.35210136071336695
2019-06-05,z,treatment_u_residualised,-0.175177858288637
2019-06-06,z,treatment_u_residualised,-0.36393859697724534
2019-06-07,z,treatment_u_residualised,-0.12915906108476544
2019-06-10,z,treatment_u_residualised,-0.39487842943937446
2019-06-11,z,treatment_u_residualised,-0.3662038658591184
2019-06-12,z,treatment_u_residualised,-0.43335784243258224
2019-06-13,z,treatment_u_residualised,-0.31478535205181174
2019-06-14,z,treatment_u_residualised,-0.4508261787193346
2019-06-17,z,treatment_u_residualised,-0.29555831140118466
2019-06-18,z,treatment_u_residualised,-0.30631581554623755
2019-06-19,z,treatment_u_residualised,-0.3274970738339335
2019-06-20,z,treatment_u_residualised,-0.33901334751021167
2019-06-21,z,treatment_u_residualised,-0.3507193996820437
2019-06-24,z,treatment_u_residualised,-0.5273460456790139
2019-06-25,z,treatment_u_residualised,-0.14367054370379856
2019-06-26,z,treatment_u_residualised,-0.35390021863043275
2019-06-27,z,treatment_u_residualised,-0.4813254456972199
2019-06-28,z,treatment_u_residualised,-0.4643057769410883
2019-07-01,z,treatment_u_residualised,-0.48537057007491013
2019-07-02,z,treatment_u_residualised,-0.30258310825491236
2019-07-03,z,treatment_u_residualised,-0.4236203212049482
2019-07-05,z,treatment_u_residualised,-0.2483130081033163
2019-07-08,z,treatment_u_residualised,-0.49138028266080047
2019-07-09,z,treatment_u_residualised,-0.3882254792324449
2019-07-10,z,treatment_u_residualised,-0.6444704619464267
2019-07-11,z,treatment_u_residualised,-0.6148023439941986
2019-07-12,z,treatment_u_residualised,-0.38640686614959663
2019-07-15,z,treatment_u_residualised,-0.5035563464437096
2019-07-16,z,treatment_u_residualised,-0.6788306857373833
2019-07-17,z,treatment_u_residualised,-0.4782162113138474
2019-07-18,z,treatment_u_residualised,-0.4651716621969024
2019-07-19,z,treatment_u_residualised,-0.4204262176236529
2019-07-22,z,treatment_u_residualised,-0.4385341413867134
2019-07-23,z,treatment_u_residualised,-0.19525950113338908
2019-07-24,z,treatment_u_residualised,-0.19782236020747057
2019-07-25,z,treatment_u_residualised,-0.6580173617183153
2019-07-26,z,treatment_u_residualised,-0.6340677522105929
2019-07-29,z,treatment_u_residualised,-0.5328014765030039
2019-07-30,z,treatment_u_residualised,-0.3487819154177094
2019-07-31,z,treatment_u_residualised,-0.5419261684294814
2019-08-01,z,treatment_u_residualised,-0.45619349575370166
2019-08-02,z,treatment_u_residualised,-0.40742121493203215
2019-08-05,z,treatment_u_residualised,-0.3806529815390085
2019-08-06,z,treatment_u_residualised,-0.3208350297611443
2019-08-07,z,treatment_u_residualised,-0.09096290588059694
2019-08-08,z,treatment_u_residualised,-0.29324138086639906
2019-08-09,z,treatment_u_residualised,-0.2614734425423615
2019-08-12,z,treatment_u_residualised,-0.22919926662016515
2019-08-13,z,treatment_u_residualised,-0.2631118836004119
2019-08-14,z,treatment_u_residualised,-0.2743701031190858
2019-08-15,z,treatment_u_residualised,-0.23752091022800031
2019-08-16,z,treatment_u_residualised,-0.23295063949799308
2019-08-19,z,treatment_u_residualised,-0.31224444110783134
2019-08-20,z,treatment_u_residualised,-0.31209648035711457
2019-08-21,z,treatment_u_residualised,-0.35563574522790603
2019-08-22,z,treatment_u_residualised,-0.15474031685605347
2019-08-23,z,treatment_u_residualised,-0.10479460077604355
2019-08-26,z,treatment_u_residualised,-0.09246610056262027
2019-08-27,z,treatment_u_residualised,-0.06513682970566383
2019-08-28,z,treatment_u_residualised,-0.04422511968748175
2019-08-29,z,treatment_u_residualised,-0.13662616327344979
2019-08-30,z,treatment_u_residualised,-0.1596875806396932
2019-09-03,z,treatment_u_residualised,-0.18725898868570526
2019-09-04,z,treatment_u_residualised,-0.18934082180338146
2019-09-05,z,treatment_u_residualised,-0.12051003319576656
2019-09-06,z,treatment_u_residualised,-0.016168229202168923
2019-09-09,z,treatment_u_residualised,-0.25334461266020997
2019-09-10,z,treatment_u_residualised,-0.13081627722447997
2019-09-11,z,treatment_u_residualised,-0.1937643263801604
2019-09-12,z,treatment_u_residualised,-0.24717397318606585
2019-09-13,z,treatment_u_residualised,-0.33117115090016175
2019-09-16,z,treatment_u_residualised,-0.3912670680200144
2019-09-17,z,treatment_u_residualised,-0.4771622462615487
2019-09-18,z,treatment_u_residualised,-0.46332931658076065
2019-09-19,z,treatment_u_residualised,-0.4579471482542423
2019-09-20,z,treatment_u_residualised,-0.7129704292757424
2019-09-23,z,treatment_u_residualised,-0.6584002011902477
2019-09-24,z,treatment_u_residualised,-0.762832440819297
2019-09-25,z,treatment_u_residualised,-0.36183231665221655
2019-09-26,z,treatment_u_residualised,-0.3058539646119982
2019-09-27,z,treatment_u_residualised,-0.2421963073014815
2019-09-30,z,treatment_u_residualised,-0.11030718244820516
2019-10-01,z,treatment_u_residualised,-0.23263362755373762
2019-10-02,z,treatment_u_residualised,-0.31045616778303226
2019-10-03,z,treatment_u_residualised,-0.0773233206834067
2019-10-04,z,treatment_u_residualised,-0.11624248912711846
2019-10-07,z,treatment_u_residualised,-0.1865899738572554
2019-10-08,z,treatment_u_residualised,0.05677164990545166
2019-10-09,z,treatment_u_residualised,-0.2429756893858984
2019-10-10,z,treatment_u_residualised,-0.26240423584231637
2019-10-11,z,treatment_u_residualised,0.11682543500936626
2019-10-14,z,treatment_u_residualised,0.04343131948088488
2019-10-15,z,treatment_u_residualised,0.03887196098266695
2019-10-16,z,treatment_u_residualised,-0.16166831934310225
2019-10-17,z,treatment_u_residualised,0.08076525614872482
2019-10-18,z,treatment_u_residualised,0.16644497339021944
2019-10-21,z,treatment_u_residualised,0.22061529993623602
2019-10-22,z,treatment_u_residualised,0.5775487625679583
2019-10-23,z,treatment_u_residualised,0.49349748468618
2019-10-24,z,treatment_u_residualised,-0.12467779274774073
2019-10-25,z,treatment_u_residualised,0.15864996085920335
2019-10-28,z,treatment_u_residualised,0.0925141647153126
2019-10-29,z,treatment_u_residualised,0.20485994497272464
2019-10-30,z,treatment_u_residualised,0.03010866122217075
2019-10-31,z,treatment_u_residualised,0.36863276918905596
2019-11-01,z,treatment_u_residualised,0.3924511713662472
2019-11-04,z,treatment_u_residualised,-0.2034142543658985
2019-11-05,z,treatment_u_residualised,-0.07756753008328819
2019-11-06,z,treatment_u_residualised,0.07167032848952788
2019-11-07,z,treatment_u_residualised,0.0591104943415111
2019-11-08,z,treatment_u_residualised,0.10333478621040947
2019-11-11,z,treatment_u_residualised,0.13701143575992097
2019-11-12,z,treatment_u_residualised,0.15705809764766443
2019-11-13,z,treatment_u_residualised,-0.1741882846328156
2019-11-14,z,treatment_u_residualised,-0.14323616530210942
2019-11-15,z,treatment_u_residualised,0.3025430540621033
2019-11-18,z,treatment_u_residualised,0.23595749110869502
2019-11-19,z,treatment_u_residualised,0.1942677315591066
2019-11-20,z,treatment_u_residualised,0.0433486488394434
2019-11-21,z,treatment_u_residualised,-0.29803657911139536
2019-11-22,z,treatment_u_residualised,-0.08992342938045662
2019-11-25,z,treatment_u_residualised,-0.17766826349599613
2019-11-26,z,treatment_u_residualised,-0.09029071753929588
2019-11-27,z,treatment_u_residualised,-0.1855228647555846
2019-11-29,z,treatment_u_residualised,0.06343422590756437
2019-12-02,z,treatment_u_residualised,-0.03754134230094994
2019-12-03,z,treatment_u_residualised,-0.11412980170395173
2019-12-04,z,treatment_u_residualised,-0.2627690525128946
2019-12-05,z,treatment_u_residualised,-0.216607721000458
2019-12-06,z,treatment_u_residualised,-0.19463902235076708
2019-12-09,z,treatment_u_residualised,-0.1470733548624111
2019-12-10,z,treatment_u_residualised,0.018990725923880347
2019-12-11,z,treatment_u_residualised,-0.12633765758952936
2019-12-12,z,treatment_u_residualised,-0.036962278143479896
2019-12-13,z,treatment_u_residualised,-0.03939672164183079
2019-12-16,z,treatment_u_residualised,-0.07648671953580345
2019-12-17,z,treatment_u_residualised,-0.02656879182564735
2019-12-18,z,treatment_u_residualised,0.06130488103791785
2019-12-19,z,treatment_u_residualised,0.01656262043075192
2019-12-20,z,treatment_u_residualised,0.10526879947576315
2019-12-23,z,treatment_u_residualised,0.12053305769725606
2019-12-24,z,treatment_u_residualised,-0.004539576389924818
2019-12-26,z,treatment_u_residualised,0.1157761929732038
2019-12-27,z,treatment_u_residualised,0.018959887633815023
2019-12-30,z,treatment_u_residualised,0.17652568185252135
2019-12-31,z,treatment_u_residualised,0.03459390870531617
2020-01-02,z,treatment_u_residualised,0.1769583571019826
2020-01-03,z,treatment_u_residualised,0.11048805623658325
2020-01-06,z,treatment_u_residualised,-0.09328343590823539
2020-01-07,z,treatment_u_residualised,-0.05539620893640175
2020-01-08,z,treatment_u_residualised,0.09214768430196633
2020-01-09,z,treatment_u_residualised,0.23051444738835805
2020-01-10,z,treatment_u_residualised,0.02014761115148353
2020-01-13,z,treatment_u_residualised,-0.006361136603563036
2020-01-14,z,treatment_u_residualised,0.09299468033908934
2020-01-15,z,treatment_u_residualised,0.12215602403265699
2020-01-16,z,treatment_u_residualised,-0.0921340750798455
2020-01-17,z,treatment_u_residualised,-0.1654508413833074
2020-01-21,z,treatment_u_residualised,-0.15383335574395823
2020-01-22,z,treatment_u_residualised,-0.13502433795411803
2020-01-23,z,treatment_u_residualised,-0.10946907055166068
2020-01-24,z,treatment_u_residualised,-0.01713877408397009
2020-01-27,z,treatment_u_residualised,0.0921253154621168
2020-01-28,z,treatment_u_residualised,0.07406303488691303
2020-01-29,z,treatment_u_residualised,-0.010937696127187327
2020-01-30,z,treatment_u_residualised,0.06178597835332389
2020-01-31,z,treatment_u_residualised,-0.057426472600454345
2020-02-03,z,treatment_u_residualised,-0.028835021500886085
2020-02-04,z,treatment_u_residualised,-0.10854130436420487
2020-02-05,z,treatment_u_residualised,0.0034435298500628125
2020-02-06,z,treatment_u_residualised,0.04236034655877936
2020-02-07,z,treatment_u_residualised,0.12696541633819117
2020-02-10,z,treatment_u_residualised,0.03814610732571029
2020-02-11,z,treatment_u_residualised,0.06532973750990324
2020-02-12,z,treatment_u_residualised,-0.015145476577850245
2020-02-13,z,treatment_u_residualised,-0.043746670283909786
2020-02-14,z,treatment_u_residualised,-0.09190678105771947
2020-02-18,z,treatment_u_residualised,-0.1378814336257378
2020-02-19,z,treatment_u_residualised,-0.16403030900255605
2020-02-20,z,treatment_u_residualised,-0.0798656369469237
2020-02-21,z,treatment_u_residualised,0.04201869395609588
2020-02-24,z,treatment_u_residualised,-0.04879605572915771
2020-02-25,z,treatment_u_residualised,-0.10303612150176378
2020-02-26,z,treatment_u_residualised,-0.1392489419960392
2020-02-27,z,treatment_u_residualised,0.003414092223177345
2020-02-28,z,treatment_u_residualised,0.3793571221134857
2020-03-02,z,treatment_u_residualised,0.295843961553047
2020-03-03,z,treatment_u_residualised,0.3082515664507208
2020-03-04,z,treatment_u_residualised,0.460120160179654
2020-03-05,z,treatment_u_residualised,0.4763233758895937
2020-03-06,z,treatment_u_residualised,0.6606040389842308
2020-03-09,z,treatment_u_residualised,0.5853129247775792
2020-03-10,z,treatment_u_residualised,0.49068142088729105
2020-03-11,z,treatment_u_residualised,0.4406444312941433
2020-03-12,z,treatment_u_residualised,0.5743592279032144
2020-03-13,z,treatment_u_residualised,0.44856010286410775
2020-03-16,z,treatment_u_residualised,0.5967658612417588
2020-03-17,z,treatment_u_residualised,0.7390759332518194
2020-03-18,z,treatment_u_residualised,0.7010388805715806
2020-03-19,z,treatment_u_residualised,0.8395239455384595
2020-03-20,z,treatment_u_residualised,1.0919858984526172
2020-03-23,z,treatment_u_residualised,0.8996805198107682
2020-03-24,z,treatment_u_residualised,0.6804393861560646
2020-03-25,z,treatment_u_residualised,0.673839542506795
2020-03-26,z,treatment_u_residualised,0.6763647626314141
2020-03-27,z,treatment_u_residualised,1.010461125295031
2020-03-30,z,treatment_u_residualised,0.8846683477850966
2020-03-31,z,treatment_u_residualised,0.9951227198083401
2020-04-01,z,treatment_u_residualised,0.9336686248262124
2020-04-02,z,treatment_u_residualised,0.6626607861999342
2020-04-03,z,treatment_u_residualised,0.5811370172290373
2020-04-06,z,treatment_u_residualised,0.48162103341594154
2020-04-07,z,treatment_u_residualised,0.5201138664854745
2020-04-08,z,treatment_u_residualised,0.5190591659073618
2020-04-09,z,treatment_u_residualised,0.5923102669363645
2020-04-13,z,treatment_u_residualised,0.5749719004179185
2020-04-14,z,treatment_u_residualised,0.4078687534997807
2020-04-15,z,treatment_u_residualised,0.382872296270633
2020-04-16,z,treatment_u_residualised,0.19048208844414716
2020-04-17,z,treatment_u_residualised,0.5286326538160037
2020-04-20,z,treatment_u_residualised,0.5153112375164179
2020-04-21,z,treatment_u_residualised,0.36701239652247686
2020-04-22,z,treatment_u_residualised,0.608112083426801
2020-04-23,z,treatment_u_residualised,0.5498421640148906
2020-04-24,z,treatment_u_residualised,0.7573456978680344
2020-04-27,z,treatment_u_residualised,0.7224415983330563
2020-04-28,z,treatment_u_residualised,0.6643903045516588
2020-04-29,z,treatment_u_residualised,0.7092023480041257
2020-04-30,z,treatment_u_residualised,0.7042041922638667
2020-05-01,z,treatment_u_residualised,0.8382964770815646
2020-05-04,z,treatment_u_residualised,0.7941441768251222
2020-05-05,z,treatment_u_residualised,0.6072653560166055
2020-05-06,z,treatment_u_residualised,0.5739797363882715
2020-05-07,z,treatment_u_residualised,0.6806192284244976
2020-05-08,z,treatment_u_residualised,0.6418553267547586
2020-05-11,z,treatment_u_residualised,0.6377047918136642
2020-05-12,z,treatment_u_residualised,0.5794076186242241
2020-05-13,z,treatment_u_residualised,0.5937776128693332
2020-05-14,z,treatment_u_residualised,0.5969202781478455
2020-05-15,z,treatment_u_residualised,0.4893664078545491
2020-05-18,z,treatment_u_residualised,0.5486605863217277
2020-05-19,z,treatment_u_residualised,0.6773457926675114
2020-05-20,z,treatment_u_residualised,0.8439217912030934
2020-05-21,z,treatment_u_residualised,0.7775882199885069
2020-05-22,z,treatment_u_residualised,0.8648590242407633
2020-05-26,z,treatment_u_residualised,0.9656758421566517
2020-05-27,z,treatment_u_residualised,0.9296153380881307
2020-05-28,z,treatment_u_residualised,0.9627076414396737
2020-05-29,z,treatment_u_residualised,0.9715222523874362
2020-06-01,z,treatment_u_residualised,0.7546348177523734
2020-06-02,z,treatment_u_residualised,0.802059011015253
2020-06-03,z,treatment_u_residualised,0.8226572850268277
2020-06-04,z,treatment_u_residualised,0.7629564296815537
2020-06-05,z,treatment_u_residualised,0.5881331098242707
2020-06-08,z,treatment_u_residualised,0.6450111117511194
2020-06-09,z,treatment_u_residualised,0.24921210156980594
2020-06-10,z,treatment_u_residualised,0.31013362579414194
2020-06-11,z,treatment_u_residualised,0.6198471892919627
2020-06-12,z,treatment_u_residualised,0.8384166547015791
2020-06-15,z,treatment_u_residualised,0.6164281542595795
2020-06-16,z,treatment_u_residualised,0.706748591027434
2020-06-17,z,treatment_u_residualised,0.6642508797065747
2020-06-18,z,treatment_u_residualised,0.670004130798625
2020-06-19,z,treatment_u_residualised,0.6536061731296656
2020-06-22,z,treatment_u_residualised,0.604682232892016
2020-06-23,z,treatment_u_residualised,0.6176930275283753
2020-06-24,z,treatment_u_residualised,0.6905267920941084
2020-06-25,z,treatment_u_residualised,0.7107202383121327
2020-06-26,z,treatment_u_residualised,0.8163902989451277
2020-06-29,z,treatment_u_residualised,0.9586161937204439
2020-06-30,z,treatment_u_residualised,0.8609503012696659
2020-07-01,z,treatment_u_residualised,0.7651213369297467
2020-07-02,z,treatment_u_residualised,0.6804746859620558
2020-07-06,z,treatment_u_residualised,0.5776366729011252
2020-07-07,z,treatment_u_residualised,0.49274815354246687
2020-07-08,z,treatment_u_residualised,0.45864130967323424
2020-07-09,z,treatment_u_residualised,0.3829496770362609
2020-07-10,z,treatment_u_residualised,0.2543642027712068
2020-07-13,z,treatment_u_residualised,0.3097469348741515
2020-07-14,z,treatment_u_residualised,0.3997744080980527
2020-07-15,z,treatment_u_residualised,0.5052225018000581
2020-07-16,z,treatment_u_residualised,0.4846809684823822
2020-07-17,z,treatment_u_residualised,0.5071298627327157
2020-07-20,z,treatment_u_residualised,0.3990479056071772
2020-07-21,z,treatment_u_residualised,0.3102467276428327
2020-07-22,z,treatment_u_residualised,0.3588564152363507
2020-07-23,z,treatment_u_residualised,0.45039509879817285
2020-07-24,z,treatment_u_residualised,0.39590001402293046
2020-07-27,z,treatment_u_residualised,0.4418167599364688
2020-07-28,z,treatment_u_residualised,0.3779976942268016
2020-07-29,z,treatment_u_residualised,0.7149310791384571
2020-07-30,z,treatment_u_residualised,0.6862697135485539
2020-07-31,z,treatment_u_residualised,0.78697223481528
2020-08-03,z,treatment_u_residualised,0.4217408523287504
2020-08-04,z,treatment_u_residualised,0.6565829116100557
2020-08-05,z,treatment_u_residualised,0.5804883540648046
2020-08-06,z,treatment_u_residualised,0.5668034616722001
2020-08-07,z,treatment_u_residualised,0.36305447174947697
2020-08-10,z,treatment_u_residualised,0.3411989049911823
2020-08-11,z,treatment_u_residualised,0.415629537268978
2020-08-12,z,treatment_u_residualised,0.3635464928941853
2020-08-13,z,treatment_u_residualised,0.20819339263446143
2020-08-14,z,treatment_u_residualised,0.2709016093485062
2020-08-17,z,treatment_u_residualised,0.06914295024942092
2020-08-18,z,treatment_u_residualised,0.10956602772260046
2020-08-19,z,treatment_u_residualised,0.08802729781712795
2020-08-20,z,treatment_u_residualised,0.12072846025822911
2020-08-21,z,treatment_u_residualised,0.15327914691123165
2020-08-24,z,treatment_u_residualised,0.18187807074378787
2020-08-25,z,treatment_u_residualised,0.14968492710489262
2020-08-26,z,treatment_u_residualised,0.0012114024620735117
2020-08-27,z,treatment_u_residualised,0.249639917092029
2020-08-28,z,treatment_u_residualised,0.09375625134195831
2020-08-31,z,treatment_u_residualised,-0.17298173080537696
2020-09-01,z,treatment_u_residualised,-0.14677975367087193
2020-09-02,z,treatment_u_residualised,-0.1376939905940831
2020-09-03,z,treatment_u_residualised,-0.06914558897100287
2020-09-04,z,treatment_u_residualised,0.013271424236669702
2020-09-08,z,treatment_u_residualised,0.16853871428291015
2020-09-09,z,treatment_u_residualised,0.13840437659226484
2020-09-10,z,treatment_u_residualised,0.2314446688476079
2020-09-11,z,treatment_u_residualised,0.21107176319793544
2020-09-14,z,treatment_u_residualised,0.14868389918409733
2020-09-15,z,treatment_u_residualised,0.12634669187221065
2020-09-16,z,treatment_u_residualised,0.09692864046610555
2020-09-17,z,treatment_u_residualised,0.262056956174844
2020-09-18,z,treatment_u_residualised,0.38783419144380166
2020-09-21,z,treatment_u_residualised,0.4189442328074345
2020-09-22,z,treatment_u_residualised,0.3758520996108482
2020-09-23,z,treatment_u_residualised,0.5150218117288141
2020-09-24,z,treatment_u_residualised,0.3696765372065536
2020-09-25,z,treatment_u_residualised,0.5097025774641039
2020-09-28,z,treatment_u_residualised,0.43016805711201045
2020-09-29,z,treatment_u_residualised,0.4247752347823852
2020-09-30,z,treatment_u_residualised,0.4367523246298866
2020-10-01,z,treatment_u_residualised,0.4097164068063206
2020-10-02,z,treatment_u_residualised,0.36866432700272755
2020-10-05,z,treatment_u_residualised,0.3544984957169677
2020-10-06,z,treatment_u_residualised,0.4355061448019872
2020-10-07,z,treatment_u_residualised,0.45108870169246146
2020-10-08,z,treatment_u_residualised,0.3037835951912835
2020-10-09,z,treatment_u_residualised,0.29234264326173526
2020-10-12,z,treatment_u_residualised,0.2563336030542803
2020-10-13,z,treatment_u_residualised,0.2747060678056077
2020-10-14,z,treatment_u_residualised,0.20173943169963013
2020-10-15,z,treatment_u_residualised,0.24389561941052154
2020-10-16,z,treatment_u_residualised,0.32730159104579293
2020-10-19,z,treatment_u_residualised,0.36905799717541055
2020-10-20,z,treatment_u_residualised,0.4204404168617683
2020-10-21,z,treatment_u_residualised,0.39292975558237114
2020-10-22,z,treatment_u_residualised,0.2680707432326638
2020-10-23,z,treatment_u_residualised,0.3781941773097173
2020-10-26,z,treatment_u_residualised,0.23023303794227346
2020-10-27,z,treatment_u_residualised,0.23548176954030575
2020-10-28,z,treatment_u_residualised,0.24736162968520878
2020-10-29,z,treatment_u_residualised,0.36370259944002276
2020-10-30,z,treatment_u_residualised,0.4534746460296665
2020-11-02,z,treatment_u_residualised,0.3913087732370879
2020-11-03,z,treatment_u_residualised,0.36096818730724656
2020-11-04,z,treatment_u_residualised,0.3007740547355322
2020-11-05,z,treatment_u_residualised,0.39790133815536577
2020-11-06,z,treatment_u_residualised,0.36311542331381746
2020-11-09,z,treatment_u_residualised,0.23622434662395644
2020-11-10,z,treatment_u_residualised,0.4291139233133848
2020-11-11,z,treatment_u_residualised,0.31764591431404093
2020-11-12,z,treatment_u_residualised,0.1275808683740857
2020-11-13,z,treatment_u_residualised,0.3215973094931179
2020-11-16,z,treatment_u_residualised,0.3597077256116058
2020-11-17,z,treatment_u_residualised,0.33754757831781146
2020-11-18,z,treatment_u_residualised,0.42451538170568714
2020-11-19,z,treatment_u_residualised,0.423632118018234
2020-11-20,z,treatment_u_residualised,0.23844146625450613
2020-11-23,z,treatment_u_residualised,0.11853135993047714
2020-11-24,z,treatment_u_residualised,-0.008316117730964544
2020-11-25,z,treatment_u_residualised,-0.19798947466907643
2020-11-27,z,treatment_u_residualised,-0.306691733670146
2020-11-30,z,treatment_u_residualised,-0.4009589063057716
2020-12-01,z,treatment_u_residualised,-0.26915281546615505
2020-12-02,z,treatment_u_residualised,-0.20558168063271745
2020-12-03,z,treatment_u_residualised,-0.41478329428774935
2020-12-04,z,treatment_u_residualised,-0.5417135777749489
2020-12-07,z,treatment_u_residualised,-0.5552985092663066
2020-12-08,z,treatment_u_residualised,-0.3409357119011793
2020-12-09,z,treatment_u_residualised,-0.23042284641073035
2020-12-10,z,treatment_u_residualised,-0.3592103073208934
2020-12-11,z,treatment_u_residualised,-0.2838444939279845
2020-12-14,z,treatment_u_residualised,-0.29357213597438764
2020-12-15,z,treatment_u_residualised,-0.42060236944886964
2020-12-16,z,treatment_u_residualised,-0.39091221190388153
2020-12-17,z,treatment_u_residualised,-0.33629572952734516
2020-12-18,z,treatment_u_residualised,-0.19714251152444823
2020-12-21,z,treatment_u_residualised,-0.22290619249922425
2020-12-22,z,treatment_u_residualised,-0.3885080839157302
2020-12-23,z,treatment_u_residualised,-0.2911879774396859
2020-12-24,z,treatment_u_residualised,-0.20384094465523384
2020-12-28,z,treatment_u_residualised,-0.13861182563421479
2020-12-29,z,treatment_u_residualised,-0.07394438016577651
2020-12-30,z,treatment_u_residualised,-0.04642210560047508
2020-12-31,z,treatment_u_residualised,0.022879430983889316
2021-01-04,z,treatment_u_residualised,-0.017089216742073435
2021-01-05,z,treatment_u_residualised,0.04421544554468832
2021-01-06,z,treatment_u_residualised,0.18451647016832545
2021-01-07,z,treatment_u_residualised,0.028280438257752716
2021-01-08,z,treatment_u_residualised,-0.04492081662381184
2021-01-11,z,treatment_u_residualised,-0.02876361814481622
2021-01-12,z,treatment_u_residualised,-0.07440019453400615
2021-01-13,z,treatment_u_residualised,-0.07522934343432475
2021-01-14,z,treatment_u_residualised,-0.0759696423158524
2021-01-15,z,treatment_u_residualised,0.08214059415212023
2021-01-19,z,treatment_u_residualised,-0.15227781184494515
2021-01-20,z,treatment_u_residualised,-0.2593438822382103
2021-01-21,z,treatment_u_residualised,-0.3783792570818176
2021-01-22,z,treatment_u_residualised,-0.5429678650576552
2021-01-25,z,treatment_u_residualised,-0.4751158528823545
2021-01-26,z,treatment_u_residualised,-0.24645862156230458
2021-01-27,z,treatment_u_residualised,-0.2459078841043233
2021-01-28,z,treatment_u_residualised,-0.2637436876746253
2021-01-29,z,treatment_u_residualised,-0.18785005685358544
2021-02-01,z,treatment_u_residualised,-0.19099182238784093
2021-02-02,z,treatment_u_residualised,-0.237350697869807
2021-02-03,z,treatment_u_residualised,-0.3744198137147937
2021-02-04,z,treatment_u_residualised,-0.18077321114240238
2021-02-05,z,treatment_u_residualised,-0.042004484841736196
2021-02-08,z,treatment_u_residualised,-0.12329347554385556
2021-02-09,z,treatment_u_residualised,-0.1571708694602233
2021-02-10,z,treatment_u_residualised,-0.2115425618138117
2021-02-11,z,treatment_u_residualised,-0.21634351542598396
2021-02-12,z,treatment_u_residualised,-0.1974586323851013
2021-02-16,z,treatment_u_residualised,-0.3795118683040379
2021-02-17,z,treatment_u_residualised,-0.3259385033084594
2021-02-18,z,treatment_u_residualised,-0.20635952291997559
2021-02-19,z,treatment_u_residualised,-0.30494505660074
2021-02-22,z,treatment_u_residualised,-0.1958250573905501
2021-02-23,z,treatment_u_residualised,-0.19806973692691382
2021-02-24,z,treatment_u_residualised,-0.24041927481612432
2021-02-25,z,treatment_u_residualised,-0.10686525267569055
2021-02-26,z,treatment_u_residualised,-0.1626746474400824
2021-03-01,z,treatment_u_residualised,-0.26540848619390395
2021-03-02,z,treatment_u_residualised,-0.3437592128705682
2021-03-03,z,treatment_u_residualised,-0.17171375463932304
2021-03-04,z,treatment_u_residualised,0.07167292248151694
2021-03-05,z,treatment_u_residualised,0.05839963138305498
2021-03-08,z,treatment_u_residualised,0.43529274728130213
2021-03-09,z,treatment_u_residualised,0.4182611396087154
2021-03-10,z,treatment_u_residualised,0.3947082076868528
2021-03-11,z,treatment_u_residualised,0.14771704426291882
2021-03-12,z,treatment_u_residualised,0.40723253092349065
2021-03-15,z,treatment_u_residualised,0.527930196765204
2021-03-16,z,treatment_u_residualised,0.40022130089527674
2021-03-17,z,treatment_u_residualised,0.23722188603241923
2021-03-18,z,treatment_u_residualised,0.19948697574886157
2021-03-19,z,treatment_u_residualised,-0.24531112003165498
2021-03-22,z,treatment_u_residualised,-0.21497638563216867
2021-03-23,z,treatment_u_residualised,0.2513798815152924
2021-03-24,z,treatment_u_residualised,0.21607104164602434
2021-03-25,z,treatment_u_residualised,0.0988565158705092
2021-03-26,z,treatment_u_residualised,0.2973058773100872
2021-03-29,z,treatment_u_residualised,0.22230516900869404
2021-03-30,z,treatment_u_residualised,0.2757458081615785
2021-03-31,z,treatment_u_residualised,0.16951515637085868
2021-04-01,z,treatment_u_residualised,0.20390484717106583
2021-04-05,z,treatment_u_residualised,0.045150788036934314
2021-04-06,z,treatment_u_residualised,0.06893333752058632
2021-04-07,z,treatment_u_residualised,0.2876723819121521
2021-04-08,z,treatment_u_residualised,0.16936180273295992
2021-04-09,z,treatment_u_residualised,0.19151425774584843
2021-04-12,z,treatment_u_residualised,0.005679506294404786
2021-04-13,z,treatment_u_residualised,-0.1781941063512046
2021-04-14,z,treatment_u_residualised,-0.13318719139488489
2021-04-15,z,treatment_u_residualised,0.04138396530039521
2016-12-29,z,reference_z_mom,0.005818986424986451
2016-12-30,z,reference_z_mom,0.14518243363519087
2017-01-03,z,reference_z_mom,0.13634330964664373
2017-01-04,z,reference_z_mom,-0.06968663962336673
2017-01-05,z,reference_z_mom,0.039393233846202455
2017-01-06,z,reference_z_mom,0.06847955513216918
2017-01-09,z,reference_z_mom,0.04441937604944496
2017-01-10,z,reference_z_mom,0.12896842529744815
2017-01-11,z,reference_z_mom,0.3160847022463698
2017-01-12,z,reference_z_mom,0.30350315017521917
2017-01-13,z,reference_z_mom,0.3416511564188049
2017-01-17,z,reference_z_mom,0.5867835091542858
2017-01-18,z,reference_z_mom,0.7239998026632473
2017-01-19,z,reference_z_mom,0.7221033426210706
2017-01-20,z,reference_z_mom,0.7593723845362351
2017-01-23,z,reference_z_mom,0.9493672988456109
2017-01-24,z,reference_z_mom,0.6799958473991822
2017-01-25,z,reference_z_mom,0.3807919350299911
2017-01-26,z,reference_z_mom,0.756401031417837
2017-01-27,z,reference_z_mom,0.7527237082446163
2017-01-30,z,reference_z_mom,0.7891776885286464
2017-01-31,z,reference_z_mom,0.38560822845279014
2017-02-01,z,reference_z_mom,0.2508232581069576
2017-02-02,z,reference_z_mom,0.2876760561239562
2017-02-03,z,reference_z_mom,0.3688082853611487
2017-02-06,z,reference_z_mom,0.4295765604850002
2017-02-07,z,reference_z_mom,0.25992836665991886
2017-02-08,z,reference_z_mom,0.28101516897270223
2017-02-09,z,reference_z_mom,0.26881683052633926
2017-02-10,z,reference_z_mom,0.2553017439966765
2017-02-13,z,reference_z_mom,0.3992718245562407
2017-02-14,z,reference_z_mom,0.2890903685976255
2017-02-15,z,reference_z_mom,0.2631364593137359
2017-02-16,z,reference_z_mom,0.31352984629478897
2017-02-17,z,reference_z_mom,0.1763901947963465
2017-02-21,z,reference_z_mom,0.07216034571642795
2017-02-22,z,reference_z_mom,-0.018845653125198585
2017-02-23,z,reference_z_mom,0.11836792580730626
2017-02-24,z,reference_z_mom,0.20075375555238617
2017-02-27,z,reference_z_mom,0.024853828417866472
2017-02-28,z,reference_z_mom,0.4784750147334167
2017-03-01,z,reference_z_mom,0.38136450399911986
2017-03-02,z,reference_z_mom,0.507904965939383
2017-03-03,z,reference_z_mom,0.5873706625836912
2017-03-06,z,reference_z_mom,0.3663952229953929
2017-03-07,z,reference_z_mom,0.38296009694743377
2017-03-08,z,reference_z_mom,0.39940558676501964
2017-03-09,z,reference_z_mom,0.38394892286640847
2017-03-10,z,reference_z_mom,0.4242928927964757
2017-03-13,z,reference_z_mom,0.39147063023971507
2017-03-14,z,reference_z_mom,0.5165792578924961
2017-03-15,z,reference_z_mom,0.42028753789745926
2017-03-16,z,reference_z_mom,0.36670714547739186
2017-03-17,z,reference_z_mom,0.29904375117417786
2017-03-20,z,reference_z_mom,0.0974826133264133
2017-03-21,z,reference_z_mom,0.3293944107500176
2017-03-22,z,reference_z_mom,0.28854013407379303
2017-03-23,z,reference_z_mom,0.3286830905494135
2017-03-24,z,reference_z_mom,0.22452672314748373
2017-03-27,z,reference_z_mom,0.27528107467063884
2017-03-28,z,reference_z_mom,0.4000913609952327
2017-03-29,z,reference_z_mom,0.47875049766402006
2017-03-30,z,reference_z_mom,0.40984970776070817
2017-03-31,z,reference_z_mom,0.3374702153919436
2017-04-03,z,reference_z_mom,0.38195761641429926
2017-04-04,z,reference_z_mom,0.32898906041347226
2017-04-05,z,reference_z_mom,0.37459160165584177
2017-04-06,z,reference_z_mom,0.6190188167358246
2017-04-07,z,reference_z_mom,0.6554884096393789
2017-04-10,z,reference_z_mom,0.7324680597316309
2017-04-11,z,reference_z_mom,0.7584543056499263
2017-04-12,z,reference_z_mom,0.8249109312291015
2017-04-13,z,reference_z_mom,0.8396737627206843
2017-04-17,z,reference_z_mom,0.8583650958545003
2017-04-18,z,reference_z_mom,0.9200470893572829
2017-04-19,z,reference_z_mom,0.9226209995048757
2017-04-20,z,reference_z_mom,0.8868116470831288
2017-04-21,z,reference_z_mom,0.8869134492685498
2017-04-24,z,reference_z_mom,0.8421479699650364
2017-04-25,z,reference_z_mom,0.9760665960083601
2017-04-26,z,reference_z_mom,1.1687294560235766
2017-04-27,z,reference_z_mom,1.1376927051000305
2017-04-28,z,reference_z_mom,0.9678359842165669
2017-05-01,z,reference_z_mom,1.0667151849254453
2017-05-02,z,reference_z_mom,1.2321960572273163
2017-05-03,z,reference_z_mom,1.4136568446322086
2017-05-04,z,reference_z_mom,1.1568547555066575
2017-05-05,z,reference_z_mom,1.0818012704531244
2017-05-08,z,reference_z_mom,1.1071656049250538
2017-05-09,z,reference_z_mom,1.0259422475557922
2017-05-10,z,reference_z_mom,0.8823407788797266
2017-05-11,z,reference_z_mom,0.7879326165738222
2017-05-12,z,reference_z_mom,0.9294157623240793
2017-05-15,z,reference_z_mom,0.776147557073819
2017-05-16,z,reference_z_mom,0.6995514209223447
2017-05-17,z,reference_z_mom,0.918611129881404
2017-05-18,z,reference_z_mom,0.8278545097797433
2017-05-19,z,reference_z_mom,0.8836288031852788
2017-05-22,z,reference_z_mom,0.9860398654439791
2017-05-23,z,reference_z_mom,0.9976039200395506
2017-05-24,z,reference_z_mom,0.8877084809893337
2017-05-25,z,reference_z_mom,0.8903319898967177
2017-05-26,z,reference_z_mom,1.1497732806801124
2017-05-30,z,reference_z_mom,0.9604490952299607
2017-05-31,z,reference_z_mom,0.6398676447618769
2017-06-01,z,reference_z_mom,0.770725474176369
2017-06-02,z,reference_z_mom,0.8194855173201947
2017-06-05,z,reference_z_mom,0.94040271657057
2017-06-06,z,reference_z_mom,0.7422733144115573
2017-06-07,z,reference_z_mom,0.5670862117202815
2017-06-08,z,reference_z_mom,0.6746228880156184
2017-06-09,z,reference_z_mom,0.43445268723189195
2017-06-12,z,reference_z_mom,0.4499785933666265
2017-06-13,z,reference_z_mom,0.2833615715743418
2017-06-14,z,reference_z_mom,0.19406664514649882
2017-06-15,z,reference_z_mom,0.22067498569840607
2017-06-16,z,reference_z_mom,0.17944394561055269
2017-06-19,z,reference_z_mom,0.2551002615515011
2017-06-20,z,reference_z_mom,0.2557457250654596
2017-06-21,z,reference_z_mom,0.21524236768544797
2017-06-22,z,reference_z_mom,0.14524195317506908
2017-06-23,z,reference_z_mom,0.12706481056199564
2017-06-26,z,reference_z_mom,0.21082289924114656
2017-06-27,z,reference_z_mom,0.3747725179578987
2017-06-28,z,reference_z_mom,0.38052671420232237
2017-06-29,z,reference_z_mom,0.5114562432210317
2017-06-30,z,reference_z_mom,0.6081596246490236
2017-07-03,z,reference_z_mom,0.6939411714639663
2017-07-05,z,reference_z_mom,0.6526620096085338
2017-07-06,z,reference_z_mom,0.5462476696469648
2017-07-07,z,reference_z_mom,0.4944459221454675
2017-07-10,z,reference_z_mom,0.3464947691616265
2017-07-11,z,reference_z_mom,0.22775312608063214
2017-07-12,z,reference_z_mom,0.22690992339469956
2017-07-13,z,reference_z_mom,0.2758493011775563
2017-07-14,z,reference_z_mom,0.3119616425837989
2017-07-17,z,reference_z_mom,0.2437497172570277
2017-07-18,z,reference_z_mom,0.36483180312087676
2017-07-19,z,reference_z_mom,0.03251720679860496
2017-07-20,z,reference_z_mom,0.03680410851998993
2017-07-21,z,reference_z_mom,0.08878002925425221
2017-07-24,z,reference_z_mom,-0.02623185093388152
2017-07-25,z,reference_z_mom,0.042489164219809555
2017-07-26,z,reference_z_mom,0.10990088953458678
2017-07-27,z,reference_z_mom,0.2696297687545517
2017-07-28,z,reference_z_mom,0.38046000926838947
2017-07-31,z,reference_z_mom,0.3727400152893889
2017-08-01,z,reference_z_mom,0.320135041163348
2017-08-02,z,reference_z_mom,0.5107174236678381
2017-08-03,z,reference_z_mom,0.482137255139899
2017-08-04,z,reference_z_mom,0.41714123655712304
2017-08-07,z,reference_z_mom,0.357049668704219
2017-08-08,z,reference_z_mom,0.4575715102492452
2017-08-09,z,reference_z_mom,0.5857439578049167
2017-08-10,z,reference_z_mom,0.6740561544165563
2017-08-11,z,reference_z_mom,0.6261935609707248
2017-08-14,z,reference_z_mom,0.4094685637754196
2017-08-15,z,reference_z_mom,0.6146153734894635
2017-08-16,z,reference_z_mom,0.6303042460631432
2017-08-17,z,reference_z_mom,0.6385333057698155
2017-08-18,z,reference_z_mom,0.5669456477586408
2017-08-21,z,reference_z_mom,0.7182340126435035
2017-08-22,z,reference_z_mom,0.6330457812336796
2017-08-23,z,reference_z_mom,0.6939174508185861
2017-08-24,z,reference_z_mom,0.710706988981943
2017-08-25,z,reference_z_mom,0.5306855925617823
2017-08-28,z,reference_z_mom,0.5869804196570321
2017-08-29,z,reference_z_mom,0.68984277480551
2017-08-30,z,reference_z_mom,0.5322777238858216
2017-08-31,z,reference_z_mom,0.579281059858024
2017-09-01,z,reference_z_mom,0.5426542703109488
2017-09-05,z,reference_z_mom,0.6499599504100618
2017-09-06,z,reference_z_mom,0.6972422406603941
2017-09-07,z,reference_z_mom,0.8301254139354654
2017-09-08,z,reference_z_mom,0.7252623164276776
2017-09-11,z,reference_z_mom,0.8658896953090018
2017-09-12,z,reference_z_mom,0.9166943510711464
2017-09-13,z,reference_z_mom,0.9530541844744687
2017-09-14,z,reference_z_mom,0.8988878391780566
2017-09-15,z,reference_z_mom,0.8624810521366115
2017-09-18,z,reference_z_mom,0.6505593319655514
2017-09-19,z,reference_z_mom,0.6568140913333367
2017-09-20,z,reference_z_mom,0.6872610090685332
2017-09-21,z,reference_z_mom,0.7209867077837371
2017-09-22,z,reference_z_mom,0.6875025040702281
2017-09-25,z,reference_z_mom,0.7570682482375377
2017-09-26,z,reference_z_mom,0.8104829802169812
2017-09-27,z,reference_z_mom,0.7706772473461638
2017-09-28,z,reference_z_mom,0.7297572735436302
2017-09-29,z,reference_z_mom,0.6028491776909649
2017-10-02,z,reference_z_mom,0.5631076825640282
2017-10-03,z,reference_z_mom,0.48296699779499613
2017-10-04,z,reference_z_mom,0.3643015144920328
2017-10-05,z,reference_z_mom,0.4523414597336689
2017-10-06,z,reference_z_mom,0.35517273268826244
2017-10-09,z,reference_z_mom,0.36827547893698553
2017-10-10,z,reference_z_mom,0.35272422677093024
2017-10-11,z,reference_z_mom,0.2907364253295605
2017-10-12,z,reference_z_mom,0.24439262771190745
2017-10-13,z,reference_z_mom,0.20508667813464712
2017-10-16,z,reference_z_mom,0.037980267096011676
2017-10-17,z,reference_z_mom,0.025469482995540173
2017-10-18,z,reference_z_mom,0.10739804278508168
2017-10-19,z,reference_z_mom,0.04266173137110354
2017-10-20,z,reference_z_mom,-0.052369938137203656
2017-10-23,z,reference_z_mom,-0.02040664431928589
2017-10-24,z,reference_z_mom,0.030642852415941658
2017-10-25,z,reference_z_mom,0.0837605005077963
2017-10-26,z,reference_z_mom,0.04337063750620648
2017-10-27,z,reference_z_mom,-0.02255935997126975
2017-10-30,z,reference_z_mom,0.02038985094164692
2017-10-31,z,reference_z_mom,-0.07616993264914138
2017-11-01,z,reference_z_mom,0.09470468031159532
2017-11-02,z,reference_z_mom,0.23613549072174425
2017-11-03,z,reference_z_mom,-0.01480979672346768
2017-11-06,z,reference_z_mom,0.017570251941611735
2017-11-07,z,reference_z_mom,0.16081027801991282
2017-11-08,z,reference_z_mom,0.276405700681556
2017-11-09,z,reference_z_mom,0.2744362774458221
2017-11-10,z,reference_z_mom,0.26390598897497186
2017-11-13,z,reference_z_mom,0.2310814681106645
2017-11-14,z,reference_z_mom,0.2637155868879593
2017-11-15,z,reference_z_mom,0.4159740159801395
2017-11-16,z,reference_z_mom,0.4126651566553035
2017-11-17,z,reference_z_mom,0.23871882165329283
2017-11-20,z,reference_z_mom,0.17823450625774456
2017-11-21,z,reference_z_mom,0.415345539100094
2017-11-22,z,reference_z_mom,0.43506324438480426
2017-11-24,z,reference_z_mom,0.3530867525635996
2017-11-27,z,reference_z_mom,0.44845984436662967
2017-11-28,z,reference_z_mom,0.5217148235007395
2017-11-29,z,reference_z_mom,0.9008818407395762
2017-11-30,z,reference_z_mom,0.6440373345510336
2017-12-01,z,reference_z_mom,1.0367999807114225
2017-12-04,z,reference_z_mom,0.8135491036348251
2017-12-05,z,reference_z_mom,0.8005299304752397
2017-12-06,z,reference_z_mom,0.7041128920641538
2017-12-07,z,reference_z_mom,0.8815735042327474
2017-12-08,z,reference_z_mom,0.9294208366760907
2017-12-11,z,reference_z_mom,0.9495457914349807
2017-12-12,z,reference_z_mom,0.8413015935161295
2017-12-13,z,reference_z_mom,0.742873457084724
2017-12-14,z,reference_z_mom,0.9013829092558869
2017-12-15,z,reference_z_mom,0.8495944470263711
2017-12-18,z,reference_z_mom,0.8421965104746767
2017-12-19,z,reference_z_mom,0.8468777022157329
2017-12-20,z,reference_z_mom,0.7530712660869288
2017-12-21,z,reference_z_mom,0.6427163984471631
2017-12-22,z,reference_z_mom,0.5460108476007115
2017-12-26,z,reference_z_mom,0.6869645033278488
2017-12-27,z,reference_z_mom,0.6760344729446778
2017-12-28,z,reference_z_mom,0.6496748205089494
2017-12-29,z,reference_z_mom,0.5040325775592246
2018-01-02,z,reference_z_mom,0.34307105810456534
2018-01-03,z,reference_z_mom,0.14171061464600002
2018-01-04,z,reference_z_mom,-0.04091345893523679
2018-01-05,z,reference_z_mom,0.18372331073498852
2018-01-08,z,reference_z_mom,0.152717476210835
2018-01-09,z,reference_z_mom,0.10702418379187947
2018-01-10,z,reference_z_mom,-0.03513165489364205
2018-01-11,z,reference_z_mom,0.11544768582303908
2018-01-12,z,reference_z_mom,0.008863282940328211
2018-01-16,z,reference_z_mom,0.25020973977607636
2018-01-17,z,reference_z_mom,0.17129861342862474
2018-01-18,z,reference_z_mom,0.1306065927565711
2018-01-19,z,reference_z_mom,0.22883146114897787
2018-01-22,z,reference_z_mom,0.051144783030595456
2018-01-23,z,reference_z_mom,-0.015307499377444918
2018-01-24,z,reference_z_mom,0.07430391129863478
2018-01-25,z,reference_z_mom,0.05896127027084457
2018-01-26,z,reference_z_mom,-0.050777735410452315
2018-01-29,z,reference_z_mom,-0.062127566442569934
2018-01-30,z,reference_z_mom,-0.0710758999156085
2018-01-31,z,reference_z_mom,-0.11787818576666742
2018-02-01,z,reference_z_mom,-0.043547746855672746
2018-02-02,z,reference_z_mom,-0.0015821058663560428
2018-02-05,z,reference_z_mom,0.08272417153938433
2018-02-06,z,reference_z_mom,-0.10097900411294317
2018-02-07,z,reference_z_mom,-0.08123733971331779
2018-02-08,z,reference_z_mom,0.020551048616633358
2018-02-09,z,reference_z_mom,0.13975631912030345
2018-02-12,z,reference_z_mom,0.17267880229299146
2018-02-13,z,reference_z_mom,0.03972118211616225
2018-02-14,z,reference_z_mom,-0.013815379920035613
2018-02-15,z,reference_z_mom,-0.10535999727171314
2018-02-16,z,reference_z_mom,-0.1024387188996041
2018-02-20,z,reference_z_mom,-0.16435773510067433
2018-02-21,z,reference_z_mom,0.03892582080234967
2018-02-22,z,reference_z_mom,0.20155318457141586
2018-02-23,z,reference_z_mom,0.033891593309604576
2018-02-26,z,reference_z_mom,-0.006715114292250489
2018-02-27,z,reference_z_mom,-0.173452378428245
2018-02-28,z,reference_z_mom,0.05926963690422554
2018-03-01,z,reference_z_mom,0.13960542828023853
2018-03-02,z,reference_z_mom,0.11285308579132328
2018-03-05,z,reference_z_mom,0.06713823155088576
2018-03-06,z,reference_z_mom,0.11881982226222682
2018-03-07,z,reference_z_mom,0.11846837025229254
2018-03-08,z,reference_z_mom,0.18170451457263048
2018-03-09,z,reference_z_mom,0.14060342223132727
2018-03-12,z,reference_z_mom,0.11049797031510661
2018-03-13,z,reference_z_mom,0.21602335635364825
2018-03-14,z,reference_z_mom,0.17654841519902073
2018-03-15,z,reference_z_mom,-0.023962768676689197
2018-03-16,z,reference_z_mom,-0.026105164455883803
2018-03-19,z,reference_z_mom,0.01187288671515993
2018-03-20,z,reference_z_mom,0.0017648095811965067
2018-03-21,z,reference_z_mom,0.05579685809323351
2018-03-22,z,reference_z_mom,0.12357460338832343
2018-03-23,z,reference_z_mom,0.13903500358005683
2018-03-26,z,reference_z_mom,-0.004056217185929682
2018-03-27,z,reference_z_mom,0.04163788058127091
2018-03-28,z,reference_z_mom,0.28008176781248817
2018-03-29,z,reference_z_mom,0.2191968599792953
2018-04-02,z,reference_z_mom,0.10675762881049217
2018-04-03,z,reference_z_mom,0.10741978076652808
2018-04-04,z,reference_z_mom,0.11390799920355063
2018-04-05,z,reference_z_mom,0.17938704249976228
2018-04-06,z,reference_z_mom,0.06987400732994024
2018-04-09,z,reference_z_mom,0.08481669798356373
2018-04-10,z,reference_z_mom,0.0476128409540126
2018-04-11,z,reference_z_mom,0.04458539791306267
2018-04-12,z,reference_z_mom,-0.030564037274117807
2018-04-13,z,reference_z_mom,0.024338965053536325
2018-04-16,z,reference_z_mom,-0.03273087661464306
2018-04-17,z,reference_z_mom,-0.00181412008176101
2018-04-18,z,reference_z_mom,-0.11984863165678344
2018-04-19,z,reference_z_mom,-0.10405805943918786
2018-04-20,z,reference_z_mom,-0.17037396962201629
2018-04-23,z,reference_z_mom,-0.11061864889585546
2018-04-24,z,reference_z_mom,0.036566548421424185
2018-04-25,z,reference_z_mom,-0.017748529066384015
2018-04-26,z,reference_z_mom,0.008993490284234087
2018-04-27,z,reference_z_mom,0.1611291251448061
2018-04-30,z,reference_z_mom,-0.016682812379781344
2018-05-01,z,reference_z_mom,-0.14401905622625186
2018-05-02,z,reference_z_mom,-0.10289141898314427
2018-05-03,z,reference_z_mom,-0.15851264119635908
2018-05-04,z,reference_z_mom,-0.26283690200150367
2018-05-07,z,reference_z_mom,-0.21609094287711939
2018-05-08,z,reference_z_mom,-0.5575599173432518
2018-05-09,z,reference_z_mom,-0.5217619049897912
2018-05-10,z,reference_z_mom,-0.47264023877836775
2018-05-11,z,reference_z_mom,-0.3314194590594321
2018-05-14,z,reference_z_mom,-0.28219691626419874
2018-05-15,z,reference_z_mom,-0.2405845833581358
2018-05-16,z,reference_z_mom,-0.27899093840209754
2018-05-17,z,reference_z_mom,-0.22891123341890954
2018-05-18,z,reference_z_mom,-0.20036761169988013
2018-05-21,z,reference_z_mom,-0.2616815265839919
2018-05-22,z,reference_z_mom,-0.43517575227139627
2018-05-23,z,reference_z_mom,-0.5369062116589817
2018-05-24,z,reference_z_mom,-0.6050156331833089
2018-05-25,z,reference_z_mom,-0.49005610847605
2018-05-29,z,reference_z_mom,-0.4867175201479915
2018-05-30,z,reference_z_mom,-0.5712760412869907
2018-05-31,z,reference_z_mom,-0.7006330040498369
2018-06-01,z,reference_z_mom,-0.6909186104584735
2018-06-04,z,reference_z_mom,-0.7252853931274523
2018-06-05,z,reference_z_mom,-0.6524415549547902
2018-06-06,z,reference_z_mom,-0.7246927881604417
2018-06-07,z,reference_z_mom,-0.5623019354407685
2018-06-08,z,reference_z_mom,-0.3930869835605618
2018-06-11,z,reference_z_mom,-0.36737456210249947
2018-06-12,z,reference_z_mom,-0.485281190888753
2018-06-13,z,reference_z_mom,-0.4851634773044752
2018-06-14,z,reference_z_mom,-0.5327547685127133
2018-06-15,z,reference_z_mom,-0.4525993164373484
2018-06-18,z,reference_z_mom,-0.697718781868649
2018-06-19,z,reference_z_mom,-0.37312467813861233
2018-06-20,z,reference_z_mom,-0.5747080306091993
2018-06-21,z,reference_z_mom,-0.5979865590852015
2018-06-22,z,reference_z_mom,-0.41337635800020117
2018-06-25,z,reference_z_mom,-0.4910758948388941
2018-06-26,z,reference_z_mom,-0.5589252755136705
2018-06-27,z,reference_z_mom,-0.4348516863420062
2018-06-28,z,reference_z_mom,-0.4992822814935479
2018-06-29,z,reference_z_mom,-0.3962969441666284
2018-07-02,z,reference_z_mom,-0.58154987404429
2018-07-03,z,reference_z_mom,-0.5707871025137186
2018-07-05,z,reference_z_mom,-0.48023379075373596
2018-07-06,z,reference_z_mom,-0.48383191290763694
2018-07-09,z,reference_z_mom,-0.5017166746759686
2018-07-10,z,reference_z_mom,-0.4839867098769122
2018-07-11,z,reference_z_mom,-0.5004711715343794
2018-07-12,z,reference_z_mom,-0.3893264760402549
2018-07-13,z,reference_z_mom,-0.4626385105849328
2018-07-16,z,reference_z_mom,-0.34296990435818353
2018-07-17,z,reference_z_mom,-0.3553207170603984
2018-07-18,z,reference_z_mom,-0.0383760899455053
2018-07-19,z,reference_z_mom,-0.031319520492590756
2018-07-20,z,reference_z_mom,0.008559448207427486
2018-07-23,z,reference_z_mom,-0.0033279216126919347
2018-07-24,z,reference_z_mom,0.21213216076965183
2018-07-25,z,reference_z_mom,0.01534317847835374
2018-07-26,z,reference_z_mom,-0.023952076906467397
2018-07-27,z,reference_z_mom,0.08507619738063432
2018-07-30,z,reference_z_mom,0.2203075422517004
2018-07-31,z,reference_z_mom,0.1432536063746133
2018-08-01,z,reference_z_mom,0.1816981203480705
2018-08-02,z,reference_z_mom,0.1206004341726035
2018-08-03,z,reference_z_mom,0.2275268396060004
2018-08-06,z,reference_z_mom,-0.03196516068831458
2018-08-07,z,reference_z_mom,0.042238032074218085
2018-08-08,z,reference_z_mom,0.15823839381423982
2018-08-09,z,reference_z_mom,-0.13224332294057778
2018-08-10,z,reference_z_mom,0.11316705187163614
2018-08-13,z,reference_z_mom,0.1630991455997895
2018-08-14,z,reference_z_mom,0.1458624154217304
2018-08-15,z,reference_z_mom,0.19128813259461652
2018-08-16,z,reference_z_mom,0.3105761687346403
2018-08-17,z,reference_z_mom,0.2174394377208685
2018-08-20,z,reference_z_mom,0.49292976380514353
2018-08-21,z,reference_z_mom,0.3081531011326296
2018-08-22,z,reference_z_mom,0.27298611374291915
2018-08-23,z,reference_z_mom,0.1763031726002854
2018-08-24,z,reference_z_mom,-0.1477005964416371
2018-08-27,z,reference_z_mom,-0.06748820477029607
2018-08-28,z,reference_z_mom,-0.045462094434971
2018-08-29,z,reference_z_mom,-0.0031852187502757097
2018-08-30,z,reference_z_mom,-0.11911751263074216
2018-08-31,z,reference_z_mom,-0.041584759458838216
2018-09-04,z,reference_z_mom,-0.540170130087433
2018-09-05,z,reference_z_mom,-0.2010803235073737
2018-09-06,z,reference_z_mom,-0.15353468713245727
2018-09-07,z,reference_z_mom,-0.2710753801006722
2018-09-10,z,reference_z_mom,-0.2634267212277217
2018-09-11,z,reference_z_mom,-0.3079785150882775
2018-09-12,z,reference_z_mom,-0.37382185545116897
2018-09-13,z,reference_z_mom,-0.09229931784819244
2018-09-14,z,reference_z_mom,-0.030011411064825563
2018-09-17,z,reference_z_mom,0.08185854793846001
2018-09-18,z,reference_z_mom,0.0711431960118647
2018-09-19,z,reference_z_mom,0.11271828498180747
2018-09-20,z,reference_z_mom,0.09122858150487613
2018-09-21,z,reference_z_mom,0.08186841479673096
2018-09-24,z,reference_z_mom,0.02966749943581763
2018-09-25,z,reference_z_mom,0.018595311224580247
2018-09-26,z,reference_z_mom,0.07831260679020965
2018-09-27,z,reference_z_mom,-0.018911679703122693
2018-09-28,z,reference_z_mom,0.2630065062572884
2018-10-01,z,reference_z_mom,0.047909290301734214
2018-10-02,z,reference_z_mom,0.05737002421315637
2018-10-03,z,reference_z_mom,0.0136499029480565
2018-10-04,z,reference_z_mom,0.25308409166623413
2018-10-05,z,reference_z_mom,0.32368067695773534
2018-10-08,z,reference_z_mom,0.5189952977279658
2018-10-09,z,reference_z_mom,0.4755887716315971
2018-10-10,z,reference_z_mom,0.5291552046003679
2018-10-11,z,reference_z_mom,0.11839465438266139
2018-10-12,z,reference_z_mom,-0.03323095442046241
2018-10-15,z,reference_z_mom,0.055329181283044614
2018-10-16,z,reference_z_mom,0.34180318299909396
2018-10-17,z,reference_z_mom,0.4687951696284876
2018-10-18,z,reference_z_mom,0.389697659838271
2018-10-19,z,reference_z_mom,0.6951451742718356
2018-10-22,z,reference_z_mom,0.44993302718302536
2018-10-23,z,reference_z_mom,0.5765040096788976
2018-10-24,z,reference_z_mom,0.5570693927814457
2018-10-25,z,reference_z_mom,0.7228127962419705
2018-10-26,z,reference_z_mom,0.8112500808798424
2018-10-29,z,reference_z_mom,0.82479409359055
2018-10-30,z,reference_z_mom,0.8894872536971267
2018-10-31,z,reference_z_mom,0.8823049125050698
2018-11-01,z,reference_z_mom,0.8058439929050257
2018-11-02,z,reference_z_mom,0.7188677237900492
2018-11-05,z,reference_z_mom,0.6203562006971903
2018-11-06,z,reference_z_mom,0.6920325772384712
2018-11-07,z,reference_z_mom,0.5149885047836619
2018-11-08,z,reference_z_mom,0.7835428174056245
2018-11-09,z,reference_z_mom,0.8517922103450977
2018-11-12,z,reference_z_mom,0.8667911139320216
2018-11-13,z,reference_z_mom,1.0077970534810805
2018-11-14,z,reference_z_mom,1.0795087551523284
2018-11-15,z,reference_z_mom,1.046643471533803
2018-11-16,z,reference_z_mom,0.9593180677985557
2018-11-19,z,reference_z_mom,1.0813887213905493
2018-11-20,z,reference_z_mom,1.2549072332459663
2018-11-21,z,reference_z_mom,0.8919342698302204
2018-11-23,z,reference_z_mom,1.2415880938000732
2018-11-26,z,reference_z_mom,1.135742058159685
2018-11-27,z,reference_z_mom,1.1590745410920353
2018-11-28,z,reference_z_mom,0.9883305227024963
2018-11-29,z,reference_z_mom,1.125429190997844
2018-11-30,z,reference_z_mom,1.2934989222826687
2018-12-03,z,reference_z_mom,1.1288465870258402
2018-12-04,z,reference_z_mom,1.1360560282570966
2018-12-06,z,reference_z_mom,1.1083852230426483
2018-12-07,z,reference_z_mom,1.0518540811456254
2018-12-10,z,reference_z_mom,1.1136355441900323
2018-12-11,z,reference_z_mom,1.169791635292388
2018-12-12,z,reference_z_mom,1.0428818667635096
2018-12-13,z,reference_z_mom,1.156929881946125
2018-12-14,z,reference_z_mom,0.8818719811389213
2018-12-17,z,reference_z_mom,1.1630937495896876
2018-12-18,z,reference_z_mom,1.0220202405892727
2018-12-19,z,reference_z_mom,0.9154353933857604
2018-12-20,z,reference_z_mom,0.9755767063471942
2018-12-21,z,reference_z_mom,1.0371493047861113
2018-12-24,z,reference_z_mom,0.9210109309360349
2018-12-26,z,reference_z_mom,0.9374555251698642
2018-12-27,z,reference_z_mom,0.9093389544193563
2018-12-28,z,reference_z_mom,1.0412363240629938
2018-12-31,z,reference_z_mom,0.9577199344147324
2019-01-02,z,reference_z_mom,1.0511679673287135
2019-01-03,z,reference_z_mom,1.0745583896206214
2019-01-04,z,reference_z_mom,0.8761535534657873
2019-01-07,z,reference_z_mom,0.65531182488826
2019-01-08,z,reference_z_mom,0.6716393722842374
2019-01-09,z,reference_z_mom,0.8892409422959417
2019-01-10,z,reference_z_mom,1.0038070880610999
2019-01-11,z,reference_z_mom,0.9076568945689871
2019-01-14,z,reference_z_mom,1.0057693558367522
2019-01-15,z,reference_z_mom,0.9014867468006531
2019-01-16,z,reference_z_mom,1.0133361878213254
2019-01-17,z,reference_z_mom,0.8983958728980612
2019-01-18,z,reference_z_mom,0.8827101523262764
2019-01-22,z,reference_z_mom,0.8000658621930358
2019-01-23,z,reference_z_mom,0.5812445874749954
2019-01-24,z,reference_z_mom,0.7456725551928012
2019-01-25,z,reference_z_mom,0.6717242143738154
2019-01-28,z,reference_z_mom,0.8901208724315
2019-01-29,z,reference_z_mom,0.7870005275814598
2019-01-30,z,reference_z_mom,0.6960052374095733
2019-01-31,z,reference_z_mom,0.5163433829091104
2019-02-01,z,reference_z_mom,0.4560011722765205
2019-02-04,z,reference_z_mom,0.5309605566461635
2019-02-05,z,reference_z_mom,0.5364023575208401
2019-02-06,z,reference_z_mom,0.5076797232647283
2019-02-07,z,reference_z_mom,0.46580481188687795
2019-02-08,z,reference_z_mom,0.34433780828351157
2019-02-11,z,reference_z_mom,0.3846310005158852
2019-02-12,z,reference_z_mom,0.3902808978613355
2019-02-13,z,reference_z_mom,0.42023685886887235
2019-02-14,z,reference_z_mom,0.29381566071211446
2019-02-15,z,reference_z_mom,0.3793443605988752
2019-02-19,z,reference_z_mom,0.5527559768385223
2019-02-20,z,reference_z_mom,0.7119876526838261
2019-02-21,z,reference_z_mom,0.5554912504945527
2019-02-22,z,reference_z_mom,0.5045782720748787
2019-02-25,z,reference_z_mom,0.578985418549012
2019-02-26,z,reference_z_mom,0.6228220739365702
2019-02-27,z,reference_z_mom,0.5254716420184574
2019-02-28,z,reference_z_mom,0.5025311546489806
2019-03-01,z,reference_z_mom,0.6807727003827514
2019-03-04,z,reference_z_mom,0.7162193963285048
2019-03-05,z,reference_z_mom,0.8635266714333641
2019-03-06,z,reference_z_mom,0.9474121750017294
2019-03-07,z,reference_z_mom,0.9171975786008584
2019-03-08,z,reference_z_mom,0.7827780355578225
2019-03-11,z,reference_z_mom,0.7941442883138077
2019-03-12,z,reference_z_mom,0.7106330432681703
2019-03-13,z,reference_z_mom,0.7375300495180661
2019-03-14,z,reference_z_mom,0.5501062851279864
2019-03-15,z,reference_z_mom,0.4109196099512529
2019-03-18,z,reference_z_mom,0.29898559093915344
2019-03-19,z,reference_z_mom,0.009020553398554624
2019-03-20,z,reference_z_mom,-0.2311183542803073
2019-03-21,z,reference_z_mom,-0.4852631126152896
2019-03-22,z,reference_z_mom,-0.517171883251784
2019-03-25,z,reference_z_mom,-0.5716160611415089
2019-03-26,z,reference_z_mom,-0.4993769033940583
2019-03-27,z,reference_z_mom,-0.42610523239100684
2019-03-28,z,reference_z_mom,-0.3239062069078695
2019-03-29,z,reference_z_mom,-0.34238142350542633
2019-04-01,z,reference_z_mom,-0.19907347306827342
2019-04-02,z,reference_z_mom,-0.24576710983539005
2019-04-03,z,reference_z_mom,-0.33875049456685624
2019-04-04,z,reference_z_mom,-0.21170221086359317
2019-04-05,z,reference_z_mom,-0.12937336949898642
2019-04-08,z,reference_z_mom,-0.23124117490660046
2019-04-09,z,reference_z_mom,-0.23523238563236973
2019-04-10,z,reference_z_mom,-0.2589437770487554
2019-04-11,z,reference_z_mom,-0.22846177593063002
2019-04-12,z,reference_z_mom,-0.20435453911122156
2019-04-15,z,reference_z_mom,-0.23768177335319357
2019-04-16,z,reference_z_mom,-0.07205456462224505
2019-04-17,z,reference_z_mom,0.010837638253432941
2019-04-18,z,reference_z_mom,0.10442036292032313
2019-04-22,z,reference_z_mom,0.060694397099887255
2019-04-23,z,reference_z_mom,0.18857820890072552
2019-04-24,z,reference_z_mom,0.05584399231909029
2019-04-25,z,reference_z_mom,0.10943238780819936
2019-04-26,z,reference_z_mom,-0.11125273013659595
2019-04-29,z,reference_z_mom,-0.32300544373135714
2019-04-30,z,reference_z_mom,-0.41008424303603724
2019-05-01,z,reference_z_mom,-0.3880395931068802
2019-05-02,z,reference_z_mom,-0.38569661926655807
2019-05-03,z,reference_z_mom,-0.39443859576484536
2019-05-06,z,reference_z_mom,-0.24209843855036473
2019-05-07,z,reference_z_mom,-0.2729618975711159
2019-05-08,z,reference_z_mom,-0.4512229987968895
2019-05-09,z,reference_z_mom,-0.488048156647851
2019-05-10,z,reference_z_mom,-0.40719655496229307
2019-05-13,z,reference_z_mom,-0.5048038933808745
2019-05-14,z,reference_z_mom,-0.5622050843206884
2019-05-15,z,reference_z_mom,-0.7254944745928964
2019-05-16,z,reference_z_mom,-0.7657088925859848
2019-05-17,z,reference_z_mom,-0.5568038223724733
2019-05-20,z,reference_z_mom,-0.710698702305669
2019-05-21,z,reference_z_mom,-0.6397825264500507
2019-05-22,z,reference_z_mom,-0.5687253195576248
2019-05-23,z,reference_z_mom,-0.4589509309519143
2019-05-24,z,reference_z_mom,-0.4228973551675227
2019-05-28,z,reference_z_mom,-0.5035939315710054
2019-05-29,z,reference_z_mom,-0.4493990880297945
2019-05-30,z,reference_z_mom,-0.4184462702993384
2019-05-31,z,reference_z_mom,-0.3784227342620337
2019-06-03,z,reference_z_mom,-0.20968349923088075
2019-06-04,z,reference_z_mom,-0.3217048068644417
2019-06-05,z,reference_z_mom,-0.5381421274057531
2019-06-06,z,reference_z_mom,-0.5765236814190361
2019-06-07,z,reference_z_mom,-0.6495435855855894
2019-06-10,z,reference_z_mom,-0.6788038450145012
2019-06-11,z,reference_z_mom,-0.6242244696861116
2019-06-12,z,reference_z_mom,-0.6961023301828391
2019-06-13,z,reference_z_mom,-0.5908059387055854
2019-06-14,z,reference_z_mom,-0.6104999824234039
2019-06-17,z,reference_z_mom,-0.5885952185516293
2019-06-18,z,reference_z_mom,-0.6274862641680642
2019-06-19,z,reference_z_mom,-0.670721460471895
2019-06-20,z,reference_z_mom,-0.7045896410035999
2019-06-21,z,reference_z_mom,-0.6840784235019486
2019-06-24,z,reference_z_mom,-0.7420577925255996
2019-06-25,z,reference_z_mom,-0.7063506307020464
2019-06-26,z,reference_z_mom,-0.6443936789955996
2019-06-27,z,reference_z_mom,-0.6720308953874473
2019-06-28,z,reference_z_mom,-0.572286849606629
2019-07-01,z,reference_z_mom,-0.5372671691870959
2019-07-02,z,reference_z_mom,-0.44131940400744346
2019-07-03,z,reference_z_mom,-0.5171494379524523
2019-07-05,z,reference_z_mom,-0.5059489476068633
2019-07-08,z,reference_z_mom,-0.558696356367917
2019-07-09,z,reference_z_mom,-0.7942924906646401
2019-07-10,z,reference_z_mom,-0.8157758184732071
2019-07-11,z,reference_z_mom,-0.4928882962143174
2019-07-12,z,reference_z_mom,-0.5653485074713795
2019-07-15,z,reference_z_mom,-0.5028628263606217
2019-07-16,z,reference_z_mom,-0.5909774051872229
2019-07-17,z,reference_z_mom,-0.6201874443917768
2019-07-18,z,reference_z_mom,-0.6202225451364253
2019-07-19,z,reference_z_mom,-0.6071779046145953
2019-07-22,z,reference_z_mom,-0.5154149942709368
2019-07-23,z,reference_z_mom,-0.42955547492952895
2019-07-24,z,reference_z_mom,-0.5252316610512533
2019-07-25,z,reference_z_mom,-0.4938141936743247
2019-07-26,z,reference_z_mom,-0.5341424046547222
2019-07-29,z,reference_z_mom,-0.3903219644053822
2019-07-30,z,reference_z_mom,-0.3779270299601775
2019-07-31,z,reference_z_mom,-0.4210400422721197
2019-08-01,z,reference_z_mom,-0.38411670205826265
2019-08-02,z,reference_z_mom,-0.3643568518679902
2019-08-05,z,reference_z_mom,-0.32143623345190697
2019-08-06,z,reference_z_mom,-0.31564876135809
2019-08-07,z,reference_z_mom,-0.3902003695842825
2019-08-08,z,reference_z_mom,-0.3740319221869077
2019-08-09,z,reference_z_mom,-0.3062143071582171
2019-08-12,z,reference_z_mom,-0.23693533876720152
2019-08-13,z,reference_z_mom,-0.208310653359519
2019-08-14,z,reference_z_mom,-0.28861646491772003
2019-08-15,z,reference_z_mom,-0.2914246128469042
2019-08-16,z,reference_z_mom,-0.2685834957428734
2019-08-19,z,reference_z_mom,-0.16537728652374245
2019-08-20,z,reference_z_mom,-0.18172848916172277
2019-08-21,z,reference_z_mom,-0.24115101734250702
2019-08-22,z,reference_z_mom,-0.2104408698109111
2019-08-23,z,reference_z_mom,-0.17861280814424596
2019-08-26,z,reference_z_mom,-0.17068197718917802
2019-08-27,z,reference_z_mom,-0.17599004278423377
2019-08-28,z,reference_z_mom,-0.3931292097907133
2019-08-29,z,reference_z_mom,-0.39541584676119096
2019-08-30,z,reference_z_mom,-0.35572393909647004
2019-09-03,z,reference_z_mom,-0.30203244227979537
2019-09-04,z,reference_z_mom,-0.2916453186285131
2019-09-05,z,reference_z_mom,-0.20651327067005687
2019-09-06,z,reference_z_mom,-0.115963230834862
2019-09-09,z,reference_z_mom,-0.056576279609279544
2019-09-10,z,reference_z_mom,0.07150132933657005
2019-09-11,z,reference_z_mom,0.009626189138444263
2019-09-12,z,reference_z_mom,0.1929269371513703
2019-09-13,z,reference_z_mom,0.15532183437674343
2019-09-16,z,reference_z_mom,0.11034735743425785
2019-09-17,z,reference_z_mom,-0.04268688536049218
2019-09-18,z,reference_z_mom,-0.13753403866408892
2019-09-19,z,reference_z_mom,-0.17568704402821939
2019-09-20,z,reference_z_mom,-0.2474961186243242
2019-09-23,z,reference_z_mom,-0.19616116779326037
2019-09-24,z,reference_z_mom,-0.029333630550295434
2019-09-25,z,reference_z_mom,0.1310329357610947
2019-09-26,z,reference_z_mom,0.11416208314815518
2019-09-27,z,reference_z_mom,0.18559146468361032
2019-09-30,z,reference_z_mom,0.2507231791736245
2019-10-01,z,reference_z_mom,0.12782085068638577
2019-10-02,z,reference_z_mom,0.14822447325985239
2019-10-03,z,reference_z_mom,0.0965708614938994
2019-10-04,z,reference_z_mom,0.11106511048505435
2019-10-07,z,reference_z_mom,-0.04608421678312502
2019-10-08,z,reference_z_mom,0.20194065186338123
2019-10-09,z,reference_z_mom,0.35664167765534704
2019-10-10,z,reference_z_mom,0.19372481735897717
2019-10-11,z,reference_z_mom,0.14601084902896083
2019-10-14,z,reference_z_mom,0.23356846359179192
2019-10-15,z,reference_z_mom,0.16033033633234786
2019-10-16,z,reference_z_mom,0.25940741529698275
2019-10-17,z,reference_z_mom,0.27671486496784947
2019-10-18,z,reference_z_mom,0.31881954355895326
2019-10-21,z,reference_z_mom,0.2707965561192841
2019-10-22,z,reference_z_mom,0.3131482672524754
2019-10-23,z,reference_z_mom,0.40850772156571963
2019-10-24,z,reference_z_mom,0.5906498604493334
2019-10-25,z,reference_z_mom,0.4806804768569284
2019-10-28,z,reference_z_mom,0.4531136453593947
2019-10-29,z,reference_z_mom,0.6089366471953925
2019-10-30,z,reference_z_mom,0.47826582846509236
2019-10-31,z,reference_z_mom,0.49368107199323397
2019-11-01,z,reference_z_mom,0.42550984075532117
2019-11-04,z,reference_z_mom,0.6238877302623598
2019-11-05,z,reference_z_mom,0.4389319008180265
2019-11-06,z,reference_z_mom,0.31273669028324036
2019-11-07,z,reference_z_mom,0.547492525161403
2019-11-08,z,reference_z_mom,0.6349273433900411
2019-11-11,z,reference_z_mom,0.6527913569736336
2019-11-12,z,reference_z_mom,0.6695895091786657
2019-11-13,z,reference_z_mom,0.6267799291813481
2019-11-14,z,reference_z_mom,0.6812881528343812
2019-11-15,z,reference_z_mom,0.6154469215336953
2019-11-18,z,reference_z_mom,0.5691032777630207
2019-11-19,z,reference_z_mom,0.5059392674156549
2019-11-20,z,reference_z_mom,0.5561628584772493
2019-11-21,z,reference_z_mom,0.6139838106788524
2019-11-22,z,reference_z_mom,0.5843439949522433
2019-11-25,z,reference_z_mom,0.6868185285974537
2019-11-26,z,reference_z_mom,0.5992468848468473
2019-11-27,z,reference_z_mom,0.5061330322212914
2019-11-29,z,reference_z_mom,0.4354552936672249
2019-12-02,z,reference_z_mom,0.5073099103805481
2019-12-03,z,reference_z_mom,0.3615754985128692
2019-12-04,z,reference_z_mom,0.18797294384612034
2019-12-05,z,reference_z_mom,0.3711278201526441
2019-12-06,z,reference_z_mom,0.1451156654063028
2019-12-09,z,reference_z_mom,0.2135443827024483
2019-12-10,z,reference_z_mom,0.2228766646882516
2019-12-11,z,reference_z_mom,0.20790469012403473
2019-12-12,z,reference_z_mom,0.15322050360685013
2019-12-13,z,reference_z_mom,0.26896615213111336
2019-12-16,z,reference_z_mom,0.4096250502438237
2019-12-17,z,reference_z_mom,0.2956638216822794
2019-12-18,z,reference_z_mom,0.4353692251130757
2019-12-19,z,reference_z_mom,0.3911668924347267
2019-12-20,z,reference_z_mom,0.43973930757592133
2019-12-23,z,reference_z_mom,0.36653756411967137
2019-12-24,z,reference_z_mom,0.40400088177369164
2019-12-26,z,reference_z_mom,0.48158365378573065
2019-12-27,z,reference_z_mom,0.49356094902046166
2019-12-30,z,reference_z_mom,0.5265525632756558
2019-12-31,z,reference_z_mom,0.5916178222239842
2020-01-02,z,reference_z_mom,0.4503264146625606
2020-01-03,z,reference_z_mom,0.3140260442190481
2020-01-06,z,reference_z_mom,0.27549450161203537
2020-01-07,z,reference_z_mom,0.3634563804168453
2020-01-08,z,reference_z_mom,0.3804365740906379
2020-01-09,z,reference_z_mom,0.34807345889690616
2020-01-10,z,reference_z_mom,0.3628243243413177
2020-01-13,z,reference_z_mom,0.4116162423155503
2020-01-14,z,reference_z_mom,0.4008399095672952
2020-01-15,z,reference_z_mom,0.4141095150833552
2020-01-16,z,reference_z_mom,0.5277706537244422
2020-01-17,z,reference_z_mom,0.2734142573908527
2020-01-21,z,reference_z_mom,0.23219374088644879
2020-01-22,z,reference_z_mom,0.14689629097071813
2020-01-23,z,reference_z_mom,0.2694581227625699
2020-01-24,z,reference_z_mom,0.47129984350236476
2020-01-27,z,reference_z_mom,0.510927895262537
2020-01-28,z,reference_z_mom,0.46200834663295615
2020-01-29,z,reference_z_mom,0.49032640236072345
2020-01-30,z,reference_z_mom,0.5365981949899622
2020-01-31,z,reference_z_mom,0.5680298340148688
2020-02-03,z,reference_z_mom,0.6896253048215664
2020-02-04,z,reference_z_mom,0.6784725452849363
2020-02-05,z,reference_z_mom,0.6737737781301791
2020-02-06,z,reference_z_mom,0.6710767856156178
2020-02-07,z,reference_z_mom,0.7652038629462622
2020-02-10,z,reference_z_mom,0.7995567530779726
2020-02-11,z,reference_z_mom,0.8704888599340038
2020-02-12,z,reference_z_mom,0.8293627030244676
2020-02-13,z,reference_z_mom,0.8316753489737049
2020-02-14,z,reference_z_mom,0.8433168554327692
2020-02-18,z,reference_z_mom,0.8458664871651551
2020-02-19,z,reference_z_mom,0.6491032212123684
2020-02-20,z,reference_z_mom,0.8468515756801694
2020-02-21,z,reference_z_mom,1.0307691339838865
2020-02-24,z,reference_z_mom,1.016078897813608
2020-02-25,z,reference_z_mom,1.0610931235800833
2020-02-26,z,reference_z_mom,1.051473061781113
2020-02-27,z,reference_z_mom,1.144013859553424
2020-02-28,z,reference_z_mom,1.0570224273431068
2020-03-02,z,reference_z_mom,0.8664468052941724
2020-03-03,z,reference_z_mom,0.9278038336423038
2020-03-04,z,reference_z_mom,0.9875603811807324
2020-03-05,z,reference_z_mom,1.021531100970268
2020-03-06,z,reference_z_mom,0.8792317979644756
2020-03-09,z,reference_z_mom,0.9404722046567314
2020-03-10,z,reference_z_mom,0.8720884453421882
2020-03-11,z,reference_z_mom,0.7799804876844987
2020-03-12,z,reference_z_mom,0.6919473641186706
2020-03-13,z,reference_z_mom,0.7447332910585224
2020-03-16,z,reference_z_mom,0.7761098408095428
2020-03-17,z,reference_z_mom,0.6607387852649856
2020-03-18,z,reference_z_mom,0.6592436741881657
2020-03-19,z,reference_z_mom,0.703297705283357
2020-03-20,z,reference_z_mom,0.8085916791474027
2020-03-23,z,reference_z_mom,0.7158560324465304
2020-03-24,z,reference_z_mom,0.7311540954181923
2020-03-25,z,reference_z_mom,0.9687588828425536
2020-03-26,z,reference_z_mom,0.8807376568631555
2020-03-27,z,reference_z_mom,0.8945780095587135
2020-03-30,z,reference_z_mom,0.8113477351702156
2020-03-31,z,reference_z_mom,0.8571695863464787
2020-04-01,z,reference_z_mom,0.8078294769954824
2020-04-02,z,reference_z_mom,0.7496345072329614
2020-04-03,z,reference_z_mom,0.8050427044087098
2020-04-06,z,reference_z_mom,0.7219117447808086
2020-04-07,z,reference_z_mom,0.7556135919580067
2020-04-08,z,reference_z_mom,0.8194608819493902
2020-04-09,z,reference_z_mom,0.6543301051648756
2020-04-13,z,reference_z_mom,0.9060217543230344
2020-04-14,z,reference_z_mom,0.22918710416309734
2020-04-15,z,reference_z_mom,0.22820439317619964
2020-04-16,z,reference_z_mom,0.5546725277852715
2020-04-17,z,reference_z_mom,0.5140657508248445
2020-04-20,z,reference_z_mom,0.4850305264748847
2020-04-21,z,reference_z_mom,0.6744631400589207
2020-04-22,z,reference_z_mom,0.6843170951834641
2020-04-23,z,reference_z_mom,0.825809205309017
2020-04-24,z,reference_z_mom,0.8571770477922235
2020-04-27,z,reference_z_mom,0.7989998061429242
2020-04-28,z,reference_z_mom,0.8018175178215652
2020-04-29,z,reference_z_mom,0.9361187884298028
2020-04-30,z,reference_z_mom,0.835051330738678
2020-05-01,z,reference_z_mom,0.8582426157522055
2020-05-04,z,reference_z_mom,0.5353316836873611
2020-05-05,z,reference_z_mom,0.804045836554533
2020-05-06,z,reference_z_mom,0.8489924668906789
2020-05-07,z,reference_z_mom,0.868134306233184
2020-05-08,z,reference_z_mom,0.9675443441600471
2020-05-11,z,reference_z_mom,0.970278674867412
2020-05-12,z,reference_z_mom,0.9337958762514328
2020-05-13,z,reference_z_mom,0.8684745355550171
2020-05-14,z,reference_z_mom,0.842496084969155
2020-05-15,z,reference_z_mom,1.1272797198755198
2020-05-18,z,reference_z_mom,1.2097547796939656
2020-05-19,z,reference_z_mom,1.1812747530487442
2020-05-20,z,reference_z_mom,1.0186844006563518
2020-05-21,z,reference_z_mom,0.9533934700425558
2020-05-22,z,reference_z_mom,1.0135651273365378
2020-05-26,z,reference_z_mom,1.2074687013629188
2020-05-27,z,reference_z_mom,1.2324565325636123
2020-05-28,z,reference_z_mom,1.2876253717869248
2020-05-29,z,reference_z_mom,0.8967643909655473
2020-06-01,z,reference_z_mom,0.7298446516947518
2020-06-02,z,reference_z_mom,1.0272212309716922
2020-06-03,z,reference_z_mom,1.078584035795323
2020-06-04,z,reference_z_mom,1.060170473111983
2020-06-05,z,reference_z_mom,1.0321473229988694
2020-06-08,z,reference_z_mom,1.106023984484121
2020-06-09,z,reference_z_mom,1.0318139936379398
2020-06-10,z,reference_z_mom,0.8841944361164182
2020-06-11,z,reference_z_mom,0.820878398909497
2020-06-12,z,reference_z_mom,1.0811772051682111
2020-06-15,z,reference_z_mom,0.8454735859254047
2020-06-16,z,reference_z_mom,0.7728096513785633
2020-06-17,z,reference_z_mom,0.812165628974955
2020-06-18,z,reference_z_mom,0.9199466233221026
2020-06-19,z,reference_z_mom,0.7489817955568561
2020-06-22,z,reference_z_mom,0.7012455968845908
2020-06-23,z,reference_z_mom,0.8125383123162405
2020-06-24,z,reference_z_mom,0.8572800711143396
2020-06-25,z,reference_z_mom,0.7880417560732552
2020-06-26,z,reference_z_mom,0.8508757554745576
2020-06-29,z,reference_z_mom,1.0869771716556644
2020-06-30,z,reference_z_mom,0.844927362663855
2020-07-01,z,reference_z_mom,0.921750247679649
2020-07-02,z,reference_z_mom,0.7536107490376174
2020-07-06,z,reference_z_mom,0.6320580699922527
2020-07-07,z,reference_z_mom,0.6256139791429212
2020-07-08,z,reference_z_mom,0.47241900337634457
2020-07-09,z,reference_z_mom,0.3562352475596408
2020-07-10,z,reference_z_mom,0.3958975573499078
2020-07-13,z,reference_z_mom,0.5267753316856797
2020-07-14,z,reference_z_mom,0.5433868108529234
2020-07-15,z,reference_z_mom,0.6217121084483326
2020-07-16,z,reference_z_mom,0.46639129717356753
2020-07-17,z,reference_z_mom,0.4906633484643827
2020-07-20,z,reference_z_mom,0.4065199213879076
2020-07-21,z,reference_z_mom,0.3881192424444123
2020-07-22,z,reference_z_mom,0.4295830899389251
2020-07-23,z,reference_z_mom,0.5109903647317435
2020-07-24,z,reference_z_mom,0.47192770866442546
2020-07-27,z,reference_z_mom,0.4424960289793476
2020-07-28,z,reference_z_mom,0.4834314885535789
2020-07-29,z,reference_z_mom,0.6160657391629427
2020-07-30,z,reference_z_mom,0.5308589038888502
2020-07-31,z,reference_z_mom,0.6787449298788598
2020-08-03,z,reference_z_mom,0.4644985910070755
2020-08-04,z,reference_z_mom,0.49746793429347724
2020-08-05,z,reference_z_mom,0.44482254936184296
2020-08-06,z,reference_z_mom,0.35174207978307803
2020-08-07,z,reference_z_mom,0.409215065220253
2020-08-10,z,reference_z_mom,0.680057142775376
2020-08-11,z,reference_z_mom,0.7799728041244819
2020-08-12,z,reference_z_mom,0.43263473411074416
2020-08-13,z,reference_z_mom,0.4536201378687906
2020-08-14,z,reference_z_mom,0.6372739108668514
2020-08-17,z,reference_z_mom,0.2965275465453684
2020-08-18,z,reference_z_mom,0.231846604000628
2020-08-19,z,reference_z_mom,0.3775966957003481
2020-08-20,z,reference_z_mom,0.2817406802174466
2020-08-21,z,reference_z_mom,0.2936195465478934
2020-08-24,z,reference_z_mom,0.3667922587868377
2020-08-25,z,reference_z_mom,0.26186657915991074
2020-08-26,z,reference_z_mom,0.15539282438932012
2020-08-27,z,reference_z_mom,0.34808036515604385
2020-08-28,z,reference_z_mom,0.19640811380784717
2020-08-31,z,reference_z_mom,0.003941632572951721
2020-09-01,z,reference_z_mom,-0.2073847700306037
2020-09-02,z,reference_z_mom,-0.3676315087326141
2020-09-03,z,reference_z_mom,-0.15439319678886157
2020-09-04,z,reference_z_mom,-0.12706817650991414
2020-09-08,z,reference_z_mom,-0.03162432422764095
2020-09-09,z,reference_z_mom,-0.24783119171458437
2020-09-10,z,reference_z_mom,-0.1104382419633796
2020-09-11,z,reference_z_mom,-0.18222712693988427
2020-09-14,z,reference_z_mom,-0.3776381299692924
2020-09-15,z,reference_z_mom,-0.297020575911019
2020-09-16,z,reference_z_mom,-0.3141452377332427
2020-09-17,z,reference_z_mom,-0.10666315305340753
2020-09-18,z,reference_z_mom,-0.2179332128370244
2020-09-21,z,reference_z_mom,-0.33881860818732884
2020-09-22,z,reference_z_mom,-0.3851398984830043
2020-09-23,z,reference_z_mom,-0.41161581145252335
2020-09-24,z,reference_z_mom,-0.4269411357269965
2020-09-25,z,reference_z_mom,-0.5276383109233493
2020-09-28,z,reference_z_mom,-0.4952136641672362
2020-09-29,z,reference_z_mom,-0.4959305226865198
2020-09-30,z,reference_z_mom,-0.5645733748540317
2020-10-01,z,reference_z_mom,-0.7282270983443241
2020-10-02,z,reference_z_mom,-0.691591209493297
2020-10-05,z,reference_z_mom,-0.7230922300012352
2020-10-06,z,reference_z_mom,-0.6742241648425433
2020-10-07,z,reference_z_mom,-0.5872486202738411
2020-10-08,z,reference_z_mom,-0.5163854026590768
2020-10-09,z,reference_z_mom,-0.6285361092025173
2020-10-12,z,reference_z_mom,-0.6693993862914699
2020-10-13,z,reference_z_mom,-0.7504580443291182
2020-10-14,z,reference_z_mom,-0.7159203546124112
2020-10-15,z,reference_z_mom,-0.7040692480009244
2020-10-16,z,reference_z_mom,-0.6639189548067003
2020-10-19,z,reference_z_mom,-0.4795134334669599
2020-10-20,z,reference_z_mom,-0.5140649432771752
2020-10-21,z,reference_z_mom,-0.4685319952625066
2020-10-22,z,reference_z_mom,-0.46445933424680114
2020-10-23,z,reference_z_mom,-0.49029295027012565
2020-10-26,z,reference_z_mom,-0.5342580910860585
2020-10-27,z,reference_z_mom,-0.6005261780062172
2020-10-28,z,reference_z_mom,-0.5314790569888979
2020-10-29,z,reference_z_mom,-0.48506864976779085
2020-10-30,z,reference_z_mom,-0.3042487417290628
2020-11-02,z,reference_z_mom,-0.29002501263918234
2020-11-03,z,reference_z_mom,-0.25855021975754905
2020-11-04,z,reference_z_mom,-0.5356585846004644
2020-11-05,z,reference_z_mom,-0.5742798102345482
2020-11-06,z,reference_z_mom,-0.6887185006886226
2020-11-09,z,reference_z_mom,-0.4699367425601925
2020-11-10,z,reference_z_mom,-0.3868344066820614
2020-11-11,z,reference_z_mom,-0.6320476701829586
2020-11-12,z,reference_z_mom,-0.6572960538413173
2020-11-13,z,reference_z_mom,-0.661901148322297
2020-11-16,z,reference_z_mom,-0.5207269037573846
2020-11-17,z,reference_z_mom,-0.6679576393841361
2020-11-18,z,reference_z_mom,-0.8378052201476133
2020-11-19,z,reference_z_mom,-0.756819058355334
2020-11-20,z,reference_z_mom,-0.7956659280039455
2020-11-23,z,reference_z_mom,-0.841309546882045
2020-11-24,z,reference_z_mom,-0.8616532439124303
2020-11-25,z,reference_z_mom,-0.8143318859591462
2020-11-27,z,reference_z_mom,-0.9573891916362454
2020-11-30,z,reference_z_mom,-0.752634728973456
2020-12-01,z,reference_z_mom,-0.6783683590194733
2020-12-02,z,reference_z_mom,-0.5831373327340861
2020-12-03,z,reference_z_mom,-0.7722787719445652
2020-12-04,z,reference_z_mom,-0.8244273981062687
2020-12-07,z,reference_z_mom,-0.813838934668795
2020-12-08,z,reference_z_mom,-1.0595758442787027
2020-12-09,z,reference_z_mom,-0.8025927091299263
2020-12-10,z,reference_z_mom,-0.8935382849518393
2020-12-11,z,reference_z_mom,-0.8540561185262519
2020-12-14,z,reference_z_mom,-0.9002131808393816
2020-12-15,z,reference_z_mom,-0.8687062966436645
2020-12-16,z,reference_z_mom,-0.8494665649266546
2020-12-17,z,reference_z_mom,-0.8644864325015766
2020-12-18,z,reference_z_mom,-0.9040358652831239
2020-12-21,z,reference_z_mom,-0.9599081809672074
2020-12-22,z,reference_z_mom,-0.9715230541202863
2020-12-23,z,reference_z_mom,-0.8693923005857253
2020-12-24,z,reference_z_mom,-0.5990442098626532
2020-12-28,z,reference_z_mom,-0.5130735491039387
2020-12-29,z,reference_z_mom,-0.5400986592326313
2020-12-30,z,reference_z_mom,-0.5188714250691436
2020-12-31,z,reference_z_mom,-0.4295164526878506
2021-01-04,z,reference_z_mom,-0.49733761232819174
2021-01-05,z,reference_z_mom,-0.4191051466317484
2021-01-06,z,reference_z_mom,-0.12561565588366058
2021-01-07,z,reference_z_mom,-0.4165562012285016
2021-01-08,z,reference_z_mom,-0.5188865522506657
2021-01-11,z,reference_z_mom,-0.4791118222015638
2021-01-12,z,reference_z_mom,-0.46975975091207967
2021-01-13,z,reference_z_mom,-0.5477835911051809
2021-01-14,z,reference_z_mom,-0.5748573958306492
2021-01-15,z,reference_z_mom,-0.3570009919758617
2021-01-19,z,reference_z_mom,-0.4278977960927835
2021-01-20,z,reference_z_mom,-0.5635968967110985
2021-01-21,z,reference_z_mom,-0.7981890695563858
2021-01-22,z,reference_z_mom,-0.9154606357742007
2021-01-25,z,reference_z_mom,-0.7441139147980287
2021-01-26,z,reference_z_mom,-0.6018206930243583
2021-01-27,z,reference_z_mom,-0.5041768346193503
2021-01-28,z,reference_z_mom,-0.5862988797034854
2021-01-29,z,reference_z_mom,-0.49463223676408674
2021-02-01,z,reference_z_mom,-0.5419467898456365
2021-02-02,z,reference_z_mom,-0.7091996931020301
2021-02-03,z,reference_z_mom,-0.6944199751926198
2021-02-04,z,reference_z_mom,-0.604491263285748
2021-02-05,z,reference_z_mom,-0.6488897809834603
2021-02-08,z,reference_z_mom,-0.7214079467490225
2021-02-09,z,reference_z_mom,-0.7538125048548235
2021-02-10,z,reference_z_mom,-0.780155246404435
2021-02-11,z,reference_z_mom,-0.7156499507221749
2021-02-12,z,reference_z_mom,-0.7766773861126289
2021-02-16,z,reference_z_mom,-0.7303925652095835
2021-02-17,z,reference_z_mom,-0.6617594062953025
2021-02-18,z,reference_z_mom,-0.7821751880087233
2021-02-19,z,reference_z_mom,-0.7559262719446597
2021-02-22,z,reference_z_mom,-0.40086739211407063
2021-02-23,z,reference_z_mom,-0.3989762022383677
2021-02-24,z,reference_z_mom,-0.44408665104158
2021-02-25,z,reference_z_mom,-0.22452035559510508
2021-02-26,z,reference_z_mom,-0.4400661208363599
2021-03-01,z,reference_z_mom,-0.4777801078207757
2021-03-02,z,reference_z_mom,-0.3229164817527049
2021-03-03,z,reference_z_mom,-0.00352933073911248
2021-03-04,z,reference_z_mom,0.3956738632825947
2021-03-05,z,reference_z_mom,0.716047704396713
2021-03-08,z,reference_z_mom,0.7263369167076359
2021-03-09,z,reference_z_mom,0.47854128577876337
2021-03-10,z,reference_z_mom,0.7798510702855511
2021-03-11,z,reference_z_mom,0.42380047622218914
2021-03-12,z,reference_z_mom,0.6254011077863428
2021-03-15,z,reference_z_mom,0.5687214992195906
2021-03-16,z,reference_z_mom,0.6001744930408697
2021-03-17,z,reference_z_mom,0.459152795818438
2021-03-18,z,reference_z_mom,0.489949046868456
2021-03-19,z,reference_z_mom,0.5134286636681248
2021-03-22,z,reference_z_mom,0.4562724773954967
2021-03-23,z,reference_z_mom,0.3177338964980115
2021-03-24,z,reference_z_mom,0.5519844590526808
2021-03-25,z,reference_z_mom,0.816580273077082
2021-03-26,z,reference_z_mom,0.8867294400663015
2021-03-29,z,reference_z_mom,0.8795097736362958
2021-03-30,z,reference_z_mom,0.7404228327393488
2021-03-31,z,reference_z_mom,0.6493198725341673
2021-04-01,z,reference_z_mom,0.40882027531937465
2021-04-05,z,reference_z_mom,0.09222590690823182
2021-04-06,z,reference_z_mom,-0.005026151994078111
2021-04-07,z,reference_z_mom,0.3327383836083624
2021-04-08,z,reference_z_mom,-0.1963568635554342
2021-04-09,z,reference_z_mom,-0.006547949836896022
2021-04-12,z,reference_z_mom,-0.2272024525476101
2021-04-13,z,reference_z_mom,-0.3800778149726024
2021-04-14,z,reference_z_mom,-0.05865450172247445
2021-04-15,z,reference_z_mom,-0.3173030582722929
2016-12-29,raw,treatment_u,0.08206369952341146
2016-12-30,raw,treatment_u,0.10056737778867499
2017-01-03,raw,treatment_u,0.0969011999873308
2017-01-04,raw,treatment_u,0.014650143989430216
2017-01-05,raw,treatment_u,0.02538880349328744
2017-01-06,raw,treatment_u,0.0027016223599728995
2017-01-09,raw,treatment_u,-0.005994733943079231
2017-01-10,raw,treatment_u,-0.011742552359849393
2017-01-11,raw,treatment_u,0.013399697888626785
2017-01-12,raw,treatment_u,0.02680604368587331
2017-01-13,raw,treatment_u,0.01965918907101709
2017-01-17,raw,treatment_u,0.07236550821891699
2017-01-18,raw,treatment_u,0.0629636431749131
2017-01-19,raw,treatment_u,0.0792709780449043
2017-01-20,raw,treatment_u,0.08236463347046458
2017-01-23,raw,treatment_u,0.08506078611191369
2017-01-24,raw,treatment_u,0.05064729903567551
2017-01-25,raw,treatment_u,0.026350551122295274
2017-01-26,raw,treatment_u,0.045848851346509505
2017-01-27,raw,treatment_u,0.03411417537546202
2017-01-30,raw,treatment_u,0.032015707183571
2017-01-31,raw,treatment_u,0.0395267956126361
2017-02-01,raw,treatment_u,-0.011525346546387753
2017-02-02,raw,treatment_u,0.0014807230975830005
2017-02-03,raw,treatment_u,0.037396662037102665
2017-02-06,raw,treatment_u,0.028599495282007927
2017-02-07,raw,treatment_u,-0.01883732362769439
2017-02-08,raw,treatment_u,-0.005046479411112843
2017-02-09,raw,treatment_u,-0.005072094514114132
2017-02-10,raw,treatment_u,-0.008066789267852365
2017-02-13,raw,treatment_u,-0.0029398065773023514
2017-02-14,raw,treatment_u,0.009808424474558573
2017-02-15,raw,treatment_u,0.0014566162793656842
2017-02-16,raw,treatment_u,0.007058808902694433
2017-02-17,raw,treatment_u,-0.0098060563892685
2017-02-21,raw,treatment_u,-0.019272061961078116
2017-02-22,raw,treatment_u,-0.005805145539005073
2017-02-23,raw,treatment_u,0.006670057902229579
2017-02-24,raw,treatment_u,0.013644575184764238
2017-02-27,raw,treatment_u,0.0007278040729486145
2017-02-28,raw,treatment_u,0.004078852672578643
2017-03-01,raw,treatment_u,-0.014203235221414543
2017-03-02,raw,treatment_u,-0.005848201335864875
2017-03-03,raw,treatment_u,0.002541978719506545
2017-03-06,raw,treatment_u,0.0067693851224414694
2017-03-07,raw,treatment_u,-0.009920623324234677
2017-03-08,raw,treatment_u,-0.010448215305241162
2017-03-09,raw,treatment_u,0.00829863282057619
2017-03-10,raw,treatment_u,0.014577635743387524
2017-03-13,raw,treatment_u,0.023551033824680385
2017-03-14,raw,treatment_u,0.03795445847857536
2017-03-15,raw,treatment_u,0.07335637314870569
2017-03-16,raw,treatment_u,0.057840257271269464
2017-03-17,raw,treatment_u,0.03492661918332565
2017-03-20,raw,treatment_u,0.034717465343515067
2017-03-21,raw,treatment_u,0.05332661689528413
2017-03-22,raw,treatment_u,0.04539589440051992
2017-03-23,raw,treatment_u,0.049322982943054594
2017-03-24,raw,treatment_u,0.030847330809383795
2017-03-27,raw,treatment_u,0.030659044204232586
2017-03-28,raw,treatment_u,0.02482701423751381
2017-03-29,raw,treatment_u,0.06636439221905795
2017-03-30,raw,treatment_u,0.061572615146302204
2017-03-31,raw,treatment_u,0.05230194343495667
2017-04-03,raw,treatment_u,0.05939077781497246
2017-04-04,raw,treatment_u,0.05275749492977835
2017-04-05,raw,treatment_u,0.0593081881632334
2017-04-06,raw,treatment_u,0.06864280745032666
2017-04-07,raw,treatment_u,0.06164908001015162
2017-04-10,raw,treatment_u,0.08641288306568487
2017-04-11,raw,treatment_u,0.08688249622579815
2017-04-12,raw,treatment_u,0.07247505574256684
2017-04-13,raw,treatment_u,0.1215180865098711
2017-04-17,raw,treatment_u,0.10632796600917459
2017-04-18,raw,treatment_u,0.07266495078232228
2017-04-19,raw,treatment_u,0.10781739601645743
2017-04-20,raw,treatment_u,0.11205628570479582
2017-04-21,raw,treatment_u,0.12633115275239226
2017-04-24,raw,treatment_u,0.11160876207280099
2017-04-25,raw,treatment_u,0.12262828382919541
2017-04-26,raw,treatment_u,0.1322669839779976
2017-04-27,raw,treatment_u,0.12358275724412687
2017-04-28,raw,treatment_u,0.12310302084737651
2017-05-01,raw,treatment_u,0.10386297563622221
2017-05-02,raw,treatment_u,0.14940094863510386
2017-05-03,raw,treatment_u,0.15623510826605513
2017-05-04,raw,treatment_u,0.15098414996286175
2017-05-05,raw,treatment_u,0.12617700632384216
2017-05-08,raw,treatment_u,0.1255081882782186
2017-05-09,raw,treatment_u,0.10517531654133347
2017-05-10,raw,treatment_u,0.08039960763453385
2017-05-11,raw,treatment_u,0.09119907538237201
2017-05-12,raw,treatment_u,0.08071207616905277
2017-05-15,raw,treatment_u,0.062461163427736235
2017-05-16,raw,treatment_u,0.06191287352430705
2017-05-17,raw,treatment_u,0.0917643218445853
2017-05-18,raw,treatment_u,0.08872516194225512
2017-05-19,raw,treatment_u,0.09006049288903273
2017-05-22,raw,treatment_u,0.07521858619062109
2017-05-23,raw,treatment_u,0.1366445216173082
2017-05-24,raw,treatment_u,0.10136899065754053
2017-05-25,raw,treatment_u,0.09949940456527953
2017-05-26,raw,treatment_u,0.09421011040008506
2017-05-30,raw,treatment_u,0.12939615836895438
2017-05-31,raw,treatment_u,0.08784473289082054
2017-06-01,raw,treatment_u,0.10127049701514836
2017-06-02,raw,treatment_u,0.10787843353600095
2017-06-05,raw,treatment_u,0.10396395751544985
2017-06-06,raw,treatment_u,0.09194590575399748
2017-06-07,raw,treatment_u,0.06506840942153908
2017-06-08,raw,treatment_u,0.06060250260273524
2017-06-09,raw,treatment_u,0.04329810902151905
2017-06-12,raw,treatment_u,0.027307621190503076
2017-06-13,raw,treatment_u,0.020106723541774507
2017-06-14,raw,treatment_u,-0.003911446570539191
2017-06-15,raw,treatment_u,-0.017999653089023984
2017-06-16,raw,treatment_u,0.009830713010190662
2017-06-19,raw,treatment_u,0.007238530677176135
2017-06-20,raw,treatment_u,-0.020064795635559966
2017-06-21,raw,treatment_u,-0.011760715145503014
2017-06-22,raw,treatment_u,-0.04497767859425361
2017-06-23,raw,treatment_u,-0.030272607719589652
2017-06-26,raw,treatment_u,-0.03703493281398739
2017-06-27,raw,treatment_u,0.006467617221806048
2017-06-28,raw,treatment_u,0.012811965963073407
2017-06-29,raw,treatment_u,0.028454298063601197
2017-06-30,raw,treatment_u,0.0662536526054813
2017-07-03,raw,treatment_u,0.07074056677033723
2017-07-05,raw,treatment_u,0.051257484658400715
2017-07-06,raw,treatment_u,0.04146629350212144
2017-07-07,raw,treatment_u,0.038368938043365886
2017-07-10,raw,treatment_u,0.04549243050637935
2017-07-11,raw,treatment_u,0.01873026691747257
2017-07-12,raw,treatment_u,0.00186800591994489
2017-07-13,raw,treatment_u,-0.0014921993906161016
2017-07-14,raw,treatment_u,0.01283440691918629
2017-07-17,raw,treatment_u,-0.010386275931256895
2017-07-18,raw,treatment_u,-0.016555795284491127
2017-07-19,raw,treatment_u,-0.03660946135938486
2017-07-20,raw,treatment_u,-0.009879559224083428
2017-07-21,raw,treatment_u,-0.023990612847065683
2017-07-24,raw,treatment_u,-0.03787559103434568
2017-07-25,raw,treatment_u,-0.02766880623466287
2017-07-26,raw,treatment_u,-0.0020678111081280023
2017-07-27,raw,treatment_u,0.020243957112866244
2017-07-28,raw,treatment_u,0.02927572178479263
2017-07-31,raw,treatment_u,0.007262908069545229
2017-08-01,raw,treatment_u,0.002034306255918626
2017-08-02,raw,treatment_u,0.029290399326319952
2017-08-03,raw,treatment_u,0.02002035183463069
2017-08-04,raw,treatment_u,0.015248698352489883
2017-08-07,raw,treatment_u,-0.0011341653686670061
2017-08-08,raw,treatment_u,0.014182570987664782
2017-08-09,raw,treatment_u,0.011671397262586418
2017-08-10,raw,treatment_u,0.02211222412887401
2017-08-11,raw,treatment_u,0.025434180837220814
2017-08-14,raw,treatment_u,-0.0019479156940659173
2017-08-15,raw,treatment_u,0.030115234071632628
2017-08-16,raw,treatment_u,0.025562462275897632
2017-08-17,raw,treatment_u,0.038563200169415224
2017-08-18,raw,treatment_u,0.033100060440331036
2017-08-21,raw,treatment_u,0.04506413191828858
2017-08-22,raw,treatment_u,0.010002734205120385
2017-08-23,raw,treatment_u,0.07802217519045318
2017-08-24,raw,treatment_u,0.07903148917116758
2017-08-25,raw,treatment_u,0.02072370959461179
2017-08-28,raw,treatment_u,0.07435678966823832
2017-08-29,raw,treatment_u,0.06516709980377644
2017-08-30,raw,treatment_u,0.016579012882964643
2017-08-31,raw,treatment_u,0.051466125726194245
2017-09-01,raw,treatment_u,0.061056100109953146
2017-09-05,raw,treatment_u,0.044743186031700743
2017-09-06,raw,treatment_u,0.04789022632965499
2017-09-07,raw,treatment_u,0.03996284449319249
2017-09-08,raw,treatment_u,0.05909557092372885
2017-09-11,raw,treatment_u,0.05913777675160692
2017-09-12,raw,treatment_u,0.08122974349144049
2017-09-13,raw,treatment_u,0.07657086066427579
2017-09-14,raw,treatment_u,0.07422978636737941
2017-09-15,raw,treatment_u,0.09368899134410726
2017-09-18,raw,treatment_u,0.07793772755311304
2017-09-19,raw,treatment_u,0.05361141309643102
2017-09-20,raw,treatment_u,0.05704289706905143
2017-09-21,raw,treatment_u,0.057138603573829695
2017-09-22,raw,treatment_u,0.03509655541348216
2017-09-25,raw,treatment_u,0.08468445900682614
2017-09-26,raw,treatment_u,0.09142478996890477
2017-09-27,raw,treatment_u,0.08333442985992567
2017-09-28,raw,treatment_u,0.07565232356755683
2017-09-29,raw,treatment_u,0.05904856667424982
2017-10-02,raw,treatment_u,0.05223000876911725
2017-10-03,raw,treatment_u,0.022113786988808226
2017-10-04,raw,treatment_u,0.006121189302138789
2017-10-05,raw,treatment_u,0.012194712279342379
2017-10-06,raw,treatment_u,0.0003763331649145017
2017-10-09,raw,treatment_u,0.005911294229655559
2017-10-10,raw,treatment_u,0.0027622903009508967
2017-10-11,raw,treatment_u,-0.00016733822068016116
2017-10-12,raw,treatment_u,0.0007259100579266181
2017-10-13,raw,treatment_u,-0.009558351675183365
2017-10-16,raw,treatment_u,-0.034455475104389253
2017-10-17,raw,treatment_u,-0.03777916292466228
2017-10-18,raw,treatment_u,-0.03253726872881459
2017-10-19,raw,treatment_u,-0.03919675205155268
2017-10-20,raw,treatment_u,-0.040998569476295564
2017-10-23,raw,treatment_u,-0.0305263914981122
2017-10-24,raw,treatment_u,-0.03808446850671058
2017-10-25,raw,treatment_u,-0.02539117663260002
2017-10-26,raw,treatment_u,-0.03341151807018204
2017-10-27,raw,treatment_u,-0.025962325320405516
2017-10-30,raw,treatment_u,-0.015298380382030468
2017-10-31,raw,treatment_u,-0.02114508641273715
2017-11-01,raw,treatment_u,0.020370151482376045
2017-11-02,raw,treatment_u,0.024101700181605398
2017-11-03,raw,treatment_u,0.006455954928662649
2017-11-06,raw,treatment_u,0.007233864963815758
2017-11-07,raw,treatment_u,-0.014843586495089482
2017-11-08,raw,treatment_u,-0.01531618701179018
2017-11-09,raw,treatment_u,0.008389810172281707
2017-11-10,raw,treatment_u,-0.004540495073334611
2017-11-13,raw,treatment_u,0.04830758365248824
2017-11-14,raw,treatment_u,0.056019401205861574
2017-11-15,raw,treatment_u,0.06296176372606879
2017-11-16,raw,treatment_u,-0.0031794643672430605
2017-11-17,raw,treatment_u,0.004578740452566283
2017-11-20,raw,treatment_u,-0.007032316679606457
2017-11-21,raw,treatment_u,0.009896928447490098
2017-11-22,raw,treatment_u,0.024091717410680308
2017-11-24,raw,treatment_u,0.013742392642214466
2017-11-27,raw,treatment_u,0.02258182914336957
2017-11-28,raw,treatment_u,0.033917075906676586
2017-11-29,raw,treatment_u,0.05642537158166888
2017-11-30,raw,treatment_u,0.07199136248350976
2017-12-01,raw,treatment_u,0.11764156423157068
2017-12-04,raw,treatment_u,0.1606726403863885
2017-12-05,raw,treatment_u,0.16881134931647715
2017-12-06,raw,treatment_u,0.15182502938137138
2017-12-07,raw,treatment_u,0.1276204602598465
2017-12-08,raw,treatment_u,0.14125729649054486
2017-12-11,raw,treatment_u,0.1382937127625193
2017-12-12,raw,treatment_u,0.14708246156207183
2017-12-13,raw,treatment_u,0.13070640761929792
2017-12-14,raw,treatment_u,0.12003850675839842
2017-12-15,raw,treatment_u,0.11261215093109567
2017-12-18,raw,treatment_u,0.11705986439666664
2017-12-19,raw,treatment_u,0.11669874396775956
2017-12-20,raw,treatment_u,0.09977525068823594
2017-12-21,raw,treatment_u,0.09837830012352941
2017-12-22,raw,treatment_u,0.11690765976375923
2017-12-26,raw,treatment_u,0.11592851941949506
2017-12-27,raw,treatment_u,0.11615092445133499
2017-12-28,raw,treatment_u,0.111680039699839
2017-12-29,raw,treatment_u,0.108848992675532
2018-01-02,raw,treatment_u,0.08077351395694973
2018-01-03,raw,treatment_u,0.08060999857834607
2018-01-04,raw,treatment_u,0.062309531124664065
2018-01-05,raw,treatment_u,0.05219565732612969
2018-01-08,raw,treatment_u,0.04083805423864418
2018-01-09,raw,treatment_u,0.055223632715316016
2018-01-10,raw,treatment_u,0.03179072930875933
2018-01-11,raw,treatment_u,0.030100405469153393
2018-01-12,raw,treatment_u,0.05286025810647638
2018-01-16,raw,treatment_u,0.043017265151854014
2018-01-17,raw,treatment_u,0.03587651760678194
2018-01-18,raw,treatment_u,0.0305216902110562
2018-01-19,raw,treatment_u,0.030088394889820277
2018-01-22,raw,treatment_u,0.03331404302375295
2018-01-23,raw,treatment_u,0.03184589623804415
2018-01-24,raw,treatment_u,0.0367681546215137
2018-01-25,raw,treatment_u,0.027635177282237692
2018-01-26,raw,treatment_u,0.021130648599863234
2018-01-29,raw,treatment_u,0.00515475780997552
2018-01-30,raw,treatment_u,0.037820628121126645
2018-01-31,raw,treatment_u,0.024414568211334142
2018-02-01,raw,treatment_u,0.01599238143520263
2018-02-02,raw,treatment_u,0.06188531149328228
2018-02-05,raw,treatment_u,0.04819749939932397
2018-02-06,raw,treatment_u,0.02233060249170255
2018-02-07,raw,treatment_u,0.08248125562362595
2018-02-08,raw,treatment_u,0.07463096738517114
2018-02-09,raw,treatment_u,0.0821713446158598
2018-02-12,raw,treatment_u,0.06913001989577841
2018-02-13,raw,treatment_u,0.03970403007833116
2018-02-14,raw,treatment_u,0.008383048493288095
2018-02-15,raw,treatment_u,0.01225339602206249
2018-02-16,raw,treatment_u,0.022009945705466133
2018-02-20,raw,treatment_u,0.04880390824560359
2018-02-21,raw,treatment_u,0.026802444232545825
2018-02-22,raw,treatment_u,0.026547680344845705
2018-02-23,raw,treatment_u,0.07637524914390136
2018-02-26,raw,treatment_u,0.08130398300021334
2018-02-27,raw,treatment_u,0.0928608211224882
2018-02-28,raw,treatment_u,0.0478425321791787
2018-03-01,raw,treatment_u,0.03648676641178379
2018-03-02,raw,treatment_u,0.05174998447222796
2018-03-05,raw,treatment_u,0.04592653790975057
2018-03-06,raw,treatment_u,0.03537209616741452
2018-03-07,raw,treatment_u,0.00929094999275042
2018-03-08,raw,treatment_u,0.016783529510730956
2018-03-09,raw,treatment_u,0.04652332019741134
2018-03-12,raw,treatment_u,0.11920067546744098
2018-03-13,raw,treatment_u,0.052468246414726874
2018-03-14,raw,treatment_u,0.047893079541604155
2018-03-15,raw,treatment_u,0.00754329718770864
2018-03-16,raw,treatment_u,0.037096630610447115
2018-03-19,raw,treatment_u,0.010231893160523607
2018-03-20,raw,treatment_u,0.036685631658827086
2018-03-21,raw,treatment_u,0.041175054265770346
2018-03-22,raw,treatment_u,0.06147421604421521
2018-03-23,raw,treatment_u,0.07447286006050272
2018-03-26,raw,treatment_u,0.06963177370891799
2018-03-27,raw,treatment_u,0.07812698537217987
2018-03-28,raw,treatment_u,0.11101680088688888
2018-03-29,raw,treatment_u,0.09723344068354806
2018-04-02,raw,treatment_u,0.06129137368702464
2018-04-03,raw,treatment_u,0.05596307538166093
2018-04-04,raw,treatment_u,0.05158849591524028
2018-04-05,raw,treatment_u,0.06505596867114746
2018-04-06,raw,treatment_u,0.07016713117657566
2018-04-09,raw,treatment_u,0.06458885886904646
2018-04-10,raw,treatment_u,0.026412642832198338
2018-04-11,raw,treatment_u,0.058876233670612343
2018-04-12,raw,treatment_u,0.04634258196380344
2018-04-13,raw,treatment_u,0.0521086386744351
2018-04-16,raw,treatment_u,0.04898091528433944
2018-04-17,raw,treatment_u,-0.000873632213443774
2018-04-18,raw,treatment_u,-0.0023738208445581686
2018-04-19,raw,treatment_u,-0.03565409128850267
2018-04-20,raw,treatment_u,-0.04642459882734473
2018-04-23,raw,treatment_u,-0.03318167098948509
2018-04-24,raw,treatment_u,-0.017590863830273792
2018-04-25,raw,treatment_u,0.075347415071187
2018-04-26,raw,treatment_u,0.03822957297899673
2018-04-27,raw,treatment_u,0.04111273050779506
2018-04-30,raw,treatment_u,-0.059298515048295884
2018-05-01,raw,treatment_u,-0.07178788118887072
2018-05-02,raw,treatment_u,-0.06846905828327418
2018-05-03,raw,treatment_u,-0.07003681258850945
2018-05-04,raw,treatment_u,-0.08928558113270864
2018-05-07,raw,treatment_u,-0.09480201816211473
2018-05-08,raw,treatment_u,-0.1066842826621554
2018-05-09,raw,treatment_u,-0.12464655028626345
2018-05-10,raw,treatment_u,-0.08375412231818304
2018-05-11,raw,treatment_u,-0.09173022574253609
2018-05-14,raw,treatment_u,-0.05412812227064875
2018-05-15,raw,treatment_u,-0.05580277241701004
2018-05-16,raw,treatment_u,-0.023767178237377715
2018-05-17,raw,treatment_u,-0.06532814799789477
2018-05-18,raw,treatment_u,-0.07219801768821182
2018-05-21,raw,treatment_u,-0.053956236160484394
2018-05-22,raw,treatment_u,-0.08611210013139897
2018-05-23,raw,treatment_u,-0.08468760725359872
2018-05-24,raw,treatment_u,-0.09000310948677973
2018-05-25,raw,treatment_u,-0.09498120428437623
2018-05-29,raw,treatment_u,-0.09524655074237012
2018-05-30,raw,treatment_u,-0.13369557459592063
2018-05-31,raw,treatment_u,-0.14799418895269537
2018-06-01,raw,treatment_u,-0.13837562999998543
2018-06-04,raw,treatment_u,-0.10291827005321186
2018-06-05,raw,treatment_u,-0.10949261845547265
2018-06-06,raw,treatment_u,-0.10233380204595094
2018-06-07,raw,treatment_u,-0.12261858091987744
2018-06-08,raw,treatment_u,-0.10088837644989854
2018-06-11,raw,treatment_u,-0.09139279815035402
2018-06-12,raw,treatment_u,-0.095413469112701
2018-06-13,raw,treatment_u,-0.07078877179946881
2018-06-14,raw,treatment_u,-0.041558334389438956
2018-06-15,raw,treatment_u,-0.01374332978744205
2018-06-18,raw,treatment_u,-0.04029984867239068
2018-06-19,raw,treatment_u,-0.018130714498298457
2018-06-20,raw,treatment_u,-0.026381599756146488
2018-06-21,raw,treatment_u,-0.04894549107890846
2018-06-22,raw,treatment_u,-0.05327110157123823
2018-06-25,raw,treatment_u,-0.09708418193099765
2018-06-26,raw,treatment_u,-0.11474041568323996
2018-06-27,raw,treatment_u,-0.09511982018650862
2018-06-28,raw,treatment_u,-0.12086663044533887
2018-06-29,raw,treatment_u,-0.10797064383694642
2018-07-02,raw,treatment_u,-0.12514446237651794
2018-07-03,raw,treatment_u,-0.11633794399300122
2018-07-05,raw,treatment_u,-0.10619079262014587
2018-07-06,raw,treatment_u,-0.1139264649222598
2018-07-09,raw,treatment_u,-0.11759752790712305
2018-07-10,raw,treatment_u,-0.09205637273706307
2018-07-11,raw,treatment_u,-0.08177549972600051
2018-07-12,raw,treatment_u,-0.08813337171651818
2018-07-13,raw,treatment_u,-0.07891009663823068
2018-07-16,raw,treatment_u,-0.064661996393916
2018-07-17,raw,treatment_u,-0.030466596647166395
2018-07-18,raw,treatment_u,-0.03612085578693535
2018-07-19,raw,treatment_u,-0.0534482137073752
2018-07-20,raw,treatment_u,-0.03488708039409324
2018-07-23,raw,treatment_u,-0.034921630049280006
2018-07-24,raw,treatment_u,-0.003980135450807319
2018-07-25,raw,treatment_u,-0.014569350249334277
2018-07-26,raw,treatment_u,-0.011975501883891522
2018-07-27,raw,treatment_u,-0.020532835980433546
2018-07-30,raw,treatment_u,-0.008401674264518494
2018-07-31,raw,treatment_u,-0.0023621542629317692
2018-08-01,raw,treatment_u,-0.014046183288846105
2018-08-02,raw,treatment_u,-0.009145729534311099
2018-08-03,raw,treatment_u,-0.003974456876002582
2018-08-06,raw,treatment_u,-0.03823881367329725
2018-08-07,raw,treatment_u,-0.027744013209754448
2018-08-08,raw,treatment_u,-0.002550097349093921
2018-08-09,raw,treatment_u,-0.01026680160036198
2018-08-10,raw,treatment_u,0.028818869035941712
2018-08-13,raw,treatment_u,0.015344576284338602
2018-08-14,raw,treatment_u,0.012365407259814873
2018-08-15,raw,treatment_u,0.01750522410365728
2018-08-16,raw,treatment_u,0.0336155855395594
2018-08-17,raw,treatment_u,0.0418924647623042
2018-08-20,raw,treatment_u,0.04008393096228609
2018-08-21,raw,treatment_u,0.020460499147106022
2018-08-22,raw,treatment_u,0.023607208800585873
2018-08-23,raw,treatment_u,0.006440009323548251
2018-08-24,raw,treatment_u,-0.013174174673594805
2018-08-27,raw,treatment_u,-0.03229409503916906
2018-08-28,raw,treatment_u,-0.046974671142491264
2018-08-29,raw,treatment_u,-0.06318585934511081
2018-08-30,raw,treatment_u,-0.04764436700608199
2018-08-31,raw,treatment_u,-0.04481430131250361
2018-09-04,raw,treatment_u,-0.051806945094395866
2018-09-05,raw,treatment_u,-0.03289342606343652
2018-09-06,raw,treatment_u,0.012345664641093605
2018-09-07,raw,treatment_u,0.004971459883746979
2018-09-10,raw,treatment_u,-0.013444797166900297
2018-09-11,raw,treatment_u,-0.022940742257471256
2018-09-12,raw,treatment_u,-0.034649959109450554
2018-09-13,raw,treatment_u,-0.03196933237401029
2018-09-14,raw,treatment_u,0.011338141698156654
2018-09-17,raw,treatment_u,0.01108531594517144
2018-09-18,raw,treatment_u,0.011185411334664313
2018-09-19,raw,treatment_u,0.022094798658513756
2018-09-20,raw,treatment_u,-0.004065868396875987
2018-09-21,raw,treatment_u,0.007844781947708448
2018-09-24,raw,treatment_u,-0.018062010159686205
2018-09-25,raw,treatment_u,-0.021115004593035402
2018-09-26,raw,treatment_u,0.022050414386807576
2018-09-27,raw,treatment_u,-0.03082149008894185
2018-09-28,raw,treatment_u,0.007657710222820541
2018-10-01,raw,treatment_u,-0.0020739275603630855
2018-10-02,raw,treatment_u,-0.03195164533963733
2018-10-03,raw,treatment_u,-0.033253123316798236
2018-10-04,raw,treatment_u,0.0024285403796288837
2018-10-05,raw,treatment_u,0.04481314976236688
2018-10-08,raw,treatment_u,0.028635974316565893
2018-10-09,raw,treatment_u,0.039392803166628576
2018-10-10,raw,treatment_u,0.032944607683140115
2018-10-11,raw,treatment_u,0.027463347029526845
2018-10-12,raw,treatment_u,0.007187771376817968
2018-10-15,raw,treatment_u,0.02474625396840851
2018-10-16,raw,treatment_u,0.009916891260225096
2018-10-17,raw,treatment_u,0.07510009500836813
2018-10-18,raw,treatment_u,0.07144284706184822
2018-10-19,raw,treatment_u,0.10798769572290455
2018-10-22,raw,treatment_u,0.08884082147480207
2018-10-23,raw,treatment_u,0.1003014080620831
2018-10-24,raw,treatment_u,0.12553884000027138
2018-10-25,raw,treatment_u,0.12074499617383366
2018-10-26,raw,treatment_u,0.1600116102879831
2018-10-29,raw,treatment_u,0.16927375459497762
2018-10-30,raw,treatment_u,0.17350368503393143
2018-10-31,raw,treatment_u,0.17835445887916984
2018-11-01,raw,treatment_u,0.16581541890061738
2018-11-02,raw,treatment_u,0.18378007581953237
2018-11-05,raw,treatment_u,0.2050566789112972
2018-11-06,raw,treatment_u,0.2107192008154905
2018-11-07,raw,treatment_u,0.2001250870497019
2018-11-08,raw,treatment_u,0.2131154248286166
2018-11-09,raw,treatment_u,0.21230283458810195
2018-11-12,raw,treatment_u,0.21556203739481505
2018-11-13,raw,treatment_u,0.2543607762976134
2018-11-14,raw,treatment_u,0.23383114552922402
2018-11-15,raw,treatment_u,0.19279112047564745
2018-11-16,raw,treatment_u,0.15175896641238515
2018-11-19,raw,treatment_u,0.20413436514498834
2018-11-20,raw,treatment_u,0.25842030170799185
2018-11-21,raw,treatment_u,0.14165884139733867
2018-11-23,raw,treatment_u,0.18178613444549926
2018-11-26,raw,treatment_u,0.2040980558939749
2018-11-27,raw,treatment_u,0.24789753585097835
2018-11-28,raw,treatment_u,0.19840041689708757
2018-11-29,raw,treatment_u,0.19425519610690994
2018-11-30,raw,treatment_u,0.2190981996620176
2018-12-03,raw,treatment_u,0.18171381250755222
2018-12-04,raw,treatment_u,0.20981587252340914
2018-12-06,raw,treatment_u,0.17837187790758674
2018-12-07,raw,treatment_u,0.17529236313454238
2018-12-10,raw,treatment_u,0.18539732743204976
2018-12-11,raw,treatment_u,0.19844078854634428
2018-12-12,raw,treatment_u,0.1987249932434385
2018-12-13,raw,treatment_u,0.1946200808971739
2018-12-14,raw,treatment_u,0.20356355884351787
2018-12-17,raw,treatment_u,0.25286760503690797
2018-12-18,raw,treatment_u,0.23199505524592562
2018-12-19,raw,treatment_u,0.21058659768922122
2018-12-20,raw,treatment_u,0.18954177304854897
2018-12-21,raw,treatment_u,0.21256227397070773
2018-12-24,raw,treatment_u,0.22139138591673418
2018-12-26,raw,treatment_u,0.23810859232253861
2018-12-27,raw,treatment_u,0.20461218774429113
2018-12-28,raw,treatment_u,0.2061322951435343
2018-12-31,raw,treatment_u,0.16625496068395987
2019-01-02,raw,treatment_u,0.13855953446464653
2019-01-03,raw,treatment_u,0.16080769083688315
2019-01-04,raw,treatment_u,0.16439859915919214
2019-01-07,raw,treatment_u,0.12791336141828183
2019-01-08,raw,treatment_u,0.1372723668879036
2019-01-09,raw,treatment_u,0.16414520474299021
2019-01-10,raw,treatment_u,0.16210926423023395
2019-01-11,raw,treatment_u,0.18741969713807632
2019-01-14,raw,treatment_u,0.20010354666206656
2019-01-15,raw,treatment_u,0.17904994338059604
2019-01-16,raw,treatment_u,0.17770768261069794
2019-01-17,raw,treatment_u,0.16840666765688064
2019-01-18,raw,treatment_u,0.147170148833507
2019-01-22,raw,treatment_u,0.12128641847233175
2019-01-23,raw,treatment_u,0.1049401347307512
2019-01-24,raw,treatment_u,0.09788323135012605
2019-01-25,raw,treatment_u,0.12370876759867283
2019-01-28,raw,treatment_u,0.12589012926855284
2019-01-29,raw,treatment_u,0.15850328256074592
2019-01-30,raw,treatment_u,0.1331336629929035
2019-01-31,raw,treatment_u,0.08764192505928975
2019-02-01,raw,treatment_u,0.07811570468425405
2019-02-04,raw,treatment_u,0.07909950022667638
2019-02-05,raw,treatment_u,0.06038589161097071
2019-02-06,raw,treatment_u,0.06422216100477873
2019-02-07,raw,treatment_u,0.0543850990410849
2019-02-08,raw,treatment_u,0.050708427883293404
2019-02-11,raw,treatment_u,0.06811199388627603
2019-02-12,raw,treatment_u,0.04608745248988392
2019-02-13,raw,treatment_u,0.06731288606787744
2019-02-14,raw,treatment_u,0.09052913591087908
2019-02-15,raw,treatment_u,0.10691980341519217
2019-02-19,raw,treatment_u,0.11181745660615378
2019-02-20,raw,treatment_u,0.11303726715343772
2019-02-21,raw,treatment_u,0.11314134192389921
2019-02-22,raw,treatment_u,0.09375908513867119
2019-02-25,raw,treatment_u,0.07818671116119899
2019-02-26,raw,treatment_u,0.11129500676523442
2019-02-27,raw,treatment_u,0.11411724500959589
2019-02-28,raw,treatment_u,0.08509880365707775
2019-03-01,raw,treatment_u,0.09730811531190577
2019-03-04,raw,treatment_u,0.10042637152518931
2019-03-05,raw,treatment_u,0.0767496037805757
2019-03-06,raw,treatment_u,0.1296609832165056
2019-03-07,raw,treatment_u,0.12457727579043963
2019-03-08,raw,treatment_u,0.1393641034843224
2019-03-11,raw,treatment_u,0.12168099663760717
2019-03-12,raw,treatment_u,0.11633951868604693
2019-03-13,raw,treatment_u,0.11760215366864013
2019-03-14,raw,treatment_u,0.1061107152638059
2019-03-15,raw,treatment_u,0.08183424151852721
2019-03-18,raw,treatment_u,0.07093951881007332
2019-03-19,raw,treatment_u,0.0398430013129658
2019-03-20,raw,treatment_u,0.02159902411735739
2019-03-21,raw,treatment_u,-0.013725666396436
2019-03-22,raw,treatment_u,-0.00843019807743254
2019-03-25,raw,treatment_u,-0.03608718593670598
2019-03-26,raw,treatment_u,-0.025413213739829993
2019-03-27,raw,treatment_u,-0.004850735749754378
2019-03-28,raw,treatment_u,-0.021451801031941716
2019-03-29,raw,treatment_u,-0.025800693709709544
2019-04-01,raw,treatment_u,-0.015359765520447806
2019-04-02,raw,treatment_u,-0.012418485621733031
2019-04-03,raw,treatment_u,-0.05375248330485974
2019-04-04,raw,treatment_u,-0.036990358005761906
2019-04-05,raw,treatment_u,-0.02316066666524657
2019-04-08,raw,treatment_u,-0.008590246625645238
2019-04-09,raw,treatment_u,-0.015544896828123928
2019-04-10,raw,treatment_u,-0.0298768440062777
2019-04-11,raw,treatment_u,-0.005696103589060569
2019-04-12,raw,treatment_u,0.014494273574864984
2019-04-15,raw,treatment_u,0.01301394196072778
2019-04-16,raw,treatment_u,0.02132809178814985
2019-04-17,raw,treatment_u,0.0013959111194921676
2019-04-18,raw,treatment_u,0.0030558921423985332
2019-04-22,raw,treatment_u,-0.007579098068206813
2019-04-23,raw,treatment_u,-0.008015471917192643
2019-04-24,raw,treatment_u,0.013836854495961738
2019-04-25,raw,treatment_u,-0.0040616978789028155
2019-04-26,raw,treatment_u,-0.024158963473218293
2019-04-29,raw,treatment_u,-0.027788126555059862
2019-04-30,raw,treatment_u,-0.054862650916900325
2019-05-01,raw,treatment_u,-0.05504773770795631
2019-05-02,raw,treatment_u,-0.06574975089432401
2019-05-03,raw,treatment_u,-0.04097325269578277
2019-05-06,raw,treatment_u,-0.041004164488831256
2019-05-07,raw,treatment_u,-0.011321560886687055
2019-05-08,raw,treatment_u,-0.04010553372965295
2019-05-09,raw,treatment_u,-0.04663508942251786
2019-05-10,raw,treatment_u,-0.029340507576943592
2019-05-13,raw,treatment_u,-0.04785716561933773
2019-05-14,raw,treatment_u,-0.05399772193476175
2019-05-15,raw,treatment_u,-0.012010741202441501
2019-05-16,raw,treatment_u,-0.05982606403805978
2019-05-17,raw,treatment_u,-0.039009281206171746
2019-05-20,raw,treatment_u,-0.06385632720024415
2019-05-21,raw,treatment_u,-0.038334743113116146
2019-05-22,raw,treatment_u,-0.04407737890589135
2019-05-23,raw,treatment_u,0.001822487034618854
2019-05-24,raw,treatment_u,0.0006689247673422431
2019-05-28,raw,treatment_u,-0.004727476989454412
2019-05-29,raw,treatment_u,-0.041834033677497426
2019-05-30,raw,treatment_u,-0.06012490530545703
2019-05-31,raw,treatment_u,0.009746972371505111
2019-06-03,raw,treatment_u,0.03680900381062982
2019-06-04,raw,treatment_u,-0.012779640080798266
2019-06-05,raw,treatment_u,0.02056950407650413
2019-06-06,raw,treatment_u,-0.017189664169241836
2019-06-07,raw,treatment_u,-0.03012211742292001
2019-06-10,raw,treatment_u,-0.04285210004686027
2019-06-11,raw,treatment_u,0.0009340309326323435
2019-06-12,raw,treatment_u,-0.043658606109498406
2019-06-13,raw,treatment_u,0.017105241850829907
2019-06-14,raw,treatment_u,-0.017773102419485393
2019-06-17,raw,treatment_u,-0.02223258467853832
2019-06-18,raw,treatment_u,-0.026294002488762687
2019-06-19,raw,treatment_u,-0.04173323439756763
2019-06-20,raw,treatment_u,-0.027449087396345686
2019-06-21,raw,treatment_u,-0.03334635820732871
2019-06-24,raw,treatment_u,-0.0033599763758387167
2019-06-25,raw,treatment_u,0.00626697904474233
2019-06-26,raw,treatment_u,-0.001274907251838913
2019-06-27,raw,treatment_u,-0.025550495238958713
2019-06-28,raw,treatment_u,-0.0004229010905305343
2019-07-01,raw,treatment_u,-0.020858820391949993
2019-07-02,raw,treatment_u,0.0019422897319433495
2019-07-03,raw,treatment_u,0.008075657878529346
2019-07-05,raw,treatment_u,0.006090183765519782
2019-07-08,raw,treatment_u,-0.0050933139296048865
2019-07-09,raw,treatment_u,-0.018662005767940356
2019-07-10,raw,treatment_u,-0.04160108867036037
2019-07-11,raw,treatment_u,-0.035806997866396593
2019-07-12,raw,treatment_u,-0.020344192838112764
2019-07-15,raw,treatment_u,-0.0053773347111629064
2019-07-16,raw,treatment_u,0.008083024035546761
2019-07-17,raw,treatment_u,0.010440483995032128
2019-07-18,raw,treatment_u,0.020322731038761144
2019-07-19,raw,treatment_u,0.024044817967785362
2019-07-22,raw,treatment_u,0.016367055570345557
2019-07-23,raw,treatment_u,-0.03820679869816296
2019-07-24,raw,treatment_u,-0.04104073302930285
2019-07-25,raw,treatment_u,0.04472222548193349
2019-07-26,raw,treatment_u,-0.054202874330802925
2019-07-29,raw,treatment_u,-0.043353002131459865
2019-07-30,raw,treatment_u,-0.0584484456407754
2019-07-31,raw,treatment_u,-0.0496259783455298
2019-08-01,raw,treatment_u,0.047781905938500915
2019-08-02,raw,treatment_u,0.04274334545712869
2019-08-05,raw,treatment_u,0.050627923147776685
2019-08-06,raw,treatment_u,0.06208470849399465
2019-08-07,raw,treatment_u,0.05563632457828277
2019-08-08,raw,treatment_u,0.06589732333237328
2019-08-09,raw,treatment_u,0.06349912450429632
2019-08-12,raw,treatment_u,0.1136696951933943
2019-08-13,raw,treatment_u,0.14870424187113973
2019-08-14,raw,treatment_u,0.15981842474220725
2019-08-15,raw,treatment_u,-0.011150878912741302
2019-08-16,raw,treatment_u,-0.00020903184217393317
2019-08-19,raw,treatment_u,0.03806726395074492
2019-08-20,raw,treatment_u,0.024332314751247478
2019-08-21,raw,treatment_u,0.01889870541375631
2019-08-22,raw,treatment_u,0.20406055911078902
2019-08-23,raw,treatment_u,0.170181418536529
2019-08-26,raw,treatment_u,0.19130615602032996
2019-08-27,raw,treatment_u,-0.02584771757644641
2019-08-28,raw,treatment_u,-0.018769652170748802
2019-08-29,raw,treatment_u,-0.04200612610702266
2019-08-30,raw,treatment_u,-0.06167847063604633
2019-09-03,raw,treatment_u,-0.08733721787667133
2019-09-04,raw,treatment_u,-0.04969657435098336
2019-09-05,raw,treatment_u,-0.0266397846675721
2019-09-06,raw,treatment_u,-0.034516834097031136
2019-09-09,raw,treatment_u,-0.05292470492318908
2019-09-10,raw,treatment_u,-0.07130984948946607
2019-09-11,raw,treatment_u,-0.05337357119131879
2019-09-12,raw,treatment_u,-0.03829649789261985
2019-09-13,raw,treatment_u,-0.060149543890405485
2019-09-16,raw,treatment_u,-0.12066670732189308
2019-09-17,raw,treatment_u,-0.11213006133242676
2019-09-18,raw,treatment_u,-0.12790453217713132
2019-09-19,raw,treatment_u,-0.10409462405611115
2019-09-20,raw,treatment_u,-0.11431384478519817
2019-09-23,raw,treatment_u,-0.14135370048293616
2019-09-24,raw,treatment_u,-0.09052629807847776
2019-09-25,raw,treatment_u,-0.10727641187368211
2019-09-26,raw,treatment_u,-0.08566994745696507
2019-09-27,raw,treatment_u,-0.06009187962572951
2019-09-30,raw,treatment_u,-0.058537450482209416
2019-10-01,raw,treatment_u,-0.08240785564462724
2019-10-02,raw,treatment_u,-0.07756798810886265
2019-10-03,raw,treatment_u,-0.02023941696707155
2019-10-04,raw,treatment_u,-0.02633764471536932
2019-10-07,raw,treatment_u,-0.0472205228718107
2019-10-08,raw,treatment_u,0.014116295169187042
2019-10-09,raw,treatment_u,-0.04329194922110964
2019-10-10,raw,treatment_u,-0.0484276985202915
2019-10-11,raw,treatment_u,-0.01247236909525694
2019-10-14,raw,treatment_u,-0.037872000535532024
2019-10-15,raw,treatment_u,-0.03981346236928947
2019-10-16,raw,treatment_u,-0.016848049937166973
2019-10-17,raw,treatment_u,-0.029627391434984784
2019-10-18,raw,treatment_u,-0.023123387962381045
2019-10-21,raw,treatment_u,-0.0416404038104412
2019-10-22,raw,treatment_u,0.0642375811324409
2019-10-23,raw,treatment_u,0.13791553478867444
2019-10-24,raw,treatment_u,0.06312657891095504
2019-10-25,raw,treatment_u,0.16198783874165223
2019-10-28,raw,treatment_u,0.1114421465758588
2019-10-29,raw,treatment_u,0.16639298060151395
2019-10-30,raw,treatment_u,0.1454446424032193
2019-10-31,raw,treatment_u,0.06519044255428773
2019-11-01,raw,treatment_u,0.07706506671711356
2019-11-04,raw,treatment_u,0.058159712694390006
2019-11-05,raw,treatment_u,0.0720209852238044
2019-11-06,raw,treatment_u,0.06168534130247645
2019-11-07,raw,treatment_u,0.11257915073894012
2019-11-08,raw,treatment_u,0.13292086078306953
2019-11-11,raw,treatment_u,-0.017161607069281284
2019-11-12,raw,treatment_u,0.09905566752505862
2019-11-13,raw,treatment_u,0.051715547253784605
2019-11-14,raw,treatment_u,0.1086347785312213
2019-11-15,raw,treatment_u,0.10508005096438194
2019-11-18,raw,treatment_u,0.11898669291906931
2019-11-19,raw,treatment_u,0.1080971493687269
2019-11-20,raw,treatment_u,0.02559545992356715
2019-11-21,raw,treatment_u,-0.023648450387148724
2019-11-22,raw,treatment_u,-0.016762368716732305
2019-11-25,raw,treatment_u,0.025996203614615146
2019-11-26,raw,treatment_u,-0.012521853226077963
2019-11-27,raw,treatment_u,-0.013652640045359246
2019-11-29,raw,treatment_u,0.020016019379381442
2019-12-02,raw,treatment_u,0.013891971612620166
2019-12-03,raw,treatment_u,-0.04897519728915521
2019-12-04,raw,treatment_u,-0.06399948673619328
2019-12-05,raw,treatment_u,-0.054410952943954205
2019-12-06,raw,treatment_u,-0.08426401660073342
2019-12-09,raw,treatment_u,-0.06624686500723756
2019-12-10,raw,treatment_u,-0.02457228790058482
2019-12-11,raw,treatment_u,-0.028737522654486376
2019-12-12,raw,treatment_u,-0.038082776955273866
2019-12-13,raw,treatment_u,0.05115776924001401
2019-12-16,raw,treatment_u,0.056570529134419
2019-12-17,raw,treatment_u,0.029415786475962845
2019-12-18,raw,treatment_u,0.10036427451292511
2019-12-19,raw,treatment_u,0.07697721559340742
2019-12-20,raw,treatment_u,0.05357584107751574
2019-12-23,raw,treatment_u,0.02478433831487386
2019-12-24,raw,treatment_u,0.08066925982017312
2019-12-26,raw,treatment_u,0.07896792491796742
2019-12-27,raw,treatment_u,0.08492953334808535
2019-12-30,raw,treatment_u,0.09611785738285356
2019-12-31,raw,treatment_u,0.014286311882977312
2020-01-02,raw,treatment_u,0.07299250507949503
2020-01-03,raw,treatment_u,0.04675039159314507
2020-01-06,raw,treatment_u,0.01003445583563273
2020-01-07,raw,treatment_u,-0.0023471605002632033
2020-01-08,raw,treatment_u,0.07666620858462732
2020-01-09,raw,treatment_u,0.10184046294725425
2020-01-10,raw,treatment_u,0.05141922337477224
2020-01-13,raw,treatment_u,0.007096647712276289
2020-01-14,raw,treatment_u,0.03417399160465161
2020-01-15,raw,treatment_u,0.054251835177630686
2020-01-16,raw,treatment_u,-0.061004987485548834
2020-01-17,raw,treatment_u,-0.02425455465114117
2020-01-21,raw,treatment_u,-0.07044578079797344
2020-01-22,raw,treatment_u,-0.06414149545537398
2020-01-23,raw,treatment_u,-0.07849091629894668
2020-01-24,raw,treatment_u,-0.01626346742922292
2020-01-27,raw,treatment_u,0.0047804534111231724
2020-01-28,raw,treatment_u,-0.0011329979592596458
2020-01-29,raw,treatment_u,0.005211023278573869
2020-01-30,raw,treatment_u,0.022387066559799978
2020-01-31,raw,treatment_u,0.02114632204159648
2020-02-03,raw,treatment_u,-0.02596012234359034
2020-02-04,raw,treatment_u,-0.03686813151250797
2020-02-05,raw,treatment_u,-0.016206683699532
2020-02-06,raw,treatment_u,0.014942610179967019
2020-02-07,raw,treatment_u,0.04566665589180749
2020-02-10,raw,treatment_u,0.007747293584834369
2020-02-11,raw,treatment_u,0.032957778057987726
2020-02-12,raw,treatment_u,0.10739204477676635
2020-02-13,raw,treatment_u,0.06301842599469261
2020-02-14,raw,treatment_u,0.07541979375025872
2020-02-18,raw,treatment_u,0.06073812249230431
2020-02-19,raw,treatment_u,0.03266049630588888
2020-02-20,raw,treatment_u,-0.0097887570501561
2020-02-21,raw,treatment_u,0.05665207611208294
2020-02-24,raw,treatment_u,0.07992648215217388
2020-02-25,raw,treatment_u,0.03635591769626399
2020-02-26,raw,treatment_u,0.12853848030511128
2020-02-27,raw,treatment_u,0.10361508941792681
2020-02-28,raw,treatment_u,0.05904149614099459
2020-03-02,raw,treatment_u,0.0559422442683313
2020-03-03,raw,treatment_u,-0.01028725270041643
2020-03-04,raw,treatment_u,0.07049742987790374
2020-03-05,raw,treatment_u,0.08164562820006732
2020-03-06,raw,treatment_u,0.13140269798679297
2020-03-09,raw,treatment_u,0.1929986763148684
2020-03-10,raw,treatment_u,0.159766996040139
2020-03-11,raw,treatment_u,0.18967677685643203
2020-03-12,raw,treatment_u,0.22770400454131037
2020-03-13,raw,treatment_u,0.17567918980670624
2020-03-16,raw,treatment_u,0.186406514092268
2020-03-17,raw,treatment_u,0.25262483083738324
2020-03-18,raw,treatment_u,0.2766205380910831
2020-03-19,raw,treatment_u,0.27629689141652797
2020-03-20,raw,treatment_u,0.37011159343698236
2020-03-23,raw,treatment_u,0.23278165397646464
2020-03-24,raw,treatment_u,0.22003977160364688
2020-03-25,raw,treatment_u,0.2218568977624088
2020-03-26,raw,treatment_u,0.2277926467509881
2020-03-27,raw,treatment_u,0.2550553715579187
2020-03-30,raw,treatment_u,0.272135558651718
2020-03-31,raw,treatment_u,0.23645633294895993
2020-04-01,raw,treatment_u,0.19345670003416787
2020-04-02,raw,treatment_u,0.16798098090737568
2020-04-03,raw,treatment_u,0.15924841152283475
2020-04-06,raw,treatment_u,0.11622967688638025
2020-04-07,raw,treatment_u,0.18562241880717587
2020-04-08,raw,treatment_u,0.1113683752448666
2020-04-09,raw,treatment_u,0.08913502774567669
2020-04-13,raw,treatment_u,0.07459318473493318
2020-04-14,raw,treatment_u,0.024162597596676955
2020-04-15,raw,treatment_u,0.008560438107172927
2020-04-16,raw,treatment_u,0.1668998811865161
2020-04-17,raw,treatment_u,0.13005300259352745
2020-04-20,raw,treatment_u,0.1545443942320695
2020-04-21,raw,treatment_u,0.12649428473627997
2020-04-22,raw,treatment_u,0.18247425396674247
2020-04-23,raw,treatment_u,0.1530189722159489
2020-04-24,raw,treatment_u,0.22466405629076439
2020-04-27,raw,treatment_u,0.16003185851494364
2020-04-28,raw,treatment_u,0.2228439621405522
2020-04-29,raw,treatment_u,0.2242551326917181
2020-04-30,raw,treatment_u,0.22978416547359526
2020-05-01,raw,treatment_u,0.28893291145450195
2020-05-04,raw,treatment_u,0.27182159705138914
2020-05-05,raw,treatment_u,0.20388394863530235
2020-05-06,raw,treatment_u,0.22401807064694595
2020-05-07,raw,treatment_u,0.24185913038172904
2020-05-08,raw,treatment_u,0.1756170027735255
2020-05-11,raw,treatment_u,0.20488917802746606
2020-05-12,raw,treatment_u,0.18650646198421977
2020-05-13,raw,treatment_u,0.21876462349789286
2020-05-14,raw,treatment_u,0.21998325683659592
2020-05-15,raw,treatment_u,0.2128092207836277
2020-05-18,raw,treatment_u,0.23570545290537626
2020-05-19,raw,treatment_u,0.19378968803116964
2020-05-20,raw,treatment_u,0.2176077615295725
2020-05-21,raw,treatment_u,0.18081907367031755
2020-05-22,raw,treatment_u,0.1869606473049137
2020-05-26,raw,treatment_u,0.21128650553128753
2020-05-27,raw,treatment_u,0.21340372098402194
2020-05-28,raw,treatment_u,0.2803070781481245
2020-05-29,raw,treatment_u,0.3014673134289075
2020-06-01,raw,treatment_u,0.22129827238471608
2020-06-02,raw,treatment_u,0.22873535447989046
2020-06-03,raw,treatment_u,0.24888479041122546
2020-06-04,raw,treatment_u,0.25833828462834413
2020-06-05,raw,treatment_u,0.08980092650394778
2020-06-08,raw,treatment_u,0.17702211901502263
2020-06-09,raw,treatment_u,0.12383217905303627
2020-06-10,raw,treatment_u,0.10580551127826213
2020-06-11,raw,treatment_u,0.20629248607316858
2020-06-12,raw,treatment_u,0.20133189755747535
2020-06-15,raw,treatment_u,0.17219279112982006
2020-06-16,raw,treatment_u,0.20597896463070048
2020-06-17,raw,treatment_u,0.23211841172830355
2020-06-18,raw,treatment_u,0.23404120851627436
2020-06-19,raw,treatment_u,0.20972255343679297
2020-06-22,raw,treatment_u,0.213241963922039
2020-06-23,raw,treatment_u,0.20795449538394126
2020-06-24,raw,treatment_u,0.24983092785435762
2020-06-25,raw,treatment_u,0.22396623216640366
2020-06-26,raw,treatment_u,0.22525249787053445
2020-06-29,raw,treatment_u,0.19829883028602957
2020-06-30,raw,treatment_u,0.22318931427086636
2020-07-01,raw,treatment_u,0.18712137541474666
2020-07-02,raw,treatment_u,0.201330375700219
2020-07-06,raw,treatment_u,0.13927277642751035
2020-07-07,raw,treatment_u,0.1470660432704987
2020-07-08,raw,treatment_u,0.18739196079259132
2020-07-09,raw,treatment_u,0.1387023847468094
2020-07-10,raw,treatment_u,0.12791960176763667
2020-07-13,raw,treatment_u,0.14385966575392467
2020-07-14,raw,treatment_u,0.13815825715408173
2020-07-15,raw,treatment_u,0.1348775414590955
2020-07-16,raw,treatment_u,0.17606201382854358
2020-07-17,raw,treatment_u,0.2023225473731727
2020-07-20,raw,treatment_u,0.1996867472368003
2020-07-21,raw,treatment_u,0.16803318475902834
2020-07-22,raw,treatment_u,0.1636379348610536
2020-07-23,raw,treatment_u,0.17720557076739185
2020-07-24,raw,treatment_u,0.22078521400296935
2020-07-27,raw,treatment_u,0.15358046568836586
2020-07-28,raw,treatment_u,0.17741109375462516
2020-07-29,raw,treatment_u,0.1776797677963382
2020-07-30,raw,treatment_u,0.23426569385700044
2020-07-31,raw,treatment_u,0.2554505250520743
2020-08-03,raw,treatment_u,0.2748660862713905
2020-08-04,raw,treatment_u,0.22596722818399168
2020-08-05,raw,treatment_u,0.2261418516977602
2020-08-06,raw,treatment_u,0.22681838607846808
2020-08-07,raw,treatment_u,0.2051284250325655
2020-08-10,raw,treatment_u,0.19541902189492416
2020-08-11,raw,treatment_u,0.22940480572967958
2020-08-12,raw,treatment_u,0.20465614110485184
2020-08-13,raw,treatment_u,0.22031116183820815
2020-08-14,raw,treatment_u,0.20919863184694343
2020-08-17,raw,treatment_u,0.17819968088133967
2020-08-18,raw,treatment_u,0.1847823523745029
2020-08-19,raw,treatment_u,0.21954780341067662
2020-08-20,raw,treatment_u,0.18781366671615815
2020-08-21,raw,treatment_u,0.19435244234794521
2020-08-24,raw,treatment_u,0.2174217949507755
2020-08-25,raw,treatment_u,0.21079299723035427
2020-08-26,raw,treatment_u,0.2116548374719274
2020-08-27,raw,treatment_u,0.24281430073705298
2020-08-28,raw,treatment_u,0.22482331967086158
2020-08-31,raw,treatment_u,0.17748372706509957
2020-09-01,raw,treatment_u,0.20302721695430323
2020-09-02,raw,treatment_u,0.18234753616612287
2020-09-03,raw,treatment_u,0.15926048653970554
2020-09-04,raw,treatment_u,0.19295797232523212
2020-09-08,raw,treatment_u,0.24175564446183978
2020-09-09,raw,treatment_u,0.22340000846305094
2020-09-10,raw,treatment_u,0.259675976729684
2020-09-11,raw,treatment_u,0.24834151908271065
2020-09-14,raw,treatment_u,0.19042790332700413
2020-09-15,raw,treatment_u,0.19799967513354103
2020-09-16,raw,treatment_u,0.1544039206947334
2020-09-17,raw,treatment_u,0.1943721211888378
2020-09-18,raw,treatment_u,0.17620848988094528
2020-09-21,raw,treatment_u,0.16189325188328688
2020-09-22,raw,treatment_u,0.15108861479736696
2020-09-23,raw,treatment_u,0.18583900187758884
2020-09-24,raw,treatment_u,0.13196636459059397
2020-09-25,raw,treatment_u,0.14937859363307673
2020-09-28,raw,treatment_u,0.14308945331054684
2020-09-29,raw,treatment_u,0.1297248380874721
2020-09-30,raw,treatment_u,0.08641000475993921
2020-10-01,raw,treatment_u,0.06349240093485245
2020-10-02,raw,treatment_u,0.08568582027903035
2020-10-05,raw,treatment_u,0.05069528374542964
2020-10-06,raw,treatment_u,0.06114881006889093
2020-10-07,raw,treatment_u,0.10688172802387623
2020-10-08,raw,treatment_u,0.11366794008161102
2020-10-09,raw,treatment_u,0.10295484542325921
2020-10-12,raw,treatment_u,0.10467301464771772
2020-10-13,raw,treatment_u,0.09158822139917411
2020-10-14,raw,treatment_u,0.14814785136227743
2020-10-15,raw,treatment_u,0.09428946623435402
2020-10-16,raw,treatment_u,0.15613837249313936
2020-10-19,raw,treatment_u,0.18989522582316548
2020-10-20,raw,treatment_u,0.1450771050288555
2020-10-21,raw,treatment_u,0.2277832299429757
2020-10-22,raw,treatment_u,0.20551532674052342
2020-10-23,raw,treatment_u,0.19314957895346355
2020-10-26,raw,treatment_u,0.17970239039340896
2020-10-27,raw,treatment_u,0.21186381018241132
2020-10-28,raw,treatment_u,0.23095066755312654
2020-10-29,raw,treatment_u,0.24137565978640824
2020-10-30,raw,treatment_u,0.25077865861733484
2020-11-02,raw,treatment_u,0.2434740343063595
2020-11-03,raw,treatment_u,0.27830049898730197
2020-11-04,raw,treatment_u,0.25664033332284686
2020-11-05,raw,treatment_u,0.2314065360732871
2020-11-06,raw,treatment_u,0.23397912433943452
2020-11-09,raw,treatment_u,0.15912085223993305
2020-11-10,raw,treatment_u,0.17255009915107639
2020-11-11,raw,treatment_u,0.15487875943352625
2020-11-12,raw,treatment_u,0.1659044804939129
2020-11-13,raw,treatment_u,0.1519288169144002
2020-11-16,raw,treatment_u,0.1732671315036473
2020-11-17,raw,treatment_u,0.1636284938944629
2020-11-18,raw,treatment_u,0.09083809413832486
2020-11-19,raw,treatment_u,0.13629542630671784
2020-11-20,raw,treatment_u,0.06681434451960082
2020-11-23,raw,treatment_u,0.039144177719063464
2020-11-24,raw,treatment_u,0.01366413529736344
2020-11-25,raw,treatment_u,0.012596494783266216
2020-11-27,raw,treatment_u,-0.02113763702647746
2020-11-30,raw,treatment_u,0.047911302960476736
2020-12-01,raw,treatment_u,0.0611962264169361
2020-12-02,raw,treatment_u,0.11571739326134306
2020-12-03,raw,treatment_u,0.02650556819935121
2020-12-04,raw,treatment_u,0.01948145889171412
2020-12-07,raw,treatment_u,0.017705218672507482
2020-12-08,raw,treatment_u,0.025565518054307936
2020-12-09,raw,treatment_u,0.07583926703808513
2020-12-10,raw,treatment_u,0.025648228121044336
2020-12-11,raw,treatment_u,0.09219589506368324
2020-12-14,raw,treatment_u,0.08360474052289063
2020-12-15,raw,treatment_u,0.030144325807054874
2020-12-16,raw,treatment_u,0.08180383020114063
2020-12-17,raw,treatment_u,0.08705049859187075
2020-12-18,raw,treatment_u,0.09363126616875453
2020-12-21,raw,treatment_u,0.08486871946931426
2020-12-22,raw,treatment_u,0.10109963122463814
2020-12-23,raw,treatment_u,0.01697447240614455
2020-12-24,raw,treatment_u,0.11151965112615143
2020-12-28,raw,treatment_u,0.14506405188168614
2020-12-29,raw,treatment_u,0.16453576732479402
2020-12-30,raw,treatment_u,0.16386409295319945
2020-12-31,raw,treatment_u,0.1265501711382603
2021-01-04,raw,treatment_u,0.1668697134174359
2021-01-05,raw,treatment_u,0.10834084653921805
2021-01-06,raw,treatment_u,0.13926197549701053
2021-01-07,raw,treatment_u,0.0621622818893508
2021-01-08,raw,treatment_u,0.10105205766244213
2021-01-11,raw,treatment_u,0.07192362474226882
2021-01-12,raw,treatment_u,0.04217984084416184
2021-01-13,raw,treatment_u,0.022625609699646575
2021-01-14,raw,treatment_u,-0.019303266556463927
2021-01-15,raw,treatment_u,0.0379335035276777
2021-01-19,raw,treatment_u,0.02972729590984425
2021-01-20,raw,treatment_u,0.0235860773921992
2021-01-21,raw,treatment_u,-0.007745481021663777
2021-01-22,raw,treatment_u,-0.06126976997583273
2021-01-25,raw,treatment_u,-0.05933268897724606
2021-01-26,raw,treatment_u,-0.05172542828161801
2021-01-27,raw,treatment_u,-0.03738430450379758
2021-01-28,raw,treatment_u,-0.044457987932216295
2021-01-29,raw,treatment_u,-0.05627876629185106
2021-02-01,raw,treatment_u,-0.08289079966764798
2021-02-02,raw,treatment_u,-0.11074678094795806
2021-02-03,raw,treatment_u,-0.11506180720386408
2021-02-04,raw,treatment_u,-0.07080724965123597
2021-02-05,raw,treatment_u,-0.08349450760438605
2021-02-08,raw,treatment_u,-0.14605690865115534
2021-02-09,raw,treatment_u,-0.15529354986557037
2021-02-10,raw,treatment_u,-0.14155286078958312
2021-02-11,raw,treatment_u,-0.13071362119212035
2021-02-12,raw,treatment_u,-0.11142662644911269
2021-02-16,raw,treatment_u,-0.11824921283553631
2021-02-17,raw,treatment_u,-0.11234475993695096
2021-02-18,raw,treatment_u,-0.10957901287508583
2021-02-19,raw,treatment_u,-0.12954585036929148
2021-02-22,raw,treatment_u,-0.09037517528539597
2021-02-23,raw,treatment_u,-0.059810072420159247
2021-02-24,raw,treatment_u,-0.09107911418321414
2021-02-25,raw,treatment_u,-0.06556139265996996
2021-02-26,raw,treatment_u,-0.08371650275442698
2021-03-01,raw,treatment_u,-0.09927785732470587
2021-03-02,raw,treatment_u,-0.07872372738962341
2021-03-03,raw,treatment_u,-0.03788072423704522
2021-03-04,raw,treatment_u,0.01657200459354387
2021-03-05,raw,treatment_u,0.08421368768570603
2021-03-08,raw,treatment_u,0.08586963583655202
2021-03-09,raw,treatment_u,0.05542270286186651
2021-03-10,raw,treatment_u,0.08636043507786836
2021-03-11,raw,treatment_u,0.04199416836846111
2021-03-12,raw,treatment_u,0.10255653257972464
2021-03-15,raw,treatment_u,0.06184014661807433
2021-03-16,raw,treatment_u,0.1230090752384396
2021-03-17,raw,treatment_u,0.11282042455382918
2021-03-18,raw,treatment_u,0.11399496592782911
2021-03-19,raw,treatment_u,0.10405102648890131
2021-03-22,raw,treatment_u,0.09597300374172911
2021-03-23,raw,treatment_u,0.0641988464615334
2021-03-24,raw,treatment_u,0.1359473060339483
2021-03-25,raw,treatment_u,0.1766393418665131
2021-03-26,raw,treatment_u,0.20649747917817576
2021-03-29,raw,treatment_u,0.20853549739411362
2021-03-30,raw,treatment_u,0.13403225526622076
2021-03-31,raw,treatment_u,0.118244950692725
2021-04-01,raw,treatment_u,0.11184885549289288
2021-04-05,raw,treatment_u,0.032040543929791915
2021-04-06,raw,treatment_u,0.03409645578985939
2021-04-07,raw,treatment_u,0.01930882199790627
2021-04-08,raw,treatment_u,-0.008175416990620847
2021-04-09,raw,treatment_u,-0.03070213838122797
2021-04-12,raw,treatment_u,-0.02149247584624494
2021-04-13,raw,treatment_u,-0.03184191668109981
2021-04-14,raw,treatment_u,-0.01831445827164094
2021-04-15,raw,treatment_u,-0.01767333186516999
2016-12-29,raw,treatment_u_residualised,0.006029769109917357
2016-12-30,raw,treatment_u_residualised,0.055153176347580754
2017-01-03,raw,treatment_u_residualised,0.1184821471181505
2017-01-04,raw,treatment_u_residualised,0.0428635362449442
2017-01-05,raw,treatment_u_residualised,0.054771904005849775
2017-01-06,raw,treatment_u_residualised,0.03399022505163763
2017-01-09,raw,treatment_u_residualised,0.027540473211208047
2017-01-10,raw,treatment_u_residualised,0.007126927425555686
2017-01-11,raw,treatment_u_residualised,0.0431295433669172
2017-01-12,raw,treatment_u_residualised,0.042285193611679206
2017-01-13,raw,treatment_u_residualised,0.011723741596428597
2017-01-17,raw,treatment_u_residualised,-0.02449666549134321
2017-01-18,raw,treatment_u_residualised,0.031058515394733845
2017-01-19,raw,treatment_u_residualised,0.03649589554701794
2017-01-20,raw,treatment_u_residualised,0.04271973245734894
2017-01-23,raw,treatment_u_residualised,0.044282469376740505
2017-01-24,raw,treatment_u_residualised,0.048859565267413294
2017-01-25,raw,treatment_u_residualised,0.05130795253877768
2017-01-26,raw,treatment_u_residualised,0.047406407714393896
2017-01-27,raw,treatment_u_residualised,0.03292817785263097
2017-01-30,raw,treatment_u_residualised,0.03497132187574015
2017-01-31,raw,treatment_u_residualised,0.04115074845094839
2017-02-01,raw,treatment_u_residualised,0.019545260253205167
2017-02-02,raw,treatment_u_residualised,-0.015875619055595685
2017-02-03,raw,treatment_u_residualised,-0.01237855444493164
2017-02-06,raw,treatment_u_residualised,0.01757932553764973
2017-02-07,raw,treatment_u_residualised,-0.025443430658521567
2017-02-08,raw,treatment_u_residualised,-0.010795407289307748
2017-02-09,raw,treatment_u_residualised,-0.01117661479577152
2017-02-10,raw,treatment_u_residualised,-0.03709570480656908
2017-02-13,raw,treatment_u_residualised,-0.0293125052716856
2017-02-14,raw,treatment_u_residualised,-0.026218353247999836
2017-02-15,raw,treatment_u_residualised,-0.036267186897988676
2017-02-16,raw,treatment_u_residualised,-0.0035375267852652097
2017-02-17,raw,treatment_u_residualised,-0.0214942293640921
2017-02-21,raw,treatment_u_residualised,-0.047451150675341086
2017-02-22,raw,treatment_u_residualised,-0.03810230720608454
2017-02-23,raw,treatment_u_residualised,-0.014140271090881314
2017-02-24,raw,treatment_u_residualised,-0.015586469942787241
2017-02-27,raw,treatment_u_residualised,-0.035694225600197235
2017-02-28,raw,treatment_u_residualised,-0.029198154292197926
2017-03-01,raw,treatment_u_residualised,-0.03158905080514774
2017-03-02,raw,treatment_u_residualised,0.0012722408169443672
2017-03-03,raw,treatment_u_residualised,0.014660580519761296
2017-03-06,raw,treatment_u_residualised,-0.0020860535759721285
2017-03-07,raw,treatment_u_residualised,0.005671296766487428
2017-03-08,raw,treatment_u_residualised,-0.02026048698430604
2017-03-09,raw,treatment_u_residualised,-0.03151005165300222
2017-03-10,raw,treatment_u_residualised,-0.00040624094200050753
2017-03-13,raw,treatment_u_residualised,-0.002467338181021593
2017-03-14,raw,treatment_u_residualised,0.000581938628785604
2017-03-15,raw,treatment_u_residualised,-0.020214898941636125
2017-03-16,raw,treatment_u_residualised,-0.02204178626679132
2017-03-17,raw,treatment_u_residualised,-0.01880475452604615
2017-03-20,raw,treatment_u_residualised,-0.03532200079197901
2017-03-21,raw,treatment_u_residualised,-0.01665907902967204
2017-03-22,raw,treatment_u_residualised,-0.019114657346126655
2017-03-23,raw,treatment_u_residualised,-0.012992444643003996
2017-03-24,raw,treatment_u_residualised,-0.020035703949041268
2017-03-27,raw,treatment_u_residualised,-0.01695796330751297
2017-03-28,raw,treatment_u_residualised,-0.011067115049570121
2017-03-29,raw,treatment_u_residualised,0.00462323002126977
2017-03-30,raw,treatment_u_residualised,0.006645381306894724
2017-03-31,raw,treatment_u_residualised,-0.025137566176372764
2017-04-03,raw,treatment_u_residualised,-0.028346630520449008
2017-04-04,raw,treatment_u_residualised,-0.007312681195619251
2017-04-05,raw,treatment_u_residualised,-0.004899966344042675
2017-04-06,raw,treatment_u_residualised,0.010044361892029084
2017-04-07,raw,treatment_u_residualised,0.01095048274179218
2017-04-10,raw,treatment_u_residualised,0.007394344127735167
2017-04-11,raw,treatment_u_residualised,0.01381084250429676
2017-04-12,raw,treatment_u_residualised,0.019568029176044943
2017-04-13,raw,treatment_u_residualised,0.015844154179903827
2017-04-17,raw,treatment_u_residualised,0.007670224514268534
2017-04-18,raw,treatment_u_residualised,0.03973920279410627
2017-04-19,raw,treatment_u_residualised,0.04182332589499233
2017-04-20,raw,treatment_u_residualised,0.047955983183278164
2017-04-21,raw,treatment_u_residualised,0.04923224693528501
2017-04-24,raw,treatment_u_residualised,0.05676308374879505
2017-04-25,raw,treatment_u_residualised,0.10029169074104233
2017-04-26,raw,treatment_u_residualised,0.08715520648540034
2017-04-27,raw,treatment_u_residualised,0.07966854955436478
2017-04-28,raw,treatment_u_residualised,0.07787721556297775
2017-05-01,raw,treatment_u_residualised,0.04380397124813209
2017-05-02,raw,treatment_u_residualised,0.09110112486321878
2017-05-03,raw,treatment_u_residualised,0.06892041146256614
2017-05-04,raw,treatment_u_residualised,0.09351970804991765
2017-05-05,raw,treatment_u_residualised,0.03545321165043216
2017-05-08,raw,treatment_u_residualised,0.031266245803807574
2017-05-09,raw,treatment_u_residualised,0.016972926922175287
2017-05-10,raw,treatment_u_residualised,-0.016795431495055177
2017-05-11,raw,treatment_u_residualised,4.166957385068337e-05
2017-05-12,raw,treatment_u_residualised,0.05338479790847856
2017-05-15,raw,treatment_u_residualised,0.057890658598654
2017-05-16,raw,treatment_u_residualised,0.0428843628388582
2017-05-17,raw,treatment_u_residualised,0.08014523020325154
2017-05-18,raw,treatment_u_residualised,0.0780889345114165
2017-05-19,raw,treatment_u_residualised,0.07616732932970086
2017-05-22,raw,treatment_u_residualised,0.07474011750665019
2017-05-23,raw,treatment_u_residualised,0.09175305514637097
2017-05-24,raw,treatment_u_residualised,0.09358700065372284
2017-05-25,raw,treatment_u_residualised,0.09573981929674816
2017-05-26,raw,treatment_u_residualised,0.09095886474026546
2017-05-30,raw,treatment_u_residualised,0.08935747121290191
2017-05-31,raw,treatment_u_residualised,0.09294912876646913
2017-06-01,raw,treatment_u_residualised,0.0971413278506076
2017-06-02,raw,treatment_u_residualised,0.09894206524276346
2017-06-05,raw,treatment_u_residualised,0.09448144988407534
2017-06-06,raw,treatment_u_residualised,0.08872233955082441
2017-06-07,raw,treatment_u_residualised,0.08104012040044611
2017-06-08,raw,treatment_u_residualised,0.08156998032601184
2017-06-09,raw,treatment_u_residualised,0.06724128859668253
2017-06-12,raw,treatment_u_residualised,0.055041013647147835
2017-06-13,raw,treatment_u_residualised,0.0498607063483137
2017-06-14,raw,treatment_u_residualised,0.03211166981266224
2017-06-15,raw,treatment_u_residualised,0.04264641838617424
2017-06-16,raw,treatment_u_residualised,0.050295382809979486
2017-06-19,raw,treatment_u_residualised,0.04428658330747881
2017-06-20,raw,treatment_u_residualised,0.015459502869231465
2017-06-21,raw,treatment_u_residualised,0.004557482675151242
2017-06-22,raw,treatment_u_residualised,0.001339288566945436
2017-06-23,raw,treatment_u_residualised,-0.0008592700917157067
2017-06-26,raw,treatment_u_residualised,0.005069407498511518
2017-06-27,raw,treatment_u_residualised,0.015305921920523921
2017-06-28,raw,treatment_u_residualised,0.003187884830145253
2017-06-29,raw,treatment_u_residualised,0.01596359594815598
2017-06-30,raw,treatment_u_residualised,0.03264127611241923
2017-07-03,raw,treatment_u_residualised,0.033974922237747576
2017-07-05,raw,treatment_u_residualised,0.026868680920993135
2017-07-06,raw,treatment_u_residualised,0.005278331371098038
2017-07-07,raw,treatment_u_residualised,0.0015685823036949362
2017-07-10,raw,treatment_u_residualised,-0.00842675597169424
2017-07-11,raw,treatment_u_residualised,-0.019099024481992976
2017-07-12,raw,treatment_u_residualised,-0.005692027230663657
2017-07-13,raw,treatment_u_residualised,-0.025000288982767647
2017-07-14,raw,treatment_u_residualised,0.014880166563820046
2017-07-17,raw,treatment_u_residualised,0.01724445210002204
2017-07-18,raw,treatment_u_residualised,0.006638346791263648
2017-07-19,raw,treatment_u_residualised,-0.018927107047900883
2017-07-20,raw,treatment_u_residualised,-0.0370820792584354
2017-07-21,raw,treatment_u_residualised,-0.0017315239883477287
2017-07-24,raw,treatment_u_residualised,-0.03796170592211781
2017-07-25,raw,treatment_u_residualised,-0.010600665870017453
2017-07-26,raw,treatment_u_residualised,0.002107913535372166
2017-07-27,raw,treatment_u_residualised,0.0026018105814361314
2017-07-28,raw,treatment_u_residualised,0.0070491126181085675
2017-07-31,raw,treatment_u_residualised,0.02416257288856976
2017-08-01,raw,treatment_u_residualised,0.024967347256845608
2017-08-02,raw,treatment_u_residualised,0.07001864675171049
2017-08-03,raw,treatment_u_residualised,0.03309708721390882
2017-08-04,raw,treatment_u_residualised,0.009085463729468023
2017-08-07,raw,treatment_u_residualised,0.005696491972443346
2017-08-08,raw,treatment_u_residualised,0.0068986321720057725
2017-08-09,raw,treatment_u_residualised,0.07807561359879925
2017-08-10,raw,treatment_u_residualised,0.08008717918572153
2017-08-11,raw,treatment_u_residualised,-0.0035596880248706803
2017-08-14,raw,treatment_u_residualised,-0.025794748232946963
2017-08-15,raw,treatment_u_residualised,0.004171944528567756
2017-08-16,raw,treatment_u_residualised,-0.006119807324933564
2017-08-17,raw,treatment_u_residualised,0.01688692481679329
2017-08-18,raw,treatment_u_residualised,2.222084467400076e-05
2017-08-21,raw,treatment_u_residualised,0.005600814942074636
2017-08-22,raw,treatment_u_residualised,0.05513565765580681
2017-08-23,raw,treatment_u_residualised,-1.7352616801601106e-05
2017-08-24,raw,treatment_u_residualised,0.009683381531036137
2017-08-25,raw,treatment_u_residualised,0.00765751165446938
2017-08-28,raw,treatment_u_residualised,0.008129830526771194
2017-08-29,raw,treatment_u_residualised,0.03196404026568516
2017-08-30,raw,treatment_u_residualised,0.04960000470035903
2017-08-31,raw,treatment_u_residualised,0.04899676470624506
2017-09-01,raw,treatment_u_residualised,0.014160095010355457
2017-09-05,raw,treatment_u_residualised,0.044187696293191914
2017-09-06,raw,treatment_u_residualised,0.004018973411537091
2017-09-07,raw,treatment_u_residualised,-0.017212005955004134
2017-09-08,raw,treatment_u_residualised,-0.02435221868573865
2017-09-11,raw,treatment_u_residualised,-0.006233088817141033
2017-09-12,raw,treatment_u_residualised,0.00263193529555196
2017-09-13,raw,treatment_u_residualised,0.013736621132860498
2017-09-14,raw,treatment_u_residualised,-0.014582675927762568
2017-09-15,raw,treatment_u_residualised,0.029782119746563834
2017-09-18,raw,treatment_u_residualised,-0.014223208529818537
2017-09-19,raw,treatment_u_residualised,-0.013881168950662808
2017-09-20,raw,treatment_u_residualised,0.04228933366319559
2017-09-21,raw,treatment_u_residualised,0.026036983425183215
2017-09-22,raw,treatment_u_residualised,-0.0031685814443851504
2017-09-25,raw,treatment_u_residualised,-0.0544650052186348
2017-09-26,raw,treatment_u_residualised,-0.01665262979006436
2017-09-27,raw,treatment_u_residualised,-0.006457358340610821
2017-09-28,raw,treatment_u_residualised,-0.001833745765276694
2017-09-29,raw,treatment_u_residualised,-0.00784975057228211
2017-10-02,raw,treatment_u_residualised,-0.008298202444040479
2017-10-03,raw,treatment_u_residualised,-0.021192287953302413
2017-10-04,raw,treatment_u_residualised,-0.0505150118995053
2017-10-05,raw,treatment_u_residualised,-0.04318971216075039
2017-10-06,raw,treatment_u_residualised,-0.045938689235643704
2017-10-09,raw,treatment_u_residualised,-0.03150570215746557
2017-10-10,raw,treatment_u_residualised,0.02375273835570392
2017-10-11,raw,treatment_u_residualised,-0.00016733822068016116
2017-10-12,raw,treatment_u_residualised,0.016967898363094553
2017-10-13,raw,treatment_u_residualised,0.025511575455863737
2017-10-16,raw,treatment_u_residualised,-0.02177318081907746
2017-10-17,raw,treatment_u_residualised,-0.025054491789519653
2017-10-18,raw,treatment_u_residualised,-0.02988798039944124
2017-10-19,raw,treatment_u_residualised,-0.048184076147821275
2017-10-20,raw,treatment_u_residualised,-0.05046242721880123
2017-10-23,raw,treatment_u_residualised,-0.02690728962231212
2017-10-24,raw,treatment_u_residualised,-0.0029326854459447004
2017-10-25,raw,treatment_u_residualised,-0.020114997193641987
2017-10-26,raw,treatment_u_residualised,-0.0026657909606977353
2017-10-27,raw,treatment_u_residualised,-0.01012735609824333
2017-10-30,raw,treatment_u_residualised,-0.0284179584580204
2017-10-31,raw,treatment_u_residualised,-0.03563237092902553
2017-11-01,raw,treatment_u_residualised,-0.026273964036953385
2017-11-02,raw,treatment_u_residualised,-0.013207878936925854
2017-11-03,raw,treatment_u_residualised,-0.03413370080344336
2017-11-06,raw,treatment_u_residualised,-0.028584281950115066
2017-11-07,raw,treatment_u_residualised,-0.03486399775981426
2017-11-08,raw,treatment_u_residualised,-0.030986369864489292
2017-11-09,raw,treatment_u_residualised,-0.0239084222468992
2017-11-10,raw,treatment_u_residualised,0.027988189266847624
2017-11-13,raw,treatment_u_residualised,0.028842981151916497
2017-11-14,raw,treatment_u_residualised,0.031101039826429543
2017-11-15,raw,treatment_u_residualised,0.038172031852067904
2017-11-16,raw,treatment_u_residualised,-0.0439942244083276
2017-11-17,raw,treatment_u_residualised,-0.010550204133900067
2017-11-20,raw,treatment_u_residualised,-0.019621255137380538
2017-11-21,raw,treatment_u_residualised,-0.010903173019702743
2017-11-22,raw,treatment_u_residualised,0.013656962321953892
2017-11-24,raw,treatment_u_residualised,-0.000130786572605927
2017-11-27,raw,treatment_u_residualised,0.0232835780666091
2017-11-28,raw,treatment_u_residualised,0.03484645869238798
2017-11-29,raw,treatment_u_residualised,0.019383330571086547
2017-11-30,raw,treatment_u_residualised,0.027371502675451118
2017-12-01,raw,treatment_u_residualised,0.05517758635645501
2017-12-04,raw,treatment_u_residualised,0.0922150307597456
2017-12-05,raw,treatment_u_residualised,0.08183296971070766
2017-12-06,raw,treatment_u_residualised,0.06857359780517511
2017-12-07,raw,treatment_u_residualised,0.06706056213229616
2017-12-08,raw,treatment_u_residualised,0.05773512028347489
2017-12-11,raw,treatment_u_residualised,0.062222258853284904
2017-12-12,raw,treatment_u_residualised,0.07931225138880307
2017-12-13,raw,treatment_u_residualised,0.08212135280625682
2017-12-14,raw,treatment_u_residualised,0.07328025311590719
2017-12-15,raw,treatment_u_residualised,0.06128366150013756
2017-12-18,raw,treatment_u_residualised,0.07503163412222315
2017-12-19,raw,treatment_u_residualised,0.0380312456809228
2017-12-20,raw,treatment_u_residualised,0.045709862256503433
2017-12-21,raw,treatment_u_residualised,0.01752000022955342
2017-12-22,raw,treatment_u_residualised,0.015756979963413888
2017-12-26,raw,treatment_u_residualised,0.010773861767364175
2017-12-27,raw,treatment_u_residualised,0.01037990624070332
2017-12-28,raw,treatment_u_residualised,0.0068841097667539375
2017-12-29,raw,treatment_u_residualised,0.005516030722990534
2018-01-02,raw,treatment_u_residualised,0.022947431550077498
2018-01-03,raw,treatment_u_residualised,-0.010700073191634856
2018-01-04,raw,treatment_u_residualised,-0.015504771884892873
2018-01-05,raw,treatment_u_residualised,-0.013071816862557038
2018-01-08,raw,treatment_u_residualised,0.01979747960074684
2018-01-09,raw,treatment_u_residualised,-0.003815908855021123
2018-01-10,raw,treatment_u_residualised,-0.010057180658103845
2018-01-11,raw,treatment_u_residualised,0.028655882136661724
2018-01-12,raw,treatment_u_residualised,-0.015773328854295957
2018-01-16,raw,treatment_u_residualised,0.014852188115604865
2018-01-17,raw,treatment_u_residualised,0.03168973483831326
2018-01-18,raw,treatment_u_residualised,0.011893172405078277
2018-01-19,raw,treatment_u_residualised,-0.015248977835965183
2018-01-22,raw,treatment_u_residualised,0.01595262848267716
2018-01-23,raw,treatment_u_residualised,0.01740538115802006
2018-01-24,raw,treatment_u_residualised,0.017069374889164057
2018-01-25,raw,treatment_u_residualised,0.00908404844246034
2018-01-26,raw,treatment_u_residualised,0.0029890461531655033
2018-01-29,raw,treatment_u_residualised,-0.012303224084999375
2018-01-30,raw,treatment_u_residualised,-0.04062710488763535
2018-01-31,raw,treatment_u_residualised,-0.004153777427306311
2018-02-01,raw,treatment_u_residualised,0.029401208409079643
2018-02-02,raw,treatment_u_residualised,0.0560831715796968
2018-02-05,raw,treatment_u_residualised,0.04974977607195108
2018-02-06,raw,treatment_u_residualised,0.04915456653047788
2018-02-07,raw,treatment_u_residualised,0.020175903131649294
2018-02-08,raw,treatment_u_residualised,0.04775759889186745
2018-02-09,raw,treatment_u_residualised,0.05245550276925706
2018-02-12,raw,treatment_u_residualised,0.07406387255625997
2018-02-13,raw,treatment_u_residualised,0.056127693957383734
2018-02-14,raw,treatment_u_residualised,-0.005078149452819354
2018-02-15,raw,treatment_u_residualised,0.00416411445522431
2018-02-16,raw,treatment_u_residualised,-0.0028187221677108167
2018-02-20,raw,treatment_u_residualised,0.003608710319994284
2018-02-21,raw,treatment_u_residualised,0.04072393956768943
2018-02-22,raw,treatment_u_residualised,0.037050645349247305
2018-02-23,raw,treatment_u_residualised,0.027492623808823013
2018-02-26,raw,treatment_u_residualised,0.027282215792128278
2018-02-27,raw,treatment_u_residualised,0.0335083025294373
2018-02-28,raw,treatment_u_residualised,0.02946824788348138
2018-03-01,raw,treatment_u_residualised,0.019305664107791852
2018-03-02,raw,treatment_u_residualised,0.019962037520036197
2018-03-05,raw,treatment_u_residualised,0.014113899237800787
2018-03-06,raw,treatment_u_residualised,0.027055960875224317
2018-03-07,raw,treatment_u_residualised,0.02546298244942562
2018-03-08,raw,treatment_u_residualised,0.030545124108787458
2018-03-09,raw,treatment_u_residualised,0.031207231692999722
2018-03-12,raw,treatment_u_residualised,0.05252620018590973
2018-03-13,raw,treatment_u_residualised,0.04268640592436576
2018-03-14,raw,treatment_u_residualised,0.05215558191016132
2018-03-15,raw,treatment_u_residualised,0.016546515766723596
2018-03-16,raw,treatment_u_residualised,0.027187629877385457
2018-03-19,raw,treatment_u_residualised,0.03621101526807386
2018-03-20,raw,treatment_u_residualised,0.049060832470866206
2018-03-21,raw,treatment_u_residualised,0.05982846258537967
2018-03-22,raw,treatment_u_residualised,0.07498391526085407
2018-03-23,raw,treatment_u_residualised,0.09531277975726643
2018-03-26,raw,treatment_u_residualised,0.07686742222925735
2018-03-27,raw,treatment_u_residualised,0.08733761017606308
2018-03-28,raw,treatment_u_residualised,0.0868557034366821
2018-03-29,raw,treatment_u_residualised,0.07717955865751047
2018-04-02,raw,treatment_u_residualised,0.06727509592449443
2018-04-03,raw,treatment_u_residualised,0.07441014468918816
2018-04-04,raw,treatment_u_residualised,0.08154376977999471
2018-04-05,raw,treatment_u_residualised,0.08176135307820559
2018-04-06,raw,treatment_u_residualised,0.07814163626023374
2018-04-09,raw,treatment_u_residualised,0.08719507640017046
2018-04-10,raw,treatment_u_residualised,0.0660921093146942
2018-04-11,raw,treatment_u_residualised,0.06757737638788644
2018-04-12,raw,treatment_u_residualised,0.05607721637330309
2018-04-13,raw,treatment_u_residualised,0.06412500558246789
2018-04-16,raw,treatment_u_residualised,0.05036709171196268
2018-04-17,raw,treatment_u_residualised,0.04389098374236763
2018-04-18,raw,treatment_u_residualised,0.043361495378770314
2018-04-19,raw,treatment_u_residualised,0.01378854454493295
2018-04-20,raw,treatment_u_residualised,0.019739311914725603
2018-04-23,raw,treatment_u_residualised,-0.005894558508799578
2018-04-24,raw,treatment_u_residualised,-0.002363747345753262
2018-04-25,raw,treatment_u_residualised,-0.04013804320369557
2018-04-26,raw,treatment_u_residualised,-0.05126295088337281
2018-04-27,raw,treatment_u_residualised,-0.03821113373053869
2018-04-30,raw,treatment_u_residualised,-0.037641892401243375
2018-05-01,raw,treatment_u_residualised,-0.04678750111971605
2018-05-02,raw,treatment_u_residualised,-0.06159265559626149
2018-05-03,raw,treatment_u_residualised,-0.042243255626775195
2018-05-04,raw,treatment_u_residualised,-0.024709716795708735
2018-05-07,raw,treatment_u_residualised,0.023293509866905197
2018-05-08,raw,treatment_u_residualised,-0.0014749385117896335
2018-05-09,raw,treatment_u_residualised,-0.014850459637755622
2018-05-10,raw,treatment_u_residualised,-0.03764251672350194
2018-05-11,raw,treatment_u_residualised,-0.02397070702429282
2018-05-14,raw,treatment_u_residualised,-0.03886530658107156
2018-05-15,raw,treatment_u_residualised,-0.027368251063696697
2018-05-16,raw,treatment_u_residualised,-0.033767668252900666
2018-05-17,raw,treatment_u_residualised,-0.02275817965346373
2018-05-18,raw,treatment_u_residualised,-0.03658493698839604
2018-05-21,raw,treatment_u_residualised,0.011160745533690685
2018-05-22,raw,treatment_u_residualised,-0.013851624820747345
2018-05-23,raw,treatment_u_residualised,-0.020178739814019107
2018-05-24,raw,treatment_u_residualised,-0.026624644650559606
2018-05-25,raw,treatment_u_residualised,-0.03133544924793031
2018-05-29,raw,treatment_u_residualised,-0.058842622438859155
2018-05-30,raw,treatment_u_residualised,-0.0586294680430022
2018-05-31,raw,treatment_u_residualised,-0.09879048142082156
2018-06-01,raw,treatment_u_residualised,-0.10186130705125108
2018-06-04,raw,treatment_u_residualised,-0.07070107461951461
2018-06-05,raw,treatment_u_residualised,-0.07487722688164289
2018-06-06,raw,treatment_u_residualised,-0.05341292350998389
2018-06-07,raw,treatment_u_residualised,-0.09549789322408096
2018-06-08,raw,treatment_u_residualised,-0.05451738112951793
2018-06-11,raw,treatment_u_residualised,-0.04214190240908708
2018-06-12,raw,treatment_u_residualised,-0.02432004079606831
2018-06-13,raw,treatment_u_residualised,-0.022399587586471377
2018-06-14,raw,treatment_u_residualised,-0.027059783009416416
2018-06-15,raw,treatment_u_residualised,-0.01374332978744205
2018-06-18,raw,treatment_u_residualised,-0.018018013551696604
2018-06-19,raw,treatment_u_residualised,-0.02033947406763929
2018-06-20,raw,treatment_u_residualised,-0.03524384258930573
2018-06-21,raw,treatment_u_residualised,-0.039357749283511254
2018-06-22,raw,treatment_u_residualised,-0.05148876021816456
2018-06-25,raw,treatment_u_residualised,-0.09331072574698644
2018-06-26,raw,treatment_u_residualised,-0.0665279050269315
2018-06-27,raw,treatment_u_residualised,-0.09511982018650862
2018-06-28,raw,treatment_u_residualised,-0.10898206510946826
2018-06-29,raw,treatment_u_residualised,-0.10077687663262798
2018-07-02,raw,treatment_u_residualised,-0.12514446237651794
2018-07-03,raw,treatment_u_residualised,-0.11633794399300122
2018-07-05,raw,treatment_u_residualised,-0.10673836769734356
2018-07-06,raw,treatment_u_residualised,-0.08905906646901422
2018-07-09,raw,treatment_u_residualised,-0.11759752790712306
2018-07-10,raw,treatment_u_residualised,-0.06902254384391895
2018-07-11,raw,treatment_u_residualised,-0.08177549972600051
2018-07-12,raw,treatment_u_residualised,-0.06928164374644673
2018-07-13,raw,treatment_u_residualised,-0.07891009663823068
2018-07-16,raw,treatment_u_residualised,-0.064661996393916
2018-07-17,raw,treatment_u_residualised,-0.030466596647166395
2018-07-18,raw,treatment_u_residualised,-0.03612085578693535
2018-07-19,raw,treatment_u_residualised,-0.0534482137073752
2018-07-20,raw,treatment_u_residualised,-0.03488708039409324
2018-07-23,raw,treatment_u_residualised,-0.010731113174275409
2018-07-24,raw,treatment_u_residualised,-0.003980135450807319
2018-07-25,raw,treatment_u_residualised,-0.014569350249334277
2018-07-26,raw,treatment_u_residualised,-0.013970660352978233
2018-07-27,raw,treatment_u_residualised,-0.020532835980433546
2018-07-30,raw,treatment_u_residualised,-0.008401674264518494
2018-07-31,raw,treatment_u_residualised,-0.0023621542629317692
2018-08-01,raw,treatment_u_residualised,-0.014046183288846105
2018-08-02,raw,treatment_u_residualised,-0.009145729534311099
2018-08-03,raw,treatment_u_residualised,-0.003974456876002582
2018-08-06,raw,treatment_u_residualised,-0.01791162888290793
2018-08-07,raw,treatment_u_residualised,-0.010228147653886214
2018-08-08,raw,treatment_u_residualised,0.015291202721283356
2018-08-09,raw,treatment_u_residualised,-0.01026680160036198
2018-08-10,raw,treatment_u_residualised,0.006352320099619745
2018-08-13,raw,treatment_u_residualised,0.015344576284338602
2018-08-14,raw,treatment_u_residualised,0.012365407259814873
2018-08-15,raw,treatment_u_residualised,0.01750522410365728
2018-08-16,raw,treatment_u_residualised,0.0336155855395594
2018-08-17,raw,treatment_u_residualised,0.0235416090678919
2018-08-20,raw,treatment_u_residualised,0.04008393096228609
2018-08-21,raw,treatment_u_residualised,0.004609798475056805
2018-08-22,raw,treatment_u_residualised,0.015298044162002658
2018-08-23,raw,treatment_u_residualised,-0.022580444786683498
2018-08-24,raw,treatment_u_residualised,-0.02294848796701983
2018-08-27,raw,treatment_u_residualised,-0.03841717937319526
2018-08-28,raw,treatment_u_residualised,-0.06776081600109113
2018-08-29,raw,treatment_u_residualised,-0.04762343977156251
2018-08-30,raw,treatment_u_residualised,-0.03666990596317101
2018-08-31,raw,treatment_u_residualised,-0.03414625479744243
2018-09-04,raw,treatment_u_residualised,-0.03937546357398007
2018-09-05,raw,treatment_u_residualised,-0.02455784549530284
2018-09-06,raw,treatment_u_residualised,0.019105144081691453
2018-09-07,raw,treatment_u_residualised,0.014874944785701016
2018-09-10,raw,treatment_u_residualised,-0.009757681854830075
2018-09-11,raw,treatment_u_residualised,-0.03416628908954691
2018-09-12,raw,treatment_u_residualised,-0.04304846782253781
2018-09-13,raw,treatment_u_residualised,-0.0003798404841381352
2018-09-14,raw,treatment_u_residualised,0.011338141698156654
2018-09-17,raw,treatment_u_residualised,0.024560510090375222
2018-09-18,raw,treatment_u_residualised,0.019714139355504975
2018-09-19,raw,treatment_u_residualised,0.033349358155864
2018-09-20,raw,treatment_u_residualised,0.027131301126374952
2018-09-21,raw,treatment_u_residualised,-0.014305715584706858
2018-09-24,raw,treatment_u_residualised,-0.01668108243853155
2018-09-25,raw,treatment_u_residualised,-0.017197499882083918
2018-09-26,raw,treatment_u_residualised,-0.011563373864833946
2018-09-27,raw,treatment_u_residualised,-0.024121453564971272
2018-09-28,raw,treatment_u_residualised,-0.01722626787618267
2018-10-01,raw,treatment_u_residualised,-0.0020739275603630855
2018-10-02,raw,treatment_u_residualised,-0.03195164533963733
2018-10-03,raw,treatment_u_residualised,-0.030926508536041272
2018-10-04,raw,treatment_u_residualised,-0.0050937496204017454
2018-10-05,raw,treatment_u_residualised,0.012258820226476043
2018-10-08,raw,treatment_u_residualised,0.028635974316565893
2018-10-09,raw,treatment_u_residualised,0.039392803166628576
2018-10-10,raw,treatment_u_residualised,0.032944607683140115
2018-10-11,raw,treatment_u_residualised,0.027463347029526845
2018-10-12,raw,treatment_u_residualised,0.007187771376817968
2018-10-15,raw,treatment_u_residualised,0.00980824405612201
2018-10-16,raw,treatment_u_residualised,0.0057773799870975764
2018-10-17,raw,treatment_u_residualised,0.07510009500836813
2018-10-18,raw,treatment_u_residualised,0.07144284706184822
2018-10-19,raw,treatment_u_residualised,0.10798769572290455
2018-10-22,raw,treatment_u_residualised,0.08884082147480207
2018-10-23,raw,treatment_u_residualised,0.1003014080620831
2018-10-24,raw,treatment_u_residualised,0.12007339402018279
2018-10-25,raw,treatment_u_residualised,0.1309310940529077
2018-10-26,raw,treatment_u_residualised,0.16428049275062231
2018-10-29,raw,treatment_u_residualised,0.17503327457377665
2018-10-30,raw,treatment_u_residualised,0.17350368503393146
2018-10-31,raw,treatment_u_residualised,0.16818832618923213
2018-11-01,raw,treatment_u_residualised,0.13957077241525148
2018-11-02,raw,treatment_u_residualised,0.14933000148269554
2018-11-05,raw,treatment_u_residualised,0.14253816342962614
2018-11-06,raw,treatment_u_residualised,0.1510093962943671
2018-11-07,raw,treatment_u_residualised,0.16041695834933672
2018-11-08,raw,treatment_u_residualised,0.1312219490267946
2018-11-09,raw,treatment_u_residualised,0.14628805961240066
2018-11-12,raw,treatment_u_residualised,0.1600870195325806
2018-11-13,raw,treatment_u_residualised,0.15904759762079163
2018-11-14,raw,treatment_u_residualised,0.15521661453417857
2018-11-15,raw,treatment_u_residualised,0.11863305650338725
2018-11-16,raw,treatment_u_residualised,0.1315716883123649
2018-11-19,raw,treatment_u_residualised,0.1633575550475309
2018-11-20,raw,treatment_u_residualised,0.17295751775328605
2018-11-21,raw,treatment_u_residualised,0.16095052912534327
2018-11-23,raw,treatment_u_residualised,0.15985208131258802
2018-11-26,raw,treatment_u_residualised,0.17168493238780363
2018-11-27,raw,treatment_u_residualised,0.2069614220098151
2018-11-28,raw,treatment_u_residualised,0.178392306754084
2018-11-29,raw,treatment_u_residualised,0.19274142563652363
2018-11-30,raw,treatment_u_residualised,0.1943709021229142
2018-12-03,raw,treatment_u_residualised,0.17567960682578312
2018-12-04,raw,treatment_u_residualised,0.2017413358985542
2018-12-06,raw,treatment_u_residualised,0.20286706533507415
2018-12-07,raw,treatment_u_residualised,0.17475859415674624
2018-12-10,raw,treatment_u_residualised,0.18830487613961777
2018-12-11,raw,treatment_u_residualised,0.21196724208084283
2018-12-12,raw,treatment_u_residualised,0.22430834011492112
2018-12-13,raw,treatment_u_residualised,0.24450111541021669
2018-12-14,raw,treatment_u_residualised,0.2705895752360062
2018-12-17,raw,treatment_u_residualised,0.2664956044685256
2018-12-18,raw,treatment_u_residualised,0.2459286850989596
2018-12-19,raw,treatment_u_residualised,0.22326684867996996
2018-12-20,raw,treatment_u_residualised,0.22853840052065022
2018-12-21,raw,treatment_u_residualised,0.23282319857999137
2018-12-24,raw,treatment_u_residualised,0.24150390886034445
2018-12-26,raw,treatment_u_residualised,0.2309814829662324
2018-12-27,raw,treatment_u_residualised,0.21930111483830173
2018-12-28,raw,treatment_u_residualised,0.20465328327530818
2018-12-31,raw,treatment_u_residualised,0.18721914393642988
2019-01-02,raw,treatment_u_residualised,0.15988685748005663
2019-01-03,raw,treatment_u_residualised,0.18865007079648702
2019-01-04,raw,treatment_u_residualised,0.13908420319473108
2019-01-07,raw,treatment_u_residualised,0.13646893864927942
2019-01-08,raw,treatment_u_residualised,0.12654163512713876
2019-01-09,raw,treatment_u_residualised,0.10724882234412532
2019-01-10,raw,treatment_u_residualised,0.12432795276242176
2019-01-11,raw,treatment_u_residualised,0.13141766530535307
2019-01-14,raw,treatment_u_residualised,0.14149823930444014
2019-01-15,raw,treatment_u_residualised,0.1362296823385304
2019-01-16,raw,treatment_u_residualised,0.14295375666427373
2019-01-17,raw,treatment_u_residualised,0.14485157644625798
2019-01-18,raw,treatment_u_residualised,0.1308876217452844
2019-01-22,raw,treatment_u_residualised,0.12471097504616847
2019-01-23,raw,treatment_u_residualised,0.09614779010908456
2019-01-24,raw,treatment_u_residualised,0.08498634717717135
2019-01-25,raw,treatment_u_residualised,0.07975239045423141
2019-01-28,raw,treatment_u_residualised,0.0713817720834044
2019-01-29,raw,treatment_u_residualised,0.07153927471804694
2019-01-30,raw,treatment_u_residualised,0.07142490209019343
2019-01-31,raw,treatment_u_residualised,0.07452442117176625
2019-02-01,raw,treatment_u_residualised,0.06249914786379725
2019-02-04,raw,treatment_u_residualised,0.07417674510595101
2019-02-05,raw,treatment_u_residualised,0.049548247939654746
2019-02-06,raw,treatment_u_residualised,0.05993406609001291
2019-02-07,raw,treatment_u_residualised,0.03247619774346669
2019-02-08,raw,treatment_u_residualised,0.029159565488449626
2019-02-11,raw,treatment_u_residualised,0.051519263072083224
2019-02-12,raw,treatment_u_residualised,0.031869357245059286
2019-02-13,raw,treatment_u_residualised,0.07740268753581363
2019-02-14,raw,treatment_u_residualised,0.07579321497225869
2019-02-15,raw,treatment_u_residualised,0.03535465291842067
2019-02-19,raw,treatment_u_residualised,0.09199348247199728
2019-02-20,raw,treatment_u_residualised,0.09825249190877315
2019-02-21,raw,treatment_u_residualised,0.10129740622386356
2019-02-22,raw,treatment_u_residualised,0.048985482375710016
2019-02-25,raw,treatment_u_residualised,0.05841952704522921
2019-02-26,raw,treatment_u_residualised,0.06407343635427655
2019-02-27,raw,treatment_u_residualised,0.06714387261529195
2019-02-28,raw,treatment_u_residualised,0.08009947514798661
2019-03-01,raw,treatment_u_residualised,0.07023066205547392
2019-03-04,raw,treatment_u_residualised,0.07946759299728748
2019-03-05,raw,treatment_u_residualised,0.0715151454270222
2019-03-06,raw,treatment_u_residualised,0.09904883693393805
2019-03-07,raw,treatment_u_residualised,0.07737563552576598
2019-03-08,raw,treatment_u_residualised,0.07007468319576692
2019-03-11,raw,treatment_u_residualised,0.0648414733717879
2019-03-12,raw,treatment_u_residualised,0.053996728873859604
2019-03-13,raw,treatment_u_residualised,0.058896326525400416
2019-03-14,raw,treatment_u_residualised,0.03659587113935485
2019-03-15,raw,treatment_u_residualised,0.04004168285003282
2019-03-18,raw,treatment_u_residualised,0.014994604070722731
2019-03-19,raw,treatment_u_residualised,-0.009031512797508027
2019-03-20,raw,treatment_u_residualised,-0.007961006009051485
2019-03-21,raw,treatment_u_residualised,-0.022580815874757527
2019-03-22,raw,treatment_u_residualised,-0.05703630856864869
2019-03-25,raw,treatment_u_residualised,-0.0573318928564644
2019-03-26,raw,treatment_u_residualised,-0.06861709400110873
2019-03-27,raw,treatment_u_residualised,-0.05232898484842635
2019-03-28,raw,treatment_u_residualised,-0.062156314588243076
2019-03-29,raw,treatment_u_residualised,-0.05164767424187196
2019-04-01,raw,treatment_u_residualised,-0.03308128791089065
2019-04-02,raw,treatment_u_residualised,-0.04745697150339715
2019-04-03,raw,treatment_u_residualised,-0.06590996248556409
2019-04-04,raw,treatment_u_residualised,-0.05257150959318363
2019-04-05,raw,treatment_u_residualised,-0.04764177677583971
2019-04-08,raw,treatment_u_residualised,-0.059975177262585444
2019-04-09,raw,treatment_u_residualised,-0.062068604991527825
2019-04-10,raw,treatment_u_residualised,-0.04468791959291802
2019-04-11,raw,treatment_u_residualised,-0.049389202163992514
2019-04-12,raw,treatment_u_residualised,-0.047059378597944124
2019-04-15,raw,treatment_u_residualised,-0.06793495707851431
2019-04-16,raw,treatment_u_residualised,-0.03170240811974549
2019-04-17,raw,treatment_u_residualised,-0.030287535185532496
2019-04-18,raw,treatment_u_residualised,-0.02578038760976789
2019-04-22,raw,treatment_u_residualised,-7.968641793308293e-06
2019-04-23,raw,treatment_u_residualised,-0.002876468155738261
2019-04-24,raw,treatment_u_residualised,-0.00792063641409802
2019-04-25,raw,treatment_u_residualised,0.009905930072312573
2019-04-26,raw,treatment_u_residualised,-0.009069363983558405
2019-04-29,raw,treatment_u_residualised,-0.06404307093984256
2019-04-30,raw,treatment_u_residualised,-0.06439283506169437
2019-05-01,raw,treatment_u_residualised,-0.02169220764476073
2019-05-02,raw,treatment_u_residualised,-0.08177834544719988
2019-05-03,raw,treatment_u_residualised,-0.05748612954543404
2019-05-06,raw,treatment_u_residualised,-0.02588027280162327
2019-05-07,raw,treatment_u_residualised,-0.042272609717420764
2019-05-08,raw,treatment_u_residualised,-0.0949397129430576
2019-05-09,raw,treatment_u_residualised,-0.04250526244338927
2019-05-10,raw,treatment_u_residualised,-0.0562430908763952
2019-05-13,raw,treatment_u_residualised,-0.0934093466965655
2019-05-14,raw,treatment_u_residualised,-0.07654063913381884
2019-05-15,raw,treatment_u_residualised,-0.06931003320245502
2019-05-16,raw,treatment_u_residualised,-0.07131334707140816
2019-05-17,raw,treatment_u_residualised,-0.027311696391886926
2019-05-20,raw,treatment_u_residualised,-0.053857788049095176
2019-05-21,raw,treatment_u_residualised,-0.04539377678209243
2019-05-22,raw,treatment_u_residualised,-0.033289657651895954
2019-05-23,raw,treatment_u_residualised,-0.017508651061101575
2019-05-24,raw,treatment_u_residualised,-0.049630734264570577
2019-05-28,raw,treatment_u_residualised,-0.08424188504263619
2019-05-29,raw,treatment_u_residualised,-0.0745739595774869
2019-05-30,raw,treatment_u_residualised,-0.11058776104134552
2019-05-31,raw,treatment_u_residualised,-0.07739501317117478
2019-06-03,raw,treatment_u_residualised,-0.03578862830626262
2019-06-04,raw,treatment_u_residualised,-0.05786396981187845
2019-06-05,raw,treatment_u_residualised,-0.028292562074746626
2019-06-06,raw,treatment_u_residualised,-0.05893263539954149
2019-06-07,raw,treatment_u_residualised,-0.020661794421212777
2019-06-10,raw,treatment_u_residualised,-0.06164055935931534
2019-06-11,raw,treatment_u_residualised,-0.05482431852548872
2019-06-12,raw,treatment_u_residualised,-0.06950692780085503
2019-06-13,raw,treatment_u_residualised,-0.04886081093221773
2019-06-14,raw,treatment_u_residualised,-0.07355845244460427
2019-06-17,raw,treatment_u_residualised,-0.05027494518029057
2019-06-18,raw,treatment_u_residualised,-0.05148123262010009
2019-06-19,raw,treatment_u_residualised,-0.05445936570002995
2019-06-20,raw,treatment_u_residualised,-0.057700328252009415
2019-06-21,raw,treatment_u_residualised,-0.061756295517261306
2019-06-24,raw,treatment_u_residualised,-0.0975519296782119
2019-06-25,raw,treatment_u_residualised,-0.026555319713801914
2019-06-26,raw,treatment_u_residualised,-0.06312368408684582
2019-06-27,raw,treatment_u_residualised,-0.08463416362613865
2019-06-28,raw,treatment_u_residualised,-0.08063113403329145
2019-07-01,raw,treatment_u_residualised,-0.08142131245553613
2019-07-02,raw,treatment_u_residualised,-0.05280862422418108
2019-07-03,raw,treatment_u_residualised,-0.0755121341388086
2019-07-05,raw,treatment_u_residualised,-0.045291922478342565
2019-07-08,raw,treatment_u_residualised,-0.09131817666317377
2019-07-09,raw,treatment_u_residualised,-0.07150580479043692
2019-07-10,raw,treatment_u_residualised,-0.11565813843374957
2019-07-11,raw,treatment_u_residualised,-0.108613540040068
2019-07-12,raw,treatment_u_residualised,-0.06907791098376918
2019-07-15,raw,treatment_u_residualised,-0.08772096654541008
2019-07-16,raw,treatment_u_residualised,-0.11465249025976744
2019-07-17,raw,treatment_u_residualised,-0.08307316888073947
2019-07-18,raw,treatment_u_residualised,-0.08027369156106479
2019-07-19,raw,treatment_u_residualised,-0.07279497278472001
2019-07-22,raw,treatment_u_residualised,-0.07449438503477888
2019-07-23,raw,treatment_u_residualised,-0.03381936547620312
2019-07-24,raw,treatment_u_residualised,-0.0336080476173929
2019-07-25,raw,treatment_u_residualised,-0.11825607692187318
2019-07-26,raw,treatment_u_residualised,-0.11546759001062568
2019-07-29,raw,treatment_u_residualised,-0.0946567667640214
2019-07-30,raw,treatment_u_residualised,-0.06443060955634744
2019-07-31,raw,treatment_u_residualised,-0.10649915866234676
2019-08-01,raw,treatment_u_residualised,-0.09277375936031522
2019-08-02,raw,treatment_u_residualised,-0.08122137396876261
2019-08-05,raw,treatment_u_residualised,-0.07754229893221322
2019-08-06,raw,treatment_u_residualised,-0.06544373743189924
2019-08-07,raw,treatment_u_residualised,-0.018416048111093788
2019-08-08,raw,treatment_u_residualised,-0.061816719225925666
2019-08-09,raw,treatment_u_residualised,-0.05587358606233481
2019-08-12,raw,treatment_u_residualised,-0.05856626746794295
2019-08-13,raw,treatment_u_residualised,-0.07443156196246699
2019-08-14,raw,treatment_u_residualised,-0.07040614699114808
2019-08-15,raw,treatment_u_residualised,-0.06345169626367367
2019-08-16,raw,treatment_u_residualised,-0.058968990769711176
2019-08-19,raw,treatment_u_residualised,-0.0791614960830003
2019-08-20,raw,treatment_u_residualised,-0.08022594663813186
2019-08-21,raw,treatment_u_residualised,-0.09286806980104365
2019-08-22,raw,treatment_u_residualised,-0.041679057148994114
2019-08-23,raw,treatment_u_residualised,-0.0299125954784017
2019-08-26,raw,treatment_u_residualised,-0.027467730550832396
2019-08-27,raw,treatment_u_residualised,-0.02108317992381368
2019-08-28,raw,treatment_u_residualised,-0.013770265143789252
2019-08-29,raw,treatment_u_residualised,-0.040721213988947444
2019-08-30,raw,treatment_u_residualised,-0.04284333052454236
2019-09-03,raw,treatment_u_residualised,-0.0486607981778339
2019-09-04,raw,treatment_u_residualised,-0.04947727353537719
2019-09-05,raw,treatment_u_residualised,-0.0266397846675721
2019-09-06,raw,treatment_u_residualised,-0.0035994789774797253
2019-09-09,raw,treatment_u_residualised,-0.062752682177287
2019-09-10,raw,treatment_u_residualised,-0.0324533029915398
2019-09-11,raw,treatment_u_residualised,-0.04745278700240433
2019-09-12,raw,treatment_u_residualised,-0.06009783281320092
2019-09-13,raw,treatment_u_residualised,-0.07978886837504497
2019-09-16,raw,treatment_u_residualised,-0.09083558014383503
2019-09-17,raw,treatment_u_residualised,-0.11213006133242681
2019-09-18,raw,treatment_u_residualised,-0.11127233959363372
2019-09-19,raw,treatment_u_residualised,-0.10130953810942586
2019-09-20,raw,treatment_u_residualised,-0.16117610612473815
2019-09-23,raw,treatment_u_residualised,-0.13512752442000675
2019-09-24,raw,treatment_u_residualised,-0.17925018995460648
2019-09-25,raw,treatment_u_residualised,-0.08613144582281532
2019-09-26,raw,treatment_u_residualised,-0.07067150340412104
2019-09-27,raw,treatment_u_residualised,-0.0570448580167523
2019-09-30,raw,treatment_u_residualised,-0.02840458877029107
2019-10-01,raw,treatment_u_residualised,-0.06001394647592419
2019-10-02,raw,treatment_u_residualised,-0.07756798810886266
2019-10-03,raw,treatment_u_residualised,-0.01920943546959812
2019-10-04,raw,treatment_u_residualised,-0.028970574681872197
2019-10-07,raw,treatment_u_residualised,-0.04727260704657459
2019-10-08,raw,treatment_u_residualised,0.014680929320779702
2019-10-09,raw,treatment_u_residualised,-0.06110253266185227
2019-10-10,raw,treatment_u_residualised,-0.06478179895746375
2019-10-11,raw,treatment_u_residualised,0.029337630879623013
2019-10-14,raw,treatment_u_residualised,0.010966605200109086
2019-10-15,raw,treatment_u_residualised,0.009419247904887802
2019-10-16,raw,treatment_u_residualised,-0.03954732110629665
2019-10-17,raw,treatment_u_residualised,0.019551348170863625
2019-10-18,raw,treatment_u_residualised,0.04658246559521168
2019-10-21,raw,treatment_u_residualised,0.06757421124826601
2019-10-22,raw,treatment_u_residualised,0.19332067743070822
2019-10-23,raw,treatment_u_residualised,0.1729639886245098
2019-10-24,raw,treatment_u_residualised,-0.03825787537162372
2019-10-25,raw,treatment_u_residualised,0.048677079297433465
2019-10-28,raw,treatment_u_residualised,0.026294549137060256
2019-10-29,raw,treatment_u_residualised,0.062492645182444684
2019-10-30,raw,treatment_u_residualised,0.008939783273343934
2019-10-31,raw,treatment_u_residualised,0.10883550630356958
2019-11-01,raw,treatment_u_residualised,0.11958011909208204
2019-11-04,raw,treatment_u_residualised,-0.058146993384288144
2019-11-05,raw,treatment_u_residualised,-0.022124475599097755
2019-11-06,raw,treatment_u_residualised,0.020192711200567516
2019-11-07,raw,treatment_u_residualised,0.01671439195736599
2019-11-08,raw,treatment_u_residualised,0.030240363000011983
2019-11-11,raw,treatment_u_residualised,0.04094844084563048
2019-11-12,raw,treatment_u_residualised,0.047774899427573334
2019-11-13,raw,treatment_u_residualised,-0.054732312485325896
2019-11-14,raw,treatment_u_residualised,-0.043550401852619096
2019-11-15,raw,treatment_u_residualised,0.09566940158873768
2019-11-18,raw,treatment_u_residualised,0.07567426865831887
2019-11-19,raw,treatment_u_residualised,0.06320467395396506
2019-11-20,raw,treatment_u_residualised,0.013964857217870736
2019-11-21,raw,treatment_u_residualised,-0.09937778312627008
2019-11-22,raw,treatment_u_residualised,-0.028322985350894732
2019-11-25,raw,treatment_u_residualised,-0.05656505431601074
2019-11-26,raw,treatment_u_residualised,-0.02892810429892456
2019-11-27,raw,treatment_u_residualised,-0.057858479238097595
2019-11-29,raw,treatment_u_residualised,0.020016019379381442
2019-12-02,raw,treatment_u_residualised,-0.011490665888346772
2019-12-03,raw,treatment_u_residualised,-0.03303796112735844
2019-12-04,raw,treatment_u_residualised,-0.0789546474246846
2019-12-05,raw,treatment_u_residualised,-0.07348495813109916
2019-12-06,raw,treatment_u_residualised,-0.07403908958046133
2019-12-09,raw,treatment_u_residualised,-0.054409468647392586
2019-12-10,raw,treatment_u_residualised,0.007208853594344811
2019-12-11,raw,treatment_u_residualised,-0.045179958200471326
2019-12-12,raw,treatment_u_residualised,-0.01275919105003841
2019-12-13,raw,treatment_u_residualised,-0.013379624072969963
2019-12-16,raw,treatment_u_residualised,-0.025065013391913374
2019-12-17,raw,treatment_u_residualised,-0.009773202552251805
2019-12-18,raw,treatment_u_residualised,0.02205764407934599
2019-12-19,raw,treatment_u_residualised,0.005721720611482364
2019-12-20,raw,treatment_u_residualised,0.03931389549664631
2019-12-23,raw,treatment_u_residualised,0.04562947957006725
2019-12-24,raw,treatment_u_residualised,-0.0017511924678832863
2019-12-26,raw,treatment_u_residualised,0.0454264406448235
2019-12-27,raw,treatment_u_residualised,0.0076167982150471825
2019-12-30,raw,treatment_u_residualised,0.07356976067705626
2019-12-31,raw,treatment_u_residualised,0.014286311882977312
2020-01-02,raw,treatment_u_residualised,0.07299250507949503
2020-01-03,raw,treatment_u_residualised,0.04675039159314507
2020-01-06,raw,treatment_u_residualised,-0.03675267219695158
2020-01-07,raw,treatment_u_residualised,-0.020946981247984157
2020-01-08,raw,treatment_u_residualised,0.03533356443989097
2020-01-09,raw,treatment_u_residualised,0.09119704450264186
2020-01-10,raw,treatment_u_residualised,0.008030186095682533
2020-01-13,raw,treatment_u_residualised,-0.0025056682053922405
2020-01-14,raw,treatment_u_residualised,0.03753829275196561
2020-01-15,raw,treatment_u_residualised,0.04997983160444262
2020-01-16,raw,treatment_u_residualised,-0.03915727405882803
2020-01-17,raw,treatment_u_residualised,-0.07211490360573404
2020-01-21,raw,treatment_u_residualised,-0.060373007906755136
2020-01-22,raw,treatment_u_residualised,-0.05308204113642226
2020-01-23,raw,treatment_u_residualised,-0.042048611154051424
2020-01-24,raw,treatment_u_residualised,-0.006523347628555657
2020-01-27,raw,treatment_u_residualised,0.036311955400693985
2020-01-28,raw,treatment_u_residualised,0.03170000222701866
2020-01-29,raw,treatment_u_residualised,-0.004372927640283061
2020-01-30,raw,treatment_u_residualised,0.023905950823456205
2020-01-31,raw,treatment_u_residualised,-0.020955619630512706
2020-02-03,raw,treatment_u_residualised,-0.009552663642365171
2020-02-04,raw,treatment_u_residualised,-0.03686813151250797
2020-02-05,raw,treatment_u_residualised,0.0011924155364127532
2020-02-06,raw,treatment_u_residualised,0.014942610179967019
2020-02-07,raw,treatment_u_residualised,0.04566665589180749
2020-02-10,raw,treatment_u_residualised,0.01363191025579834
2020-02-11,raw,treatment_u_residualised,0.02409121722273505
2020-02-12,raw,treatment_u_residualised,-0.0055874962017354955
2020-02-13,raw,treatment_u_residualised,-0.0160800559548743
2020-02-14,raw,treatment_u_residualised,-0.033193924682109896
2020-02-18,raw,treatment_u_residualised,-0.04524803445797775
2020-02-19,raw,treatment_u_residualised,-0.0487681654192061
2020-02-20,raw,treatment_u_residualised,-0.022402904285516514
2020-02-21,raw,treatment_u_residualised,0.013029799461609627
2020-02-24,raw,treatment_u_residualised,-0.016371892137770423
2020-02-25,raw,treatment_u_residualised,-0.034411553797792156
2020-02-26,raw,treatment_u_residualised,-0.04899351078707816
2020-02-27,raw,treatment_u_residualised,0.001268969320913782
2020-02-28,raw,treatment_u_residualised,0.1392369377355703
2020-03-02,raw,treatment_u_residualised,0.10998099984747566
2020-03-03,raw,treatment_u_residualised,0.11670171540201718
2020-03-04,raw,treatment_u_residualised,0.16528358302868681
2020-03-05,raw,treatment_u_residualised,0.1724348141170923
2020-03-06,raw,treatment_u_residualised,0.26789253890245135
2020-03-09,raw,treatment_u_residualised,0.25695574351396694
2020-03-10,raw,treatment_u_residualised,0.20682948530874518
2020-03-11,raw,treatment_u_residualised,0.2087549759824308
2020-03-12,raw,treatment_u_residualised,0.33392048898020493
2020-03-13,raw,treatment_u_residualised,0.24512488168691268
2020-03-16,raw,treatment_u_residualised,0.32767125844687334
2020-03-17,raw,treatment_u_residualised,0.38420033990773206
2020-03-18,raw,treatment_u_residualised,0.36706292074766683
2020-03-19,raw,treatment_u_residualised,0.3944448398799915
2020-03-20,raw,treatment_u_residualised,0.4816550706209373
2020-03-23,raw,treatment_u_residualised,0.36495052461880506
2020-03-24,raw,treatment_u_residualised,0.26934062446318713
2020-03-25,raw,treatment_u_residualised,0.2790624119503644
2020-03-26,raw,treatment_u_residualised,0.27630326977903996
2020-03-27,raw,treatment_u_residualised,0.4028005775031006
2020-03-30,raw,treatment_u_residualised,0.3706609458143257
2020-03-31,raw,treatment_u_residualised,0.4266933025795609
2020-04-01,raw,treatment_u_residualised,0.43075140877528695
2020-04-02,raw,treatment_u_residualised,0.3125401526389158
2020-04-03,raw,treatment_u_residualised,0.25901664514396566
2020-04-06,raw,treatment_u_residualised,0.21931786758774177
2020-04-07,raw,treatment_u_residualised,0.24320095721862997
2020-04-08,raw,treatment_u_residualised,0.23546961563832627
2020-04-09,raw,treatment_u_residualised,0.2706663880046872
2020-04-13,raw,treatment_u_residualised,0.24848625333598393
2020-04-14,raw,treatment_u_residualised,0.15893900523259621
2020-04-15,raw,treatment_u_residualised,0.14665252123281491
2020-04-16,raw,treatment_u_residualised,0.07019812434063548
2020-04-17,raw,treatment_u_residualised,0.20007380349467532
2020-04-20,raw,treatment_u_residualised,0.18820166134696664
2020-04-21,raw,treatment_u_residualised,0.1491226664566809
2020-04-22,raw,treatment_u_residualised,0.24103512970682606
2020-04-23,raw,treatment_u_residualised,0.22605639316043286
2020-04-24,raw,treatment_u_residualised,0.3086948678085435
2020-04-27,raw,treatment_u_residualised,0.2806761377219309
2020-04-28,raw,treatment_u_residualised,0.27371063062896905
2020-04-29,raw,treatment_u_residualised,0.2954173510484889
2020-04-30,raw,treatment_u_residualised,0.2925485899649134
2020-05-01,raw,treatment_u_residualised,0.34366879484526386
2020-05-04,raw,treatment_u_residualised,0.30931812154368726
2020-05-05,raw,treatment_u_residualised,0.2332494217706093
2020-05-06,raw,treatment_u_residualised,0.21215838457390573
2020-05-07,raw,treatment_u_residualised,0.24674832754461465
2020-05-08,raw,treatment_u_residualised,0.22349483875071968
2020-05-11,raw,treatment_u_residualised,0.20915745206343334
2020-05-12,raw,treatment_u_residualised,0.1800913086689545
2020-05-13,raw,treatment_u_residualised,0.18613722733904425
2020-05-14,raw,treatment_u_residualised,0.19060425905638298
2020-05-15,raw,treatment_u_residualised,0.1597730077256023
2020-05-18,raw,treatment_u_residualised,0.18842306024974467
2020-05-19,raw,treatment_u_residualised,0.23405531329751328
2020-05-20,raw,treatment_u_residualised,0.24958224635244586
2020-05-21,raw,treatment_u_residualised,0.21874048232760596
2020-05-22,raw,treatment_u_residualised,0.25635417486549567
2020-05-26,raw,treatment_u_residualised,0.28704930870303813
2020-05-27,raw,treatment_u_residualised,0.26645521849146897
2020-05-28,raw,treatment_u_residualised,0.28131886480056334
2020-05-29,raw,treatment_u_residualised,0.27579168724826936
2020-06-01,raw,treatment_u_residualised,0.210547474171445
2020-06-02,raw,treatment_u_residualised,0.22395603451610446
2020-06-03,raw,treatment_u_residualised,0.22395718119038677
2020-06-04,raw,treatment_u_residualised,0.2171802875653025
2020-06-05,raw,treatment_u_residualised,0.16952053921924706
2020-06-08,raw,treatment_u_residualised,0.1876374366331418
2020-06-09,raw,treatment_u_residualised,0.07612267492385867
2020-06-10,raw,treatment_u_residualised,0.08884494347279917
2020-06-11,raw,treatment_u_residualised,0.18081651322537162
2020-06-12,raw,treatment_u_residualised,0.24343623217484742
2020-06-15,raw,treatment_u_residualised,0.17443036711035176
2020-06-16,raw,treatment_u_residualised,0.20417243043544947
2020-06-17,raw,treatment_u_residualised,0.1950759212522697
2020-06-18,raw,treatment_u_residualised,0.19452095954468657
2020-06-19,raw,treatment_u_residualised,0.17766414260017704
2020-06-22,raw,treatment_u_residualised,0.16940433201347932
2020-06-23,raw,treatment_u_residualised,0.16902677240339392
2020-06-24,raw,treatment_u_residualised,0.20170742679136267
2020-06-25,raw,treatment_u_residualised,0.20205444960524055
2020-06-26,raw,treatment_u_residualised,0.2369818341846082
2020-06-29,raw,treatment_u_residualised,0.27811850366880925
2020-06-30,raw,treatment_u_residualised,0.24734565906277545
2020-07-01,raw,treatment_u_residualised,0.21122764794834992
2020-07-02,raw,treatment_u_residualised,0.18458496931044271
2020-07-06,raw,treatment_u_residualised,0.14134555327139064
2020-07-07,raw,treatment_u_residualised,0.12340376121094801
2020-07-08,raw,treatment_u_residualised,0.10848787184381989
2020-07-09,raw,treatment_u_residualised,0.08599144274373867
2020-07-10,raw,treatment_u_residualised,0.057372581637393935
2020-07-13,raw,treatment_u_residualised,0.07235727979796265
2020-07-14,raw,treatment_u_residualised,0.0915620243333618
2020-07-15,raw,treatment_u_residualised,0.1178285570164054
2020-07-16,raw,treatment_u_residualised,0.11965158881041625
2020-07-17,raw,treatment_u_residualised,0.1366717246733051
2020-07-20,raw,treatment_u_residualised,0.10431217430309382
2020-07-21,raw,treatment_u_residualised,0.08158153772563738
2020-07-22,raw,treatment_u_residualised,0.0995541433387424
2020-07-23,raw,treatment_u_residualised,0.12889049133533895
2020-07-24,raw,treatment_u_residualised,0.11997359349263435
2020-07-27,raw,treatment_u_residualised,0.12033785518162211
2020-07-28,raw,treatment_u_residualised,0.11221779648703821
2020-07-29,raw,treatment_u_residualised,0.20179998804538613
2020-07-30,raw,treatment_u_residualised,0.19109842011720227
2020-07-31,raw,treatment_u_residualised,0.22654123874587107
2020-08-03,raw,treatment_u_residualised,0.11572507173403782
2020-08-04,raw,treatment_u_residualised,0.1743424623452599
2020-08-05,raw,treatment_u_residualised,0.14592088219100363
2020-08-06,raw,treatment_u_residualised,0.14902205563389875
2020-08-07,raw,treatment_u_residualised,0.09530733246925402
2020-08-10,raw,treatment_u_residualised,0.09768411200766211
2020-08-11,raw,treatment_u_residualised,0.1264344346619345
2020-08-12,raw,treatment_u_residualised,0.10119368604944126
2020-08-13,raw,treatment_u_residualised,0.058370716456715654
2020-08-14,raw,treatment_u_residualised,0.07656565164369064
2020-08-17,raw,treatment_u_residualised,0.019587925965434017
2020-08-18,raw,treatment_u_residualised,0.03132817143314626
2020-08-19,raw,treatment_u_residualised,0.025121690243438077
2020-08-20,raw,treatment_u_residualised,0.03565040741469949
2020-08-21,raw,treatment_u_residualised,0.046275412443498504
2020-08-24,raw,treatment_u_residualised,0.054632061886088185
2020-08-25,raw,treatment_u_residualised,0.04361878631483346
2020-08-26,raw,treatment_u_residualised,0.00034409180953903773
2020-08-27,raw,treatment_u_residualised,0.07526755301070226
2020-08-28,raw,treatment_u_residualised,0.02682028966279909
2020-08-31,raw,treatment_u_residualised,-0.05070347970561663
2020-09-01,raw,treatment_u_residualised,-0.04635227116837508
2020-09-02,raw,treatment_u_residualised,-0.039521467711985225
2020-09-03,raw,treatment_u_residualised,-0.020697912813488012
2020-09-04,raw,treatment_u_residualised,0.004182404777173215
2020-09-08,raw,treatment_u_residualised,0.055621932744538416
2020-09-09,raw,treatment_u_residualised,0.04601593362604103
2020-09-10,raw,treatment_u_residualised,0.0774974015077155
2020-09-11,raw,treatment_u_residualised,0.07248223960556213
2020-09-14,raw,treatment_u_residualised,0.04865858939788084
2020-09-15,raw,treatment_u_residualised,0.0407661974030947
2020-09-16,raw,treatment_u_residualised,0.029506337648109143
2020-09-17,raw,treatment_u_residualised,0.08162156427120287
2020-09-18,raw,treatment_u_residualised,0.12181467340424385
2020-09-21,raw,treatment_u_residualised,0.13388307356185178
2020-09-22,raw,treatment_u_residualised,0.11974653400454865
2020-09-23,raw,treatment_u_residualised,0.17813271936632563
2020-09-24,raw,treatment_u_residualised,0.1199443732150593
2020-09-25,raw,treatment_u_residualised,0.16698529167685042
2020-09-28,raw,treatment_u_residualised,0.13360164048304313
2020-09-29,raw,treatment_u_residualised,0.1283956275967017
2020-09-30,raw,treatment_u_residualised,0.14063213377230452
2020-10-01,raw,treatment_u_residualised,0.1364544053381574
2020-10-02,raw,treatment_u_residualised,0.12592379722573513
2020-10-05,raw,treatment_u_residualised,0.1115339514853533
2020-10-06,raw,treatment_u_residualised,0.14338822203117052
2020-10-07,raw,treatment_u_residualised,0.14473930151375175
2020-10-08,raw,treatment_u_residualised,0.09587499623609574
2020-10-09,raw,treatment_u_residualised,0.09346642719908353
2020-10-12,raw,treatment_u_residualised,0.08062646071197321
2020-10-13,raw,treatment_u_residualised,0.0896720015738407
2020-10-14,raw,treatment_u_residualised,0.06557453998814189
2020-10-15,raw,treatment_u_residualised,0.07699115819072533
2020-10-16,raw,treatment_u_residualised,0.10330766993872231
2020-10-19,raw,treatment_u_residualised,0.11711075565024721
2020-10-20,raw,treatment_u_residualised,0.13526924324597894
2020-10-21,raw,treatment_u_residualised,0.1251542360004692
2020-10-22,raw,treatment_u_residualised,0.07982221516957995
2020-10-23,raw,treatment_u_residualised,0.11280741722854193
2020-10-26,raw,treatment_u_residualised,0.0682317154806421
2020-10-27,raw,treatment_u_residualised,0.07697477946956022
2020-10-28,raw,treatment_u_residualised,0.08239569620358
2020-10-29,raw,treatment_u_residualised,0.1182152715967659
2020-10-30,raw,treatment_u_residualised,0.151301664871785
2020-11-02,raw,treatment_u_residualised,0.12547152707705306
2020-11-03,raw,treatment_u_residualised,0.11497573190288267
2020-11-04,raw,treatment_u_residualised,0.09905809431341146
2020-11-05,raw,treatment_u_residualised,0.11998634983889483
2020-11-06,raw,treatment_u_residualised,0.11632241511319837
2020-11-09,raw,treatment_u_residualised,0.05749193775518986
2020-11-10,raw,treatment_u_residualised,0.10591912098445001
2020-11-11,raw,treatment_u_residualised,0.08245532631690954
2020-11-12,raw,treatment_u_residualised,0.03561084791296096
2020-11-13,raw,treatment_u_residualised,0.08193192705974937
2020-11-16,raw,treatment_u_residualised,0.07910790498233093
2020-11-17,raw,treatment_u_residualised,0.07248444357815037
2020-11-18,raw,treatment_u_residualised,0.0930534748040634
2020-11-19,raw,treatment_u_residualised,0.0945089114552545
2020-11-20,raw,treatment_u_residualised,0.05555678321375662
2020-11-23,raw,treatment_u_residualised,0.023663172377279745
2020-11-24,raw,treatment_u_residualised,-0.0014808986751242079
2020-11-25,raw,treatment_u_residualised,-0.036493793350692756
2020-11-27,raw,treatment_u_residualised,-0.05777121767887991
2020-11-30,raw,treatment_u_residualised,-0.08359644314446638
2020-12-01,raw,treatment_u_residualised,-0.05238212493820367
2020-12-02,raw,treatment_u_residualised,-0.03824345058742954
2020-12-03,raw,treatment_u_residualised,-0.07837452440317647
2020-12-04,raw,treatment_u_residualised,-0.09446095319429401
2020-12-07,raw,treatment_u_residualised,-0.10701468581638446
2020-12-08,raw,treatment_u_residualised,-0.06474853956205281
2020-12-09,raw,treatment_u_residualised,-0.04368611193785136
2020-12-10,raw,treatment_u_residualised,-0.06740061892305804
2020-12-11,raw,treatment_u_residualised,-0.05387348653245197
2020-12-14,raw,treatment_u_residualised,-0.05780893761301875
2020-12-15,raw,treatment_u_residualised,-0.07777817088112024
2020-12-16,raw,treatment_u_residualised,-0.06996856989463307
2020-12-17,raw,treatment_u_residualised,-0.061250357038871855
2020-12-18,raw,treatment_u_residualised,-0.03589436109080285
2020-12-21,raw,treatment_u_residualised,-0.042131518114532834
2020-12-22,raw,treatment_u_residualised,-0.07671321669449932
2020-12-23,raw,treatment_u_residualised,-0.04958516040526306
2020-12-24,raw,treatment_u_residualised,-0.032688175816240776
2020-12-28,raw,treatment_u_residualised,-0.023922425071967707
2020-12-29,raw,treatment_u_residualised,-0.013005035804877236
2020-12-30,raw,treatment_u_residualised,-0.008055112562418
2020-12-31,raw,treatment_u_residualised,0.004058775598609336
2021-01-04,raw,treatment_u_residualised,-0.0031052634699299184
2021-01-05,raw,treatment_u_residualised,0.00732199132529452
2021-01-06,raw,treatment_u_residualised,0.02975297237599965
2021-01-07,raw,treatment_u_residualised,0.004318405308553919
2021-01-08,raw,treatment_u_residualised,-0.007201376120871768
2021-01-11,raw,treatment_u_residualised,-0.004547545373661945
2021-01-12,raw,treatment_u_residualised,-0.011047297212745954
2021-01-13,raw,treatment_u_residualised,-0.011701382197536251
2021-01-14,raw,treatment_u_residualised,-0.011712025673578583
2021-01-15,raw,treatment_u_residualised,0.01300663323966224
2021-01-19,raw,treatment_u_residualised,-0.023938628098914443
2021-01-20,raw,treatment_u_residualised,-0.039873068696615006
2021-01-21,raw,treatment_u_residualised,-0.06024319624428305
2021-01-22,raw,treatment_u_residualised,-0.08833431664762681
2021-01-25,raw,treatment_u_residualised,-0.07740993063248378
2021-01-26,raw,treatment_u_residualised,-0.038622751290818824
2021-01-27,raw,treatment_u_residualised,-0.04107932066786897
2021-01-28,raw,treatment_u_residualised,-0.04340224622178385
2021-01-29,raw,treatment_u_residualised,-0.033226279489456494
2021-02-01,raw,treatment_u_residualised,-0.03393327105864359
2021-02-02,raw,treatment_u_residualised,-0.04108469793800512
2021-02-03,raw,treatment_u_residualised,-0.06344736719594549
2021-02-04,raw,treatment_u_residualised,-0.028942227495472133
2021-02-05,raw,treatment_u_residualised,-0.006712690395540252
2021-02-08,raw,treatment_u_residualised,-0.01969189660208895
2021-02-09,raw,treatment_u_residualised,-0.02529772997296976
2021-02-10,raw,treatment_u_residualised,-0.03461595316488321
2021-02-11,raw,treatment_u_residualised,-0.03537537313852581
2021-02-12,raw,treatment_u_residualised,-0.03158325560215771
2021-02-16,raw,treatment_u_residualised,-0.060820749337533536
2021-02-17,raw,treatment_u_residualised,-0.0514087530629906
2021-02-18,raw,treatment_u_residualised,-0.032738778613363904
2021-02-19,raw,treatment_u_residualised,-0.048629742143182664
2021-02-22,raw,treatment_u_residualised,-0.03118610168949414
2021-02-23,raw,treatment_u_residualised,-0.03219025327122374
2021-02-24,raw,treatment_u_residualised,-0.04054831583733666
2021-02-25,raw,treatment_u_residualised,-0.0181021803131466
2021-02-26,raw,treatment_u_residualised,-0.026346236891418313
2021-03-01,raw,treatment_u_residualised,-0.044763453469092704
2021-03-02,raw,treatment_u_residualised,-0.059576241254935255
2021-03-03,raw,treatment_u_residualised,-0.031113824392651913
2021-03-04,raw,treatment_u_residualised,0.013497014495753723
2021-03-05,raw,treatment_u_residualised,0.011177724698516339
2021-03-08,raw,treatment_u_residualised,0.09232885357870911
2021-03-09,raw,treatment_u_residualised,0.07893726887138874
2021-03-10,raw,treatment_u_residualised,0.0780528903896315
2021-03-11,raw,treatment_u_residualised,0.026650911737076892
2021-03-12,raw,treatment_u_residualised,0.07730028728246596
2021-03-15,raw,treatment_u_residualised,0.09731977686135002
2021-03-16,raw,treatment_u_residualised,0.07664732875985569
2021-03-17,raw,treatment_u_residualised,0.04605773783887175
2021-03-18,raw,treatment_u_residualised,0.041215146975399936
2021-03-19,raw,treatment_u_residualised,-0.048926601139173714
2021-03-22,raw,treatment_u_residualised,-0.041427054416387665
2021-03-23,raw,treatment_u_residualised,0.0452383810047209
2021-03-24,raw,treatment_u_residualised,0.044595956396762976
2021-03-25,raw,treatment_u_residualised,0.021162495444655843
2021-03-26,raw,treatment_u_residualised,0.06588251185570036
2021-03-29,raw,treatment_u_residualised,0.05009334684081297
2021-03-30,raw,treatment_u_residualised,0.060900539152033514
2021-03-31,raw,treatment_u_residualised,0.03558567253612499
2021-04-01,raw,treatment_u_residualised,0.04201064066565014
2021-04-05,raw,treatment_u_residualised,0.009642229321114335
2021-04-06,raw,treatment_u_residualised,0.01384581670569518
2021-04-07,raw,treatment_u_residualised,0.055139545364686085
2021-04-08,raw,treatment_u_residualised,0.02859207060651199
2021-04-09,raw,treatment_u_residualised,0.032363749038089924
2021-04-12,raw,treatment_u_residualised,0.0009930737140793023
2021-04-13,raw,treatment_u_residualised,-0.029153689184353238
2021-04-14,raw,treatment_u_residualised,-0.02140258749673031
2021-04-15,raw,treatment_u_residualised,0.006766896586088124
2016-12-29,raw,reference_z_mom,0.0009688414741512788
2016-12-30,raw,reference_z_mom,0.02518648236692106
2017-01-03,raw,reference_z_mom,0.023095236801929563
2017-01-04,raw,reference_z_mom,-0.010615373906196802
2017-01-05,raw,reference_z_mom,0.006177643030219372
2017-01-06,raw,reference_z_mom,0.009792511734287794
2017-01-09,raw,reference_z_mom,0.006012743339395027
2017-01-10,raw,reference_z_mom,0.016294836961588455
2017-01-11,raw,reference_z_mom,0.04121830698293087
2017-01-12,raw,reference_z_mom,0.04004889351936104
2017-01-13,raw,reference_z_mom,0.047230629149081285
2017-01-17,raw,reference_z_mom,0.09087747251320966
2017-01-18,raw,reference_z_mom,0.11238418945617451
2017-01-19,raw,reference_z_mom,0.11272715628338587
2017-01-20,raw,reference_z_mom,0.11729745140608708
2017-01-23,raw,reference_z_mom,0.1478872185041295
2017-01-24,raw,reference_z_mom,0.09864431025952954
2017-01-25,raw,reference_z_mom,0.055595859304812326
2017-01-26,raw,reference_z_mom,0.11273770201055927
2017-01-27,raw,reference_z_mom,0.10959355090052808
2017-01-30,raw,reference_z_mom,0.11827390881917833
2017-01-31,raw,reference_z_mom,0.061007320217501756
2017-02-01,raw,reference_z_mom,0.036967776049900945
2017-02-02,raw,reference_z_mom,0.0432048793321154
2017-02-03,raw,reference_z_mom,0.051986155397787004
2017-02-06,raw,reference_z_mom,0.059414752879712845
2017-02-07,raw,reference_z_mom,0.03380129350738059
2017-02-08,raw,reference_z_mom,0.035106645182182566
2017-02-09,raw,reference_z_mom,0.03359432371444446
2017-02-10,raw,reference_z_mom,0.032502441663805046
2017-02-13,raw,reference_z_mom,0.05391141937020402
2017-02-14,raw,reference_z_mom,0.04035916365298403
2017-02-15,raw,reference_z_mom,0.036516161557508475
2017-02-16,raw,reference_z_mom,0.043236613825520166
2017-02-17,raw,reference_z_mom,0.02197935390782369
2017-02-21,raw,reference_z_mom,0.008818424813978123
2017-02-22,raw,reference_z_mom,-0.0023994250143764967
2017-02-23,raw,reference_z_mom,0.016054107644182088
2017-02-24,raw,reference_z_mom,0.027181014506801868
2017-02-27,raw,reference_z_mom,0.0033188445411383785
2017-02-28,raw,reference_z_mom,0.06432646687012235
2017-03-01,raw,reference_z_mom,0.049958312010739
2017-03-02,raw,reference_z_mom,0.07021763022431343
2017-03-03,raw,reference_z_mom,0.08028766313853342
2017-03-06,raw,reference_z_mom,0.050435455422657746
2017-03-07,raw,reference_z_mom,0.05070703424130499
2017-03-08,raw,reference_z_mom,0.053825861991006224
2017-03-09,raw,reference_z_mom,0.05294603635521716
2017-03-10,raw,reference_z_mom,0.05930578841214395
2017-03-13,raw,reference_z_mom,0.05365735339019787
2017-03-14,raw,reference_z_mom,0.07062521981934111
2017-03-15,raw,reference_z_mom,0.0564294795849293
2017-03-16,raw,reference_z_mom,0.04700754967644293
2017-03-17,raw,reference_z_mom,0.039563309936728575
2017-03-20,raw,reference_z_mom,0.012474727161108937
2017-03-21,raw,reference_z_mom,0.04580854658777274
2017-03-22,raw,reference_z_mom,0.038397180923088116
2017-03-23,raw,reference_z_mom,0.04330081916315591
2017-03-24,raw,reference_z_mom,0.028939906797731584
2017-03-27,raw,reference_z_mom,0.03586631192750277
2017-03-28,raw,reference_z_mom,0.05434527174533395
2017-03-29,raw,reference_z_mom,0.06572414753922849
2017-03-30,raw,reference_z_mom,0.05534020044040572
2017-03-31,raw,reference_z_mom,0.04521593772441507
2017-04-03,raw,reference_z_mom,0.051882365493002285
2017-04-04,raw,reference_z_mom,0.041903810815204605
2017-04-05,raw,reference_z_mom,0.04812438464790887
2017-04-06,raw,reference_z_mom,0.0822269673842363
2017-04-07,raw,reference_z_mom,0.08905802794694687
2017-04-10,raw,reference_z_mom,0.10583958969603532
2017-04-11,raw,reference_z_mom,0.11298069128574785
2017-04-12,raw,reference_z_mom,0.1268121903009803
2017-04-13,raw,reference_z_mom,0.13075126084605337
2017-04-17,raw,reference_z_mom,0.1300233482291971
2017-04-18,raw,reference_z_mom,0.1437252530016978
2017-04-19,raw,reference_z_mom,0.1449260117161574
2017-04-20,raw,reference_z_mom,0.13607230522757718
2017-04-21,raw,reference_z_mom,0.13808012942024195
2017-04-24,raw,reference_z_mom,0.12742254034482825
2017-04-25,raw,reference_z_mom,0.14455073557198533
2017-04-26,raw,reference_z_mom,0.17792017374957753
2017-04-27,raw,reference_z_mom,0.1657130350614711
2017-04-28,raw,reference_z_mom,0.1450731617847499
2017-05-01,raw,reference_z_mom,0.15548956873069258
2017-05-02,raw,reference_z_mom,0.1940726172058492
2017-05-03,raw,reference_z_mom,0.22408350601608745
2017-05-04,raw,reference_z_mom,0.18497911445462362
2017-05-05,raw,reference_z_mom,0.16865447385732626
2017-05-08,raw,reference_z_mom,0.17572990843518532
2017-05-09,raw,reference_z_mom,0.16713825753898104
2017-05-10,raw,reference_z_mom,0.1373861105397987
2017-05-11,raw,reference_z_mom,0.12650970249907684
2017-05-12,raw,reference_z_mom,0.1478059719342041
2017-05-15,raw,reference_z_mom,0.12099103483040077
2017-05-16,raw,reference_z_mom,0.10950497548092297
2017-05-17,raw,reference_z_mom,0.15685529423848504
2017-05-18,raw,reference_z_mom,0.13901065944631608
2017-05-19,raw,reference_z_mom,0.14453935872828114
2017-05-22,raw,reference_z_mom,0.1542899725436102
2017-05-23,raw,reference_z_mom,0.15668423490887276
2017-05-24,raw,reference_z_mom,0.13913758951061217
2017-05-25,raw,reference_z_mom,0.13989555562675796
2017-05-26,raw,reference_z_mom,0.17566013811400447
2017-05-30,raw,reference_z_mom,0.15116218299379164
2017-05-31,raw,reference_z_mom,0.10099062387857352
2017-06-01,raw,reference_z_mom,0.1230193566877729
2017-06-02,raw,reference_z_mom,0.1335981601734625
2017-06-05,raw,reference_z_mom,0.14843649750260154
2017-06-06,raw,reference_z_mom,0.11761951332988767
2017-06-07,raw,reference_z_mom,0.08691141268517238
2017-06-08,raw,reference_z_mom,0.10087461655584645
2017-06-09,raw,reference_z_mom,0.06195157102888513
2017-06-12,raw,reference_z_mom,0.06606054826027336
2017-06-13,raw,reference_z_mom,0.039860111415932764
2017-06-14,raw,reference_z_mom,0.02669682904498098
2017-06-15,raw,reference_z_mom,0.030703371466621235
2017-06-16,raw,reference_z_mom,0.02525071253905205
2017-06-19,raw,reference_z_mom,0.035471074575917805
2017-06-20,raw,reference_z_mom,0.036640411242244444
2017-06-21,raw,reference_z_mom,0.030860659738528674
2017-06-22,raw,reference_z_mom,0.02070909207984092
2017-06-23,raw,reference_z_mom,0.018035096158905212
2017-06-26,raw,reference_z_mom,0.029857616106149027
2017-06-27,raw,reference_z_mom,0.05501470974393501
2017-06-28,raw,reference_z_mom,0.056098041460170986
2017-06-29,raw,reference_z_mom,0.07798464889127225
2017-06-30,raw,reference_z_mom,0.09596858786851542
2017-07-03,raw,reference_z_mom,0.11119284763479484
2017-07-05,raw,reference_z_mom,0.1013736243006897
2017-07-06,raw,reference_z_mom,0.08519704146735983
2017-07-07,raw,reference_z_mom,0.07645835411524114
2017-07-10,raw,reference_z_mom,0.05299377883638314
2017-07-11,raw,reference_z_mom,0.033845905937791035
2017-07-12,raw,reference_z_mom,0.03415069538893612
2017-07-13,raw,reference_z_mom,0.04269775270437901
2017-07-14,raw,reference_z_mom,0.048714602189816464
2017-07-17,raw,reference_z_mom,0.03834123819661088
2017-07-18,raw,reference_z_mom,0.05819864462378779
2017-07-19,raw,reference_z_mom,0.0051531450767381415
2017-07-20,raw,reference_z_mom,0.005849039206134908
2017-07-21,raw,reference_z_mom,0.01507463355374495
2017-07-24,raw,reference_z_mom,-0.004601558151775514
2017-07-25,raw,reference_z_mom,0.00703426184315957
2017-07-26,raw,reference_z_mom,0.018792939572096642
2017-07-27,raw,reference_z_mom,0.04751912288680637
2017-07-28,raw,reference_z_mom,0.0684651120478949
2017-07-31,raw,reference_z_mom,0.06881679879797067
2017-08-01,raw,reference_z_mom,0.05934877032326031
2017-08-02,raw,reference_z_mom,0.0947255683099338
2017-08-03,raw,reference_z_mom,0.08969051084533758
2017-08-04,raw,reference_z_mom,0.07664417145467531
2017-08-07,raw,reference_z_mom,0.0637657537117969
2017-08-08,raw,reference_z_mom,0.07948295205673842
2017-08-09,raw,reference_z_mom,0.10190150798825233
2017-08-10,raw,reference_z_mom,0.12203963888330138
2017-08-11,raw,reference_z_mom,0.10987923341102515
2017-08-14,raw,reference_z_mom,0.06703986152726686
2017-08-15,raw,reference_z_mom,0.10688512278150353
2017-08-16,raw,reference_z_mom,0.1095508848680571
2017-08-17,raw,reference_z_mom,0.10579832589100407
2017-08-18,raw,reference_z_mom,0.09624128097467545
2017-08-21,raw,reference_z_mom,0.12710372916387314
2017-08-22,raw,reference_z_mom,0.11003653206609254
2017-08-23,raw,reference_z_mom,0.12808237234806844
2017-08-24,raw,reference_z_mom,0.135396765333624
2017-08-25,raw,reference_z_mom,0.09827688033593249
2017-08-28,raw,reference_z_mom,0.10999456658143818
2017-08-29,raw,reference_z_mom,0.12962838422574824
2017-08-30,raw,reference_z_mom,0.09586897122645396
2017-08-31,raw,reference_z_mom,0.10653190940174573
2017-09-01,raw,reference_z_mom,0.10278279713042106
2017-09-05,raw,reference_z_mom,0.1272723372255153
2017-09-06,raw,reference_z_mom,0.13620535392538474
2017-09-07,raw,reference_z_mom,0.1557427396793245
2017-09-08,raw,reference_z_mom,0.14237603469269772
2017-09-11,raw,reference_z_mom,0.16856077415035667
2017-09-12,raw,reference_z_mom,0.18312639071176046
2017-09-13,raw,reference_z_mom,0.19014950785333973
2017-09-14,raw,reference_z_mom,0.1786201180680939
2017-09-15,raw,reference_z_mom,0.1743460216754288
2017-09-18,raw,reference_z_mom,0.12815719205569123
2017-09-19,raw,reference_z_mom,0.12386282115623148
2017-09-20,raw,reference_z_mom,0.13202452112616397
2017-09-21,raw,reference_z_mom,0.13723822627351354
2017-09-22,raw,reference_z_mom,0.1287561036641502
2017-09-25,raw,reference_z_mom,0.14904407258654848
2017-09-26,raw,reference_z_mom,0.16723171291417316
2017-09-27,raw,reference_z_mom,0.1491611976986569
2017-09-28,raw,reference_z_mom,0.13313036583168764
2017-09-29,raw,reference_z_mom,0.1027980856446056
2017-10-02,raw,reference_z_mom,0.1044364835038506
2017-10-03,raw,reference_z_mom,0.08063789554312611
2017-10-04,raw,reference_z_mom,0.0560946169801239
2017-10-05,raw,reference_z_mom,0.07144852417502133
2017-10-06,raw,reference_z_mom,0.052468488328121426
2017-10-09,raw,reference_z_mom,0.05415188169127233
2017-10-10,raw,reference_z_mom,0.05341164874512314
2017-10-11,raw,reference_z_mom,0.04408678198616238
2017-10-12,raw,reference_z_mom,0.03609119735611575
2017-10-13,raw,reference_z_mom,0.03024770930524008
2017-10-16,raw,reference_z_mom,0.005856259538282754
2017-10-17,raw,reference_z_mom,0.0039514850865116705
2017-10-18,raw,reference_z_mom,0.017669548112441372
2017-10-19,raw,reference_z_mom,0.0067178126859667245
2017-10-20,raw,reference_z_mom,-0.00797721995909586
2017-10-23,raw,reference_z_mom,-0.0032982583946668705
2017-10-24,raw,reference_z_mom,0.004975842779924489
2017-10-25,raw,reference_z_mom,0.013784398994288174
2017-10-26,raw,reference_z_mom,0.006882479587521983
2017-10-27,raw,reference_z_mom,-0.0034194144841843827
2017-10-30,raw,reference_z_mom,0.0029408836312646777
2017-10-31,raw,reference_z_mom,-0.010978251154176456
2017-11-01,raw,reference_z_mom,0.014734919269319562
2017-11-02,raw,reference_z_mom,0.03585318968275661
2017-11-03,raw,reference_z_mom,-0.0022311244957821073
2017-11-06,raw,reference_z_mom,0.002614023971913933
2017-11-07,raw,reference_z_mom,0.024373352260203037
2017-11-08,raw,reference_z_mom,0.04243924450319688
2017-11-09,raw,reference_z_mom,0.042124701828099645
2017-11-10,raw,reference_z_mom,0.04188708085454468
2017-11-13,raw,reference_z_mom,0.0379603587919645
2017-11-14,raw,reference_z_mom,0.04461368703711144
2017-11-15,raw,reference_z_mom,0.06952366013230707
2017-11-16,raw,reference_z_mom,0.06807902234858597
2017-11-17,raw,reference_z_mom,0.038233376777297344
2017-11-20,raw,reference_z_mom,0.02839340120072801
2017-11-21,raw,reference_z_mom,0.06592111069077376
2017-11-22,raw,reference_z_mom,0.06996125290253172
2017-11-24,raw,reference_z_mom,0.057430217610481143
2017-11-27,raw,reference_z_mom,0.07354904728439812
2017-11-28,raw,reference_z_mom,0.0829335111513638
2017-11-29,raw,reference_z_mom,0.15412508099914582
2017-11-30,raw,reference_z_mom,0.1109121601655424
2017-12-01,raw,reference_z_mom,0.18132743869815318
2017-12-04,raw,reference_z_mom,0.15415637345998365
2017-12-05,raw,reference_z_mom,0.15222530571507104
2017-12-06,raw,reference_z_mom,0.1306992198162905
2017-12-07,raw,reference_z_mom,0.16591932796119271
2017-12-08,raw,reference_z_mom,0.18007396459983488
2017-12-11,raw,reference_z_mom,0.18575790085082103
2017-12-12,raw,reference_z_mom,0.1680560267995675
2017-12-13,raw,reference_z_mom,0.13937946756129727
2017-12-14,raw,reference_z_mom,0.16870863443332598
2017-12-15,raw,reference_z_mom,0.15782625032601272
2017-12-18,raw,reference_z_mom,0.1587593889313993
2017-12-19,raw,reference_z_mom,0.16558880545793928
2017-12-20,raw,reference_z_mom,0.14896333438816745
2017-12-21,raw,reference_z_mom,0.129241308373752
2017-12-22,raw,reference_z_mom,0.1126521134888221
2017-12-26,raw,reference_z_mom,0.14158878847931472
2017-12-27,raw,reference_z_mom,0.14163932291380268
2017-12-28,raw,reference_z_mom,0.1297406658309791
2017-12-29,raw,reference_z_mom,0.09999479969304192
2018-01-02,raw,reference_z_mom,0.05950549409853517
2018-01-03,raw,reference_z_mom,0.024201960487421362
2018-01-04,raw,reference_z_mom,-0.006628397533610716
2018-01-05,raw,reference_z_mom,0.029685327602072466
2018-01-08,raw,reference_z_mom,0.024427532465258556
2018-01-09,raw,reference_z_mom,0.018115358941649333
2018-01-10,raw,reference_z_mom,-0.0058072302284358345
2018-01-11,raw,reference_z_mom,0.019009622813519825
2018-01-12,raw,reference_z_mom,0.001496196782250877
2018-01-16,raw,reference_z_mom,0.042761680680054856
2018-01-17,raw,reference_z_mom,0.02884872766867231
2018-01-18,raw,reference_z_mom,0.02246470428206607
2018-01-19,raw,reference_z_mom,0.04192253784260623
2018-01-22,raw,reference_z_mom,0.009118326113759685
2018-01-23,raw,reference_z_mom,-0.0026073162514869633
2018-01-24,raw,reference_z_mom,0.01283466645261368
2018-01-25,raw,reference_z_mom,0.009983010627610592
2018-01-26,raw,reference_z_mom,-0.008498049893334522
2018-01-29,raw,reference_z_mom,-0.01040687153023629
2018-01-30,raw,reference_z_mom,-0.01211957437303984
2018-01-31,raw,reference_z_mom,-0.0193504682487714
2018-02-01,raw,reference_z_mom,-0.007500744244745042
2018-02-02,raw,reference_z_mom,-0.00028447700097367773
2018-02-05,raw,reference_z_mom,0.014827603421554102
2018-02-06,raw,reference_z_mom,-0.016556830746982228
2018-02-07,raw,reference_z_mom,-0.013074719630547673
2018-02-08,raw,reference_z_mom,0.003436414370074997
2018-02-09,raw,reference_z_mom,0.02562849087862684
2018-02-12,raw,reference_z_mom,0.030493893577345953
2018-02-13,raw,reference_z_mom,0.007113393969812257
2018-02-14,raw,reference_z_mom,-0.002319018334132797
2018-02-15,raw,reference_z_mom,-0.017851673035847018
2018-02-16,raw,reference_z_mom,-0.01744848134018274
2018-02-20,raw,reference_z_mom,-0.02805783827948618
2018-02-21,raw,reference_z_mom,0.006651317880816946
2018-02-22,raw,reference_z_mom,0.03615601564645618
2018-02-23,raw,reference_z_mom,0.005955996202274369
2018-02-26,raw,reference_z_mom,-0.0011790448204156527
2018-02-27,raw,reference_z_mom,-0.030608651828746315
2018-02-28,raw,reference_z_mom,0.010308003488026136
2018-03-01,raw,reference_z_mom,0.02385969454527854
2018-03-02,raw,reference_z_mom,0.019343389312308043
2018-03-05,raw,reference_z_mom,0.012022640818851483
2018-03-06,raw,reference_z_mom,0.0231628301346964
2018-03-07,raw,reference_z_mom,0.021749906201065226
2018-03-08,raw,reference_z_mom,0.03385474583218205
2018-03-09,raw,reference_z_mom,0.027269656262884544
2018-03-12,raw,reference_z_mom,0.021255626971826688
2018-03-13,raw,reference_z_mom,0.04238777485271586
2018-03-14,raw,reference_z_mom,0.037397894976622534
2018-03-15,raw,reference_z_mom,-0.005040201030046618
2018-03-16,raw,reference_z_mom,-0.005676650470833693
2018-03-19,raw,reference_z_mom,0.002637000527250243
2018-03-20,raw,reference_z_mom,0.000418462622152011
2018-03-21,raw,reference_z_mom,0.013397583003470328
2018-03-22,raw,reference_z_mom,0.031039325233353007
2018-03-23,raw,reference_z_mom,0.03436180725257781
2018-03-26,raw,reference_z_mom,-0.0010349325732674141
2018-03-27,raw,reference_z_mom,0.010885740682055629
2018-03-28,raw,reference_z_mom,0.07411813457824777
2018-03-29,raw,reference_z_mom,0.05414307205454418
2018-04-02,raw,reference_z_mom,0.027135096807487057
2018-04-03,raw,reference_z_mom,0.027162382624630943
2018-04-04,raw,reference_z_mom,0.029708428529048564
2018-04-05,raw,reference_z_mom,0.04649296808402173
2018-04-06,raw,reference_z_mom,0.018779040279688547
2018-04-09,raw,reference_z_mom,0.02318114387907936
2018-04-10,raw,reference_z_mom,0.01206222625942753
2018-04-11,raw,reference_z_mom,0.0114948333999713
2018-04-12,raw,reference_z_mom,-0.007099516702442115
2018-04-13,raw,reference_z_mom,0.005643495264652793
2018-04-16,raw,reference_z_mom,-0.0072937137721006545
2018-04-17,raw,reference_z_mom,-0.00039178069035770806
2018-04-18,raw,reference_z_mom,-0.02491566137206938
2018-04-19,raw,reference_z_mom,-0.022389933280058977
2018-04-20,raw,reference_z_mom,-0.034630881514576516
2018-04-23,raw,reference_z_mom,-0.022064418749821634
2018-04-24,raw,reference_z_mom,0.007748200122262045
2018-04-25,raw,reference_z_mom,-0.0038350129545497748
2018-04-26,raw,reference_z_mom,0.001876930865788129
2018-04-27,raw,reference_z_mom,0.03259687563857089
2018-04-30,raw,reference_z_mom,-0.0033258888323945924
2018-05-01,raw,reference_z_mom,-0.025857779461523456
2018-05-02,raw,reference_z_mom,-0.019797770120732354
2018-05-03,raw,reference_z_mom,-0.030674767065633195
2018-05-04,raw,reference_z_mom,-0.049394606547658024
2018-05-07,raw,reference_z_mom,-0.039089922995702096
2018-05-08,raw,reference_z_mom,-0.09651316698300438
2018-05-09,raw,reference_z_mom,-0.09318963476688452
2018-05-10,raw,reference_z_mom,-0.08640594500899366
2018-05-11,raw,reference_z_mom,-0.058987353752142875
2018-05-14,raw,reference_z_mom,-0.050070034393374055
2018-05-15,raw,reference_z_mom,-0.04269493749343982
2018-05-16,raw,reference_z_mom,-0.050201272878974725
2018-05-17,raw,reference_z_mom,-0.04123073759707183
2018-05-18,raw,reference_z_mom,-0.03740636238450555
2018-05-21,raw,reference_z_mom,-0.049539320067412435
2018-05-22,raw,reference_z_mom,-0.08224228294508057
2018-05-23,raw,reference_z_mom,-0.10009333318583083
2018-05-24,raw,reference_z_mom,-0.11172991998174599
2018-05-25,raw,reference_z_mom,-0.09210551130665559
2018-05-29,raw,reference_z_mom,-0.09121824902461767
2018-05-30,raw,reference_z_mom,-0.10477712345386501
2018-05-31,raw,reference_z_mom,-0.12416522091456175
2018-06-01,raw,reference_z_mom,-0.11906974013111156
2018-06-04,raw,reference_z_mom,-0.12008263668850652
2018-06-05,raw,reference_z_mom,-0.11102481711176426
2018-06-06,raw,reference_z_mom,-0.12181564008315689
2018-06-07,raw,reference_z_mom,-0.09646686379280812
2018-06-08,raw,reference_z_mom,-0.06630933848854395
2018-06-11,raw,reference_z_mom,-0.06175809624524736
2018-06-12,raw,reference_z_mom,-0.08208320911627646
2018-06-13,raw,reference_z_mom,-0.08243340717469305
2018-06-14,raw,reference_z_mom,-0.09074753632812244
2018-06-15,raw,reference_z_mom,-0.07757252407526381
2018-06-18,raw,reference_z_mom,-0.11820676337867503
2018-06-19,raw,reference_z_mom,-0.06301303072223498
2018-06-20,raw,reference_z_mom,-0.09958427638953253
2018-06-21,raw,reference_z_mom,-0.10463672276726581
2018-06-22,raw,reference_z_mom,-0.07215848446573597
2018-06-25,raw,reference_z_mom,-0.08431360114957998
2018-06-26,raw,reference_z_mom,-0.09132543132752112
2018-06-27,raw,reference_z_mom,-0.07347489841037633
2018-06-28,raw,reference_z_mom,-0.08561183072717939
2018-06-29,raw,reference_z_mom,-0.0660851412358852
2018-07-02,raw,reference_z_mom,-0.09421491755073332
2018-07-03,raw,reference_z_mom,-0.08706880114692657
2018-07-05,raw,reference_z_mom,-0.0761214123781955
2018-07-06,raw,reference_z_mom,-0.07792321204637945
2018-07-09,raw,reference_z_mom,-0.08179851573292904
2018-07-10,raw,reference_z_mom,-0.07971606284756605
2018-07-11,raw,reference_z_mom,-0.07608402518004073
2018-07-12,raw,reference_z_mom,-0.05744724940608669
2018-07-13,raw,reference_z_mom,-0.06993979245569859
2018-07-16,raw,reference_z_mom,-0.052859220675276604
2018-07-17,raw,reference_z_mom,-0.05655042420715039
2018-07-18,raw,reference_z_mom,-0.005892215749592784
2018-07-19,raw,reference_z_mom,-0.004622552852411262
2018-07-20,raw,reference_z_mom,0.001262514643419671
2018-07-23,raw,reference_z_mom,-0.00047858506192322925
2018-07-24,raw,reference_z_mom,0.03195176980754585
2018-07-25,raw,reference_z_mom,0.002173301900619283
2018-07-26,raw,reference_z_mom,-0.003397880359210368
2018-07-27,raw,reference_z_mom,0.011725763903930656
2018-07-30,raw,reference_z_mom,0.03252730348970664
2018-07-31,raw,reference_z_mom,0.022233701021751966
2018-08-01,raw,reference_z_mom,0.026762332266158668
2018-08-02,raw,reference_z_mom,0.01671616374645135
2018-08-03,raw,reference_z_mom,0.0315631215413124
2018-08-06,raw,reference_z_mom,-0.004404612222743556
2018-08-07,raw,reference_z_mom,0.005779337455923494
2018-08-08,raw,reference_z_mom,0.02216204281479265
2018-08-09,raw,reference_z_mom,-0.018131921617111767
2018-08-10,raw,reference_z_mom,0.01549076536581407
2018-08-13,raw,reference_z_mom,0.02232412266756946
2018-08-14,raw,reference_z_mom,0.01976531841127179
2018-08-15,raw,reference_z_mom,0.026559032541456588
2018-08-16,raw,reference_z_mom,0.0437932467044653
2018-08-17,raw,reference_z_mom,0.029818347993582774
2018-08-20,raw,reference_z_mom,0.06773229483775427
2018-08-21,raw,reference_z_mom,0.04129361304846357
2018-08-22,raw,reference_z_mom,0.036460275927118826
2018-08-23,raw,reference_z_mom,0.023098251640348254
2018-08-24,raw,reference_z_mom,-0.01877752606366781
2018-08-27,raw,reference_z_mom,-0.008688076219307407
2018-08-28,raw,reference_z_mom,-0.005981080795732854
2018-08-29,raw,reference_z_mom,-0.0004201573787585358
2018-08-30,raw,reference_z_mom,-0.015813210058284274
2018-08-31,raw,reference_z_mom,-0.005339403038974691
2018-09-04,raw,reference_z_mom,-0.07040146023631591
2018-09-05,raw,reference_z_mom,-0.02731541734133881
2018-09-06,raw,reference_z_mom,-0.020441658291110533
2018-09-07,raw,reference_z_mom,-0.03429954971927861
2018-09-10,raw,reference_z_mom,-0.03364468589022485
2018-09-11,raw,reference_z_mom,-0.04004517053042014
2018-09-12,raw,reference_z_mom,-0.04972979547671662
2018-09-13,raw,reference_z_mom,-0.012289294821959567
2018-09-14,raw,reference_z_mom,-0.004057669495373485
2018-09-17,raw,reference_z_mom,0.011471173513305115
2018-09-18,raw,reference_z_mom,0.009887423354254816
2018-09-19,raw,reference_z_mom,0.01746093149207608
2018-09-20,raw,reference_z_mom,0.014205829951763779
2018-09-21,raw,reference_z_mom,0.012578948792600006
2018-09-24,raw,reference_z_mom,0.004543201798118124
2018-09-25,raw,reference_z_mom,0.0028957944755680365
2018-09-26,raw,reference_z_mom,0.013008174991660994
2018-09-27,raw,reference_z_mom,-0.003197055859181931
2018-09-28,raw,reference_z_mom,0.044004918145529856
2018-10-01,raw,reference_z_mom,0.008519129812810156
2018-10-02,raw,reference_z_mom,0.010461490195407798
2018-10-03,raw,reference_z_mom,0.002482195162168535
2018-10-04,raw,reference_z_mom,0.048958070784597206
2018-10-05,raw,reference_z_mom,0.0629880125559377
2018-10-08,raw,reference_z_mom,0.10163214718017813
2018-10-09,raw,reference_z_mom,0.09845841993469656
2018-10-10,raw,reference_z_mom,0.10735606195250125
2018-10-11,raw,reference_z_mom,0.02294655876217492
2018-10-12,raw,reference_z_mom,-0.006161629886242012
2018-10-15,raw,reference_z_mom,0.010443044533049228
2018-10-16,raw,reference_z_mom,0.06404288194777874
2018-10-17,raw,reference_z_mom,0.0875771298119321
2018-10-18,raw,reference_z_mom,0.0754733709125473
2018-10-19,raw,reference_z_mom,0.14092897659683806
2018-10-22,raw,reference_z_mom,0.08307445843709171
2018-10-23,raw,reference_z_mom,0.10216006969824107
2018-10-24,raw,reference_z_mom,0.10599777575056167
2018-10-25,raw,reference_z_mom,0.13228207613221338
2018-10-26,raw,reference_z_mom,0.15997571331672333
2018-10-29,raw,reference_z_mom,0.16610928540825454
2018-10-30,raw,reference_z_mom,0.17359678078577342
2018-10-31,raw,reference_z_mom,0.16255345270783433
2018-11-01,raw,reference_z_mom,0.13710506864637678
2018-11-02,raw,reference_z_mom,0.1271349787889544
2018-11-05,raw,reference_z_mom,0.11399104603827356
2018-11-06,raw,reference_z_mom,0.1269429337775794
2018-11-07,raw,reference_z_mom,0.09037901574156283
2018-11-08,raw,reference_z_mom,0.13939412631212567
2018-11-09,raw,reference_z_mom,0.15113267188071522
2018-11-12,raw,reference_z_mom,0.16908991852500987
2018-11-13,raw,reference_z_mom,0.1966153377049108
2018-11-14,raw,reference_z_mom,0.21193774470700782
2018-11-15,raw,reference_z_mom,0.17893618236055586
2018-11-16,raw,reference_z_mom,0.17528915390605965
2018-11-19,raw,reference_z_mom,0.2394011187097223
2018-11-20,raw,reference_z_mom,0.28969315604437695
2018-11-21,raw,reference_z_mom,0.19503874501902146
2018-11-23,raw,reference_z_mom,0.2541707277548596
2018-11-26,raw,reference_z_mom,0.22380171849267116
2018-11-27,raw,reference_z_mom,0.23169245872860178
2018-11-28,raw,reference_z_mom,0.17619484152896525
2018-11-29,raw,reference_z_mom,0.19808353260832284
2018-11-30,raw,reference_z_mom,0.22759153088509043
2018-12-03,raw,reference_z_mom,0.1868980235829502
2018-12-04,raw,reference_z_mom,0.20098987241117502
2018-12-06,raw,reference_z_mom,0.1764755637728994
2018-12-07,raw,reference_z_mom,0.1670656630972703
2018-12-10,raw,reference_z_mom,0.1826883258670294
2018-12-11,raw,reference_z_mom,0.20297454150268324
2018-12-12,raw,reference_z_mom,0.17777852277922812
2018-12-13,raw,reference_z_mom,0.2093138935126876
2018-12-14,raw,reference_z_mom,0.16225631187565615
2018-12-17,raw,reference_z_mom,0.22228477755153048
2018-12-18,raw,reference_z_mom,0.19022972973603586
2018-12-19,raw,reference_z_mom,0.17186919505870601
2018-12-20,raw,reference_z_mom,0.19305791636683034
2018-12-21,raw,reference_z_mom,0.22113813855775621
2018-12-24,raw,reference_z_mom,0.19768577789500325
2018-12-26,raw,reference_z_mom,0.18621591842104263
2018-12-27,raw,reference_z_mom,0.175105363091559
2018-12-28,raw,reference_z_mom,0.19425789232113083
2018-12-31,raw,reference_z_mom,0.1729776659683197
2019-01-02,raw,reference_z_mom,0.1820998341244151
2019-01-03,raw,reference_z_mom,0.1947700028651121
2019-01-04,raw,reference_z_mom,0.14940731000577762
2019-01-07,raw,reference_z_mom,0.10449990487998272
2019-01-08,raw,reference_z_mom,0.10600582022226823
2019-01-09,raw,reference_z_mom,0.14327562767864283
2019-01-10,raw,reference_z_mom,0.17019916489473932
2019-01-11,raw,reference_z_mom,0.15706529737458136
2019-01-14,raw,reference_z_mom,0.17940859072747398
2019-01-15,raw,reference_z_mom,0.15931360833210617
2019-01-16,raw,reference_z_mom,0.18987126942616492
2019-01-17,raw,reference_z_mom,0.16598030624150853
2019-01-18,raw,reference_z_mom,0.15281921981401358
2019-01-22,raw,reference_z_mom,0.14335865014549926
2019-01-23,raw,reference_z_mom,0.1002176838993801
2019-01-24,raw,reference_z_mom,0.12618142772924518
2019-01-25,raw,reference_z_mom,0.11064858043347536
2019-01-28,raw,reference_z_mom,0.1449818941341275
2019-01-29,raw,reference_z_mom,0.13765155683154567
2019-01-30,raw,reference_z_mom,0.11239786265929949
2019-01-31,raw,reference_z_mom,0.08202855643062715
2019-02-01,raw,reference_z_mom,0.07228511046478606
2019-02-04,raw,reference_z_mom,0.08416272359896518
2019-02-05,raw,reference_z_mom,0.0821511008430405
2019-02-06,raw,reference_z_mom,0.07609968590759215
2019-02-07,raw,reference_z_mom,0.06754753184218096
2019-02-08,raw,reference_z_mom,0.05032408643330364
2019-02-11,raw,reference_z_mom,0.054282756360715424
2019-02-12,raw,reference_z_mom,0.0529273304663999
2019-02-13,raw,reference_z_mom,0.060698751757525767
2019-02-14,raw,reference_z_mom,0.0436988158735976
2019-02-15,raw,reference_z_mom,0.060691314631127535
2019-02-19,raw,reference_z_mom,0.09024105207614685
2019-02-20,raw,reference_z_mom,0.11325001176904215
2019-02-21,raw,reference_z_mom,0.08812545482164331
2019-02-22,raw,reference_z_mom,0.07772363795586687
2019-02-25,raw,reference_z_mom,0.09259329945830239
2019-02-26,raw,reference_z_mom,0.10119870395953426
2019-02-27,raw,reference_z_mom,0.08408975266165326
2019-02-28,raw,reference_z_mom,0.0789845893979152
2019-03-01,raw,reference_z_mom,0.10504888747461992
2019-03-04,raw,reference_z_mom,0.1115279488295595
2019-03-05,raw,reference_z_mom,0.13104160228366457
2019-03-06,raw,reference_z_mom,0.14914603355449638
2019-03-07,raw,reference_z_mom,0.14752332960101683
2019-03-08,raw,reference_z_mom,0.12209911457328938
2019-03-11,raw,reference_z_mom,0.12175528153265852
2019-03-12,raw,reference_z_mom,0.10540777896500737
2019-03-13,raw,reference_z_mom,0.11219160317671904
2019-03-14,raw,reference_z_mom,0.08398616308872069
2019-03-15,raw,reference_z_mom,0.05967217262768714
2019-03-18,raw,reference_z_mom,0.04395461666712251
2019-03-19,raw,reference_z_mom,0.001253158240953815
2019-03-20,raw,reference_z_mom,-0.031006077724677564
2019-03-21,raw,reference_z_mom,-0.06433738332876378
2019-03-22,raw,reference_z_mom,-0.07024666662852944
2019-03-25,raw,reference_z_mom,-0.07912059888194797
2019-03-26,raw,reference_z_mom,-0.06748621044733866
2019-03-27,raw,reference_z_mom,-0.060648683200066215
2019-03-28,raw,reference_z_mom,-0.04754485713521292
2019-03-29,raw,reference_z_mom,-0.04891963823156681
2019-04-01,raw,reference_z_mom,-0.027776271587334034
2019-04-02,raw,reference_z_mom,-0.03493519248132324
2019-04-03,raw,reference_z_mom,-0.048255472871554225
2019-04-04,raw,reference_z_mom,-0.029287365630023675
2019-04-05,raw,reference_z_mom,-0.018160755173071058
2019-04-08,raw,reference_z_mom,-0.031893784175457865
2019-04-09,raw,reference_z_mom,-0.03297575034632593
2019-04-10,raw,reference_z_mom,-0.037448938483817945
2019-04-11,raw,reference_z_mom,-0.03259832561531018
2019-04-12,raw,reference_z_mom,-0.02934301349530581
2019-04-15,raw,reference_z_mom,-0.034758995131478926
2019-04-16,raw,reference_z_mom,-0.010333026332233167
2019-04-17,raw,reference_z_mom,0.001578223250153091
2019-04-18,raw,reference_z_mom,0.0154829651413738
2019-04-22,raw,reference_z_mom,0.009020588959087725
2019-04-23,raw,reference_z_mom,0.02685630574949953
2019-04-24,raw,reference_z_mom,0.007838245894651706
2019-04-25,raw,reference_z_mom,0.01472487546612794
2019-04-26,raw,reference_z_mom,-0.01502866984653592
2019-04-29,raw,reference_z_mom,-0.044233422597199416
2019-04-30,raw,reference_z_mom,-0.05663238363688176
2019-05-01,raw,reference_z_mom,-0.05260174195816585
2019-05-02,raw,reference_z_mom,-0.05099355846975297
2019-05-03,raw,reference_z_mom,-0.05130269269959355
2019-05-06,raw,reference_z_mom,-0.03280503089799013
2019-05-07,raw,reference_z_mom,-0.037211922489682775
2019-05-08,raw,reference_z_mom,-0.06316892604374977
2019-05-09,raw,reference_z_mom,-0.06755005956233662
2019-05-10,raw,reference_z_mom,-0.056965415487504986
2019-05-13,raw,reference_z_mom,-0.07042283685813065
2019-05-14,raw,reference_z_mom,-0.0796406427133878
2019-05-15,raw,reference_z_mom,-0.10362853813287931
2019-05-16,raw,reference_z_mom,-0.11430450736711187
2019-05-17,raw,reference_z_mom,-0.08818536114942631
2019-05-20,raw,reference_z_mom,-0.12052319656684433
2019-05-21,raw,reference_z_mom,-0.10467777173369382
2019-05-22,raw,reference_z_mom,-0.09815705903345204
2019-05-23,raw,reference_z_mom,-0.08063410178497558
2019-05-24,raw,reference_z_mom,-0.07621336145390446
2019-05-28,raw,reference_z_mom,-0.09299038826306409
2019-05-29,raw,reference_z_mom,-0.08264639171895699
2019-05-30,raw,reference_z_mom,-0.07786864352121164
2019-05-31,raw,reference_z_mom,-0.07131000984459532
2019-06-03,raw,reference_z_mom,-0.03818872998955365
2019-06-04,raw,reference_z_mom,-0.05286863190481713
2019-06-05,raw,reference_z_mom,-0.08691406376014062
2019-06-06,raw,reference_z_mom,-0.09335657223076496
2019-06-07,raw,reference_z_mom,-0.10390859085123741
2019-06-10,raw,reference_z_mom,-0.10596134299194938
2019-06-11,raw,reference_z_mom,-0.09345253927669189
2019-06-12,raw,reference_z_mom,-0.1116489184421594
2019-06-13,raw,reference_z_mom,-0.09170457608832333
2019-06-14,raw,reference_z_mom,-0.09961141576137528
2019-06-17,raw,reference_z_mom,-0.10012099543327446
2019-06-18,raw,reference_z_mom,-0.10545902200298743
2019-06-19,raw,reference_z_mom,-0.11153402035347401
2019-06-20,raw,reference_z_mom,-0.11992169000852865
2019-06-21,raw,reference_z_mom,-0.12045569568455075
2019-06-24,raw,reference_z_mom,-0.13727071661344828
2019-06-25,raw,reference_z_mom,-0.13055819477519331
2019-06-26,raw,reference_z_mom,-0.11493777307596358
2019-06-27,raw,reference_z_mom,-0.11816697677317542
2019-06-28,raw,reference_z_mom,-0.099383078927267
2019-07-01,raw,reference_z_mom,-0.09012700965312442
2019-07-02,raw,reference_z_mom,-0.07702171711923475
2019-07-03,raw,reference_z_mom,-0.0921840992363114
2019-07-05,raw,reference_z_mom,-0.0922843337449103
2019-07-08,raw,reference_z_mom,-0.10382820469639277
2019-07-09,raw,reference_z_mom,-0.1462977749329264
2019-07-10,raw,reference_z_mom,-0.14640098827636064
2019-07-11,raw,reference_z_mom,-0.08707569712300874
2019-07-12,raw,reference_z_mom,-0.10106728760558674
2019-07-15,raw,reference_z_mom,-0.08760015334856175
2019-07-16,raw,reference_z_mom,-0.09981433163760015
2019-07-17,raw,reference_z_mom,-0.10773565405514814
2019-07-18,raw,reference_z_mom,-0.1070304950485686
2019-07-19,raw,reference_z_mom,-0.10513021593117736
2019-07-22,raw,reference_z_mom,-0.08755423902573445
2019-07-23,raw,reference_z_mom,-0.07439993196039979
2019-07-24,raw,reference_z_mom,-0.08923162506129216
2019-07-25,raw,reference_z_mom,-0.08874618310946966
2019-07-26,raw,reference_z_mom,-0.09727057711567186
2019-07-29,raw,reference_z_mom,-0.06934405548214848
2019-07-30,raw,reference_z_mom,-0.06981459712150503
2019-07-31,raw,reference_z_mom,-0.08274265550801607
2019-08-01,raw,reference_z_mom,-0.0781158670930963
2019-08-02,raw,reference_z_mom,-0.07263628657282367
2019-08-05,raw,reference_z_mom,-0.06547933606404235
2019-08-06,raw,reference_z_mom,-0.06438584550571674
2019-08-07,raw,reference_z_mom,-0.07899867214734108
2019-08-08,raw,reference_z_mom,-0.07884776100510686
2019-08-09,raw,reference_z_mom,-0.06543414611505328
2019-08-12,raw,reference_z_mom,-0.060543031517827466
2019-08-13,raw,reference_z_mom,-0.058928875012419814
2019-08-14,raw,reference_z_mom,-0.07406190770079207
2019-08-15,raw,reference_z_mom,-0.07785161315006017
2019-08-16,raw,reference_z_mom,-0.06798907148522641
2019-08-19,raw,reference_z_mom,-0.04192713046521589
2019-08-20,raw,reference_z_mom,-0.046714208559591484
2019-08-21,raw,reference_z_mom,-0.0629723806216522
2019-08-22,raw,reference_z_mom,-0.05668191210628164
2019-08-23,raw,reference_z_mom,-0.05098328194119693
2019-08-26,raw,reference_z_mom,-0.05070232799684972
2019-08-27,raw,reference_z_mom,-0.05696362186471343
2019-08-28,raw,reference_z_mom,-0.12240766091400318
2019-08-29,raw,reference_z_mom,-0.11785307385347867
2019-08-30,raw,reference_z_mom,-0.09543884525741236
2019-09-03,raw,reference_z_mom,-0.07848563008958151
2019-09-04,raw,reference_z_mom,-0.07621079843035453
2019-09-05,raw,reference_z_mom,-0.04565154382381842
2019-09-06,raw,reference_z_mom,-0.025816507567490442
2019-09-09,raw,reference_z_mom,-0.014013770633663252
2019-09-10,raw,reference_z_mom,0.017738268925629918
2019-09-11,raw,reference_z_mom,0.0023574489245004014
2019-09-12,raw,reference_z_mom,0.04690821879275275
2019-09-13,raw,reference_z_mom,0.037421597156548886
2019-09-16,raw,reference_z_mom,0.02561796544902985
2019-09-17,raw,reference_z_mom,-0.010031143727449517
2019-09-18,raw,reference_z_mom,-0.033029928623665966
2019-09-19,raw,reference_z_mom,-0.03886643546129865
2019-09-20,raw,reference_z_mom,-0.05594967062151066
2019-09-23,raw,reference_z_mom,-0.040259363443878385
2019-09-24,raw,reference_z_mom,-0.006892809700845243
2019-09-25,raw,reference_z_mom,0.031191399131877462
2019-09-26,raw,reference_z_mom,0.02637862176500262
2019-09-27,raw,reference_z_mom,0.04371263488678669
2019-09-30,raw,reference_z_mom,0.06456233077071663
2019-10-01,raw,reference_z_mom,0.03297474132293221
2019-10-02,raw,reference_z_mom,0.03703413032946369
2019-10-03,raw,reference_z_mom,0.023991102758066735
2019-10-04,raw,reference_z_mom,0.027680240693564173
2019-10-07,raw,reference_z_mom,-0.011675445502256368
2019-10-08,raw,reference_z_mom,0.05222107234748143
2019-10-09,raw,reference_z_mom,0.08968679052867566
2019-10-10,raw,reference_z_mom,0.047826370374455696
2019-10-11,raw,reference_z_mom,0.036666778881573034
2019-10-14,raw,reference_z_mom,0.05897709666717785
2019-10-15,raw,reference_z_mom,0.03885039875559196
2019-10-16,raw,reference_z_mom,0.06345626893251877
2019-10-17,raw,reference_z_mom,0.06698608940306519
2019-10-18,raw,reference_z_mom,0.08922708878746304
2019-10-21,raw,reference_z_mom,0.08294467198692164
2019-10-22,raw,reference_z_mom,0.10481891588223721
2019-10-23,raw,reference_z_mom,0.14317626147750098
2019-10-24,raw,reference_z_mom,0.1812432531193253
2019-10-25,raw,reference_z_mom,0.14748268176036863
2019-10-28,raw,reference_z_mom,0.12878480878294174
2019-10-29,raw,reference_z_mom,0.1857564778553257
2019-10-30,raw,reference_z_mom,0.14200541239528297
2019-10-31,raw,reference_z_mom,0.14575489189708135
2019-11-01,raw,reference_z_mom,0.1296531164762127
2019-11-04,raw,reference_z_mom,0.17834146302672138
2019-11-05,raw,reference_z_mom,0.12519591791677112
2019-11-06,raw,reference_z_mom,0.08811180026380822
2019-11-07,raw,reference_z_mom,0.15481184451623412
2019-11-08,raw,reference_z_mom,0.18580803277274255
2019-11-11,raw,reference_z_mom,0.19509895737763716
2019-11-12,raw,reference_z_mom,0.20367986075148195
2019-11-13,raw,reference_z_mom,0.19694272215722364
2019-11-14,raw,reference_z_mom,0.20714302683813146
2019-11-15,raw,reference_z_mom,0.19461507346545523
2019-11-18,raw,reference_z_mom,0.18251793631730853
2019-11-19,raw,reference_z_mom,0.16460647468766615
2019-11-20,raw,reference_z_mom,0.17916901948396147
2019-11-21,raw,reference_z_mom,0.2047277222232448
2019-11-22,raw,reference_z_mom,0.1840495466303095
2019-11-25,raw,reference_z_mom,0.21866554336100136
2019-11-26,raw,reference_z_mom,0.1919917889467514
2019-11-27,raw,reference_z_mom,0.15784624485543072
2019-11-29,raw,reference_z_mom,0.13740345172018634
2019-12-02,raw,reference_z_mom,0.15527757732526554
2019-12-03,raw,reference_z_mom,0.10466781757371448
2019-12-04,raw,reference_z_mom,0.05648053819436047
2019-12-05,raw,reference_z_mom,0.1259064644567563
2019-12-06,raw,reference_z_mom,0.05520081030402463
2019-12-09,raw,reference_z_mom,0.07900028122935818
2019-12-10,raw,reference_z_mom,0.08460367717239897
2019-12-11,raw,reference_z_mom,0.07434936968678069
2019-12-12,raw,reference_z_mom,0.05289094115666017
2019-12-13,raw,reference_z_mom,0.09134430109652927
2019-12-16,raw,reference_z_mom,0.1342358180915122
2019-12-17,raw,reference_z_mom,0.10875851772395652
2019-12-18,raw,reference_z_mom,0.15664689740944404
2019-12-19,raw,reference_z_mom,0.13513246169776977
2019-12-20,raw,reference_z_mom,0.16422591755487523
2019-12-23,raw,reference_z_mom,0.1387579358989538
2019-12-24,raw,reference_z_mom,0.15584786782099175
2019-12-26,raw,reference_z_mom,0.1889562154568171
2019-12-27,raw,reference_z_mom,0.19827934785917306
2019-12-30,raw,reference_z_mom,0.21944878307534044
2019-12-31,raw,reference_z_mom,0.24432153058555117
2020-01-02,raw,reference_z_mom,0.18575247672956313
2020-01-03,raw,reference_z_mom,0.13287264739503923
2020-01-06,raw,reference_z_mom,0.10854187574919506
2020-01-07,raw,reference_z_mom,0.13743384486459012
2020-01-08,raw,reference_z_mom,0.14587648412165333
2020-01-09,raw,reference_z_mom,0.1377062092239725
2020-01-10,raw,reference_z_mom,0.14461003950269932
2020-01-13,raw,reference_z_mom,0.16213670535158783
2020-01-14,raw,reference_z_mom,0.16180329688905626
2020-01-15,raw,reference_z_mom,0.1694318720141902
2020-01-16,raw,reference_z_mom,0.2243042013520531
2020-01-17,raw,reference_z_mom,0.11917281683986647
2020-01-21,raw,reference_z_mom,0.09112610517168149
2020-01-22,raw,reference_z_mom,0.05774925526941048
2020-01-23,raw,reference_z_mom,0.10350265850660473
2020-01-24,raw,reference_z_mom,0.1793858009555852
2020-01-27,raw,reference_z_mom,0.2013864577036141
2020-01-28,raw,reference_z_mom,0.1977459557190494
2020-01-29,raw,reference_z_mom,0.19603414217315102
2020-01-30,raw,reference_z_mom,0.20761814255054706
2020-01-31,raw,reference_z_mom,0.20728100824191475
2020-02-03,raw,reference_z_mom,0.2284637996896075
2020-02-04,raw,reference_z_mom,0.23045618599955087
2020-02-05,raw,reference_z_mom,0.2333124311541229
2020-02-06,raw,reference_z_mom,0.23672230335427233
2020-02-07,raw,reference_z_mom,0.2752269279625677
2020-02-10,raw,reference_z_mom,0.28572996477232326
2020-02-11,raw,reference_z_mom,0.3210044462747475
2020-02-12,raw,reference_z_mom,0.3059699659624736
2020-02-13,raw,reference_z_mom,0.30570066386756634
2020-02-14,raw,reference_z_mom,0.30458031344617414
2020-02-18,raw,reference_z_mom,0.2775848419301112
2020-02-19,raw,reference_z_mom,0.1929861222521445
2020-02-20,raw,reference_z_mom,0.23754815611888072
2020-02-21,raw,reference_z_mom,0.3196366626973325
2020-02-24,raw,reference_z_mom,0.34091145011396506
2020-02-25,raw,reference_z_mom,0.3543792465627533
2020-02-26,raw,reference_z_mom,0.3699515131408351
2020-02-27,raw,reference_z_mom,0.4252136133342135
2020-02-28,raw,reference_z_mom,0.3879631021057916
2020-03-02,raw,reference_z_mom,0.32210454950866874
2020-03-03,raw,reference_z_mom,0.3512595254238046
2020-03-04,raw,reference_z_mom,0.3547497640507536
2020-03-05,raw,reference_z_mom,0.3698065944835462
2020-03-06,raw,reference_z_mom,0.3565519202738224
2020-03-09,raw,reference_z_mom,0.41287271196620434
2020-03-10,raw,reference_z_mom,0.36759819429817
2020-03-11,raw,reference_z_mom,0.3695151836938835
2020-03-12,raw,reference_z_mom,0.4022837815604934
2020-03-13,raw,reference_z_mom,0.4069748038075738
2020-03-16,raw,reference_z_mom,0.4261451680595401
2020-03-17,raw,reference_z_mom,0.34347765157512594
2020-03-18,raw,reference_z_mom,0.3451790125172996
2020-03-19,raw,reference_z_mom,0.3304398310765642
2020-03-20,raw,reference_z_mom,0.35665504735466497
2020-03-23,raw,reference_z_mom,0.29038311805155825
2020-03-24,raw,reference_z_mom,0.28941519942172356
2020-03-25,raw,reference_z_mom,0.40119965272245406
2020-03-26,raw,reference_z_mom,0.3597920942274669
2020-03-27,raw,reference_z_mom,0.3566060384229173
2020-03-30,raw,reference_z_mom,0.3399408599340526
2020-03-31,raw,reference_z_mom,0.36754112270633116
2020-04-01,raw,reference_z_mom,0.3726950611955898
2020-04-02,raw,reference_z_mom,0.3535608084756946
2020-04-03,raw,reference_z_mom,0.35881290351770456
2020-04-06,raw,reference_z_mom,0.3287400953586186
2020-04-07,raw,reference_z_mom,0.3533186878737574
2020-04-08,raw,reference_z_mom,0.37174594261515187
2020-04-09,raw,reference_z_mom,0.2990074223155944
2020-04-13,raw,reference_z_mom,0.39155644129563105
2020-04-14,raw,reference_z_mom,0.08931002935443469
2020-04-15,raw,reference_z_mom,0.08740969232215826
2020-04-16,raw,reference_z_mom,0.20441276863269026
2020-04-17,raw,reference_z_mom,0.19456060701401753
2020-04-20,raw,reference_z_mom,0.17714255820718228
2020-04-21,raw,reference_z_mom,0.2740445358939598
2020-04-22,raw,reference_z_mom,0.2712402274078463
2020-04-23,raw,reference_z_mom,0.33951461457179954
2020-04-24,raw,reference_z_mom,0.34938622639782246
2020-04-27,raw,reference_z_mom,0.3104198043775715
2020-04-28,raw,reference_z_mom,0.33032688308176694
2020-04-29,raw,reference_z_mom,0.38993911049917207
2020-04-30,raw,reference_z_mom,0.34690661038323917
2020-05-01,raw,reference_z_mom,0.35184593220199006
2020-05-04,raw,reference_z_mom,0.20851099288165892
2020-05-05,raw,reference_z_mom,0.30883241501476716
2020-05-06,raw,reference_z_mom,0.3138105038765652
2020-05-07,raw,reference_z_mom,0.3147291160771332
2020-05-08,raw,reference_z_mom,0.3369001676367523
2020-05-11,raw,reference_z_mom,0.3182366167417027
2020-05-12,raw,reference_z_mom,0.29024216454575075
2020-05-13,raw,reference_z_mom,0.27224913597129674
2020-05-14,raw,reference_z_mom,0.269019746710089
2020-05-15,raw,reference_z_mom,0.36804502414092677
2020-05-18,raw,reference_z_mom,0.41545848822468223
2020-05-19,raw,reference_z_mom,0.40818683072706974
2020-05-20,raw,reference_z_mom,0.3012667094157568
2020-05-21,raw,reference_z_mom,0.26819561063847014
2020-05-22,raw,reference_z_mom,0.3004323763851554
2020-05-26,raw,reference_z_mom,0.35892277809571127
2020-05-27,raw,reference_z_mom,0.35325845132983663
2020-05-28,raw,reference_z_mom,0.37626512171213466
2020-05-29,raw,reference_z_mom,0.2545697371735809
2020-06-01,raw,reference_z_mom,0.20363087461237764
2020-06-02,raw,reference_z_mom,0.2868272661982431
2020-06-03,raw,reference_z_mom,0.29362973467838954
2020-06-04,raw,reference_z_mom,0.30178411146597883
2020-06-05,raw,reference_z_mom,0.2975009701473028
2020-06-08,raw,reference_z_mom,0.321748728855157
2020-06-09,raw,reference_z_mom,0.31517105599941525
2020-06-10,raw,reference_z_mom,0.25329792760966235
2020-06-11,raw,reference_z_mom,0.23945961591337905
2020-06-12,raw,reference_z_mom,0.313922324495286
2020-06-15,raw,reference_z_mom,0.23924323857695062
2020-06-16,raw,reference_z_mom,0.22325679426760792
2020-06-17,raw,reference_z_mom,0.23851524043401318
2020-06-18,raw,reference_z_mom,0.26708626361035714
2020-06-19,raw,reference_z_mom,0.20358927745982502
2020-06-22,raw,reference_z_mom,0.19645697435076107
2020-06-23,raw,reference_z_mom,0.22234463117459405
2020-06-24,raw,reference_z_mom,0.25041715855743857
2020-06-25,raw,reference_z_mom,0.22403659654813385
2020-06-26,raw,reference_z_mom,0.2469922749647077
2020-06-29,raw,reference_z_mom,0.3153592297765715
2020-06-30,raw,reference_z_mom,0.2427423686013725
2020-07-01,raw,reference_z_mom,0.2544683142604066
2020-07-02,raw,reference_z_mom,0.20442379393799387
2020-07-06,raw,reference_z_mom,0.15466226746651612
2020-07-07,raw,reference_z_mom,0.15667865528740207
2020-07-08,raw,reference_z_mom,0.11174687324042626
2020-07-09,raw,reference_z_mom,0.07999271113349395
2020-07-10,raw,reference_z_mom,0.08929583912219251
2020-07-13,raw,reference_z_mom,0.12305539062374134
2020-07-14,raw,reference_z_mom,0.1244541806326436
2020-07-15,raw,reference_z_mom,0.14499639338527487
2020-07-16,raw,reference_z_mom,0.11513647810208337
2020-07-17,raw,reference_z_mom,0.13223399171811367
2020-07-20,raw,reference_z_mom,0.10626537892229633
2020-07-21,raw,reference_z_mom,0.10205865783047562
2020-07-22,raw,reference_z_mom,0.11917517618714574
2020-07-23,raw,reference_z_mom,0.1462311631579541
2020-07-24,raw,reference_z_mom,0.14301303630147588
2020-07-27,raw,reference_z_mom,0.12052286803564573
2020-07-28,raw,reference_z_mom,0.14351837915016818
2020-07-29,raw,reference_z_mom,0.17389376742170837
2020-07-30,raw,reference_z_mom,0.1478227813868572
2020-07-31,raw,reference_z_mom,0.19538645762175844
2020-08-03,raw,reference_z_mom,0.12745773255741308
2020-08-04,raw,reference_z_mom,0.13209266197601494
2020-08-05,raw,reference_z_mom,0.1118177451223855
2020-08-06,raw,reference_z_mom,0.09247884200914014
2020-08-07,raw,reference_z_mom,0.10742519182985472
2020-08-10,raw,reference_z_mom,0.19469809877671584
2020-08-11,raw,reference_z_mom,0.23726759457267077
2020-08-12,raw,reference_z_mom,0.12042449676561404
2020-08-13,raw,reference_z_mom,0.12718046481467737
2020-08-14,raw,reference_z_mom,0.18011444220795575
2020-08-17,raw,reference_z_mom,0.08400508811801999
2020-08-18,raw,reference_z_mom,0.06629180875949767
2020-08-19,raw,reference_z_mom,0.10776051817512658
2020-08-20,raw,reference_z_mom,0.08319637319620252
2020-08-21,raw,reference_z_mom,0.08864458011268558
2020-08-24,raw,reference_z_mom,0.11017610479060466
2020-08-25,raw,reference_z_mom,0.07630896831294387
2020-08-26,raw,reference_z_mom,0.04413842616926891
2020-08-27,raw,reference_z_mom,0.104947788965612
2020-08-28,raw,reference_z_mom,0.056185293556985844
2020-08-31,raw,reference_z_mom,0.0011553502571581553
2020-09-01,raw,reference_z_mom,-0.06549101532221248
2020-09-02,raw,reference_z_mom,-0.10551903347123098
2020-09-03,raw,reference_z_mom,-0.046215774190190004
2020-09-04,raw,reference_z_mom,-0.040044726096037486
2020-09-08,raw,reference_z_mom,-0.010436807013542604
2020-09-09,raw,reference_z_mom,-0.08239756537466553
2020-09-10,raw,reference_z_mom,-0.0369793645360552
2020-09-11,raw,reference_z_mom,-0.06257696471272511
2020-09-14,raw,reference_z_mom,-0.12358660761517544
2020-09-15,raw,reference_z_mom,-0.09583471676976016
2020-09-16,raw,reference_z_mom,-0.09562989236750791
2020-09-17,raw,reference_z_mom,-0.033221836693047804
2020-09-18,raw,reference_z_mom,-0.06845054853686497
2020-09-21,raw,reference_z_mom,-0.10827712399831228
2020-09-22,raw,reference_z_mom,-0.12270562808603323
2020-09-23,raw,reference_z_mom,-0.14236725932458705
2020-09-24,raw,reference_z_mom,-0.13852430914728964
2020-09-25,raw,reference_z_mom,-0.17286127468253043
2020-09-28,raw,reference_z_mom,-0.1538035119728425
2020-09-29,raw,reference_z_mom,-0.14990353836733725
2020-09-30,raw,reference_z_mom,-0.18178989303385265
2020-10-01,raw,reference_z_mom,-0.24253311316058723
2020-10-02,raw,reference_z_mom,-0.23622516432594926
2020-10-05,raw,reference_z_mom,-0.2275026119286676
2020-10-06,raw,reference_z_mom,-0.22198493729905688
2020-10-07,raw,reference_z_mom,-0.1884284727026907
2020-10-08,raw,reference_z_mom,-0.16297275205114284
2020-10-09,raw,reference_z_mom,-0.2009526350221028
2020-10-12,raw,reference_z_mom,-0.21055102677279253
2020-10-13,raw,reference_z_mom,-0.24497119947056523
2020-10-14,raw,reference_z_mom,-0.23270685124043777
2020-10-15,raw,reference_z_mom,-0.22225535243756717
2020-10-16,raw,reference_z_mom,-0.20955571902379144
2020-10-19,raw,reference_z_mom,-0.15216085538737045
2020-10-20,raw,reference_z_mom,-0.16539127321637323
2020-10-21,raw,reference_z_mom,-0.14923472472056606
2020-10-22,raw,reference_z_mom,-0.13829995943865683
2020-10-23,raw,reference_z_mom,-0.1462441378626527
2020-10-26,raw,reference_z_mom,-0.15833238526503268
2020-10-27,raw,reference_z_mom,-0.19630126870527995
2020-10-28,raw,reference_z_mom,-0.17703467984889718
2020-10-29,raw,reference_z_mom,-0.15766321786994023
2020-10-30,raw,reference_z_mom,-0.10151249151808463
2020-11-02,raw,reference_z_mom,-0.09299531141442557
2020-11-03,raw,reference_z_mom,-0.08235351977145985
2020-11-04,raw,reference_z_mom,-0.17641587682753296
2020-11-05,raw,reference_z_mom,-0.17317292406116885
2020-11-06,raw,reference_z_mom,-0.22062791660602274
2020-11-09,raw,reference_z_mom,-0.11437252060710035
2020-11-10,raw,reference_z_mom,-0.09548317613638052
2020-11-11,raw,reference_z_mom,-0.16406852581536438
2020-11-12,raw,reference_z_mom,-0.18346692654967825
2020-11-13,raw,reference_z_mom,-0.16862963403077635
2020-11-16,raw,reference_z_mom,-0.11451968220627357
2020-11-17,raw,reference_z_mom,-0.14343618776890837
2020-11-18,raw,reference_z_mom,-0.18364631837479134
2020-11-19,raw,reference_z_mom,-0.16884023267252535
2020-11-20,raw,reference_z_mom,-0.18538989952991153
2020-11-23,raw,reference_z_mom,-0.16795599782367915
2020-11-24,raw,reference_z_mom,-0.15343952413939574
2020-11-25,raw,reference_z_mom,-0.15009918893286803
2020-11-27,raw,reference_z_mom,-0.18034245244089653
2020-11-30,raw,reference_z_mom,-0.15691779217194732
2020-12-01,raw,reference_z_mom,-0.13202305194073133
2020-12-02,raw,reference_z_mom,-0.10847845830166028
2020-12-03,raw,reference_z_mom,-0.1459243472227086
2020-12-04,raw,reference_z_mom,-0.14375899194641006
2020-12-07,raw,reference_z_mom,-0.15683945921950018
2020-12-08,raw,reference_z_mom,-0.20122851927040314
2020-12-09,raw,reference_z_mom,-0.15216440330337208
2020-12-10,raw,reference_z_mom,-0.16765953595925334
2020-12-11,raw,reference_z_mom,-0.16209925428765198
2020-12-14,raw,reference_z_mom,-0.17726603186244208
2020-12-15,raw,reference_z_mom,-0.16064195471459355
2020-12-16,raw,reference_z_mom,-0.15204426700243062
2020-12-17,raw,reference_z_mom,-0.1574510111097817
2020-12-18,raw,reference_z_mom,-0.16460067154762134
2020-12-21,raw,reference_z_mom,-0.18143232568493542
2020-12-22,raw,reference_z_mom,-0.1918329673433437
2020-12-23,raw,reference_z_mom,-0.1480451118163801
2020-12-24,raw,reference_z_mom,-0.09606344047713702
2020-12-28,raw,reference_z_mom,-0.08854918026429792
2020-12-29,raw,reference_z_mom,-0.09499034795801105
2020-12-30,raw,reference_z_mom,-0.09003399738747352
2020-12-31,raw,reference_z_mom,-0.07619555305366874
2021-01-04,raw,reference_z_mom,-0.09037069065796889
2021-01-05,raw,reference_z_mom,-0.06940299278274711
2021-01-06,raw,reference_z_mom,-0.020255314531489495
2021-01-07,raw,reference_z_mom,-0.06360787249126472
2021-01-08,raw,reference_z_mom,-0.08318408941921726
2021-01-11,raw,reference_z_mom,-0.07574786800290381
2021-01-12,raw,reference_z_mom,-0.06975217765780505
2021-01-13,raw,reference_z_mom,-0.0852037897506897
2021-01-14,raw,reference_z_mom,-0.08862414476855032
2021-01-15,raw,reference_z_mom,-0.0565296735037773
2021-01-19,raw,reference_z_mom,-0.06726709611141746
2021-01-20,raw,reference_z_mom,-0.08665073409797872
2021-01-21,raw,reference_z_mom,-0.1270827083074732
2021-01-22,raw,reference_z_mom,-0.14893439351208967
2021-01-25,raw,reference_z_mom,-0.12123739121254784
2021-01-26,raw,reference_z_mom,-0.09431185973939218
2021-01-27,raw,reference_z_mom,-0.08422357802018643
2021-01-28,raw,reference_z_mom,-0.09648264404280153
2021-01-29,raw,reference_z_mom,-0.08748886861412135
2021-02-01,raw,reference_z_mom,-0.09628698804627195
2021-02-02,raw,reference_z_mom,-0.12276035179304749
2021-02-03,raw,reference_z_mom,-0.11767304384112164
2021-02-04,raw,reference_z_mom,-0.09678051051081724
2021-02-05,raw,reference_z_mom,-0.10369836023423656
2021-02-08,raw,reference_z_mom,-0.11522013336588928
2021-02-09,raw,reference_z_mom,-0.12133129544652321
2021-02-10,raw,reference_z_mom,-0.12766138993174767
2021-02-11,raw,reference_z_mom,-0.11701938000552582
2021-02-12,raw,reference_z_mom,-0.12422855415189099
2021-02-16,raw,reference_z_mom,-0.11705305376911597
2021-02-17,raw,reference_z_mom,-0.10437621072693777
2021-02-18,raw,reference_z_mom,-0.12409148826639915
2021-02-19,raw,reference_z_mom,-0.1205479442549421
2021-02-22,raw,reference_z_mom,-0.06384010004163548
2021-02-23,raw,reference_z_mom,-0.0648415310612699
2021-02-24,raw,reference_z_mom,-0.07489817860631623
2021-02-25,raw,reference_z_mom,-0.03803208114136546
2021-02-26,raw,reference_z_mom,-0.07127162375878317
2021-03-01,raw,reference_z_mom,-0.08058177766504519
2021-03-02,raw,reference_z_mom,-0.055964028022537846
2021-03-03,raw,reference_z_mom,-0.0006395001790682892
2021-03-04,raw,reference_z_mom,0.07451092662913594
2021-03-05,raw,reference_z_mom,0.13705196284977605
2021-03-08,raw,reference_z_mom,0.1540615028629744
2021-03-09,raw,reference_z_mom,0.09031377425336887
2021-03-10,raw,reference_z_mom,0.15421424972628556
2021-03-11,raw,reference_z_mom,0.07646151561105936
2021-03-12,raw,reference_z_mom,0.11871272952832783
2021-03-15,raw,reference_z_mom,0.1048393324334104
2021-03-16,raw,reference_z_mom,0.11494083792761504
2021-03-17,raw,reference_z_mom,0.08914666117653482
2021-03-18,raw,reference_z_mom,0.10122626753619404
2021-03-19,raw,reference_z_mom,0.10240187822495686
2021-03-22,raw,reference_z_mom,0.08792605147853406
2021-03-23,raw,reference_z_mom,0.05717946472584833
2021-03-24,raw,reference_z_mom,0.11392676538270897
2021-03-25,raw,reference_z_mom,0.1748076609520162
2021-03-26,raw,reference_z_mom,0.19649784046157695
2021-03-29,raw,reference_z_mom,0.19818517192879512
2021-03-30,raw,reference_z_mom,0.16352796082354096
2021-03-31,raw,reference_z_mom,0.13630925310683037
2021-04-01,raw,reference_z_mom,0.084229491949574
2021-04-05,raw,reference_z_mom,0.019695411363130085
2021-04-06,raw,reference_z_mom,-0.0010095431578978167
2021-04-07,raw,reference_z_mom,0.0637775620850122
2021-04-08,raw,reference_z_mom,-0.03314944229604384
2021-04-09,raw,reference_z_mom,-0.0011065296533510857
2021-04-12,raw,reference_z_mom,-0.039726830415112296
2021-04-13,raw,reference_z_mom,-0.06218314797539018
2021-04-14,raw,reference_z_mom,-0.009425516763623194
2021-04-15,raw,reference_z_mom,-0.05188379040511111
