fold,run_date,ticker,run_type,P,win,fwd_20d
2024-07-01,2024-07-01,COST,sim,0.5240636516362431,0,-0.0421440447615694
2024-07-01,2024-07-01,GLD,sim,0.5620060068772423,1,0.0322400923695722
2024-07-01,2024-07-01,INTC,sim,0.5604655515700488,0,-0.0230220813329571
2024-07-01,2024-07-01,MPWR,sim,0.565767847935269,0,-0.0458262725278491
2024-07-01,2024-07-01,NVTS,sim,0.5727145709734547,0,-0.0843990165935059
2024-07-01,2024-07-01,TSM,sim,0.39149721887409733,0,-0.1032322193227994
2024-07-01,2024-07-01,VRT,sim,0.9811089360993178,0,-0.1572813790310511
2024-07-01,2024-07-01,WDC,sim,0.4301473027882777,0,-0.1728201321919104
2024-07-01,2024-07-02,AMAT,sim,0.5690022493810637,0,-0.1189902997155337
2024-07-01,2024-07-02,LLY,sim,0.4264917668823724,0,-0.1129798942979981
2024-07-01,2024-07-02,LMT,sim,0.5462288801191072,1,0.1636675299661376
2024-07-01,2024-07-02,NFLX,sim,0.5298729525855347,0,-0.0753848124551846
2024-07-01,2024-07-02,PANW,sim,0.25223646049437376,0,-0.0461461383574687
2024-07-01,2024-07-02,PLTR,sim,0.7923503575009525,1,0.0410375326780216
2024-07-01,2024-07-02,TSM,sim,0.6816920724874077,0,-0.0563460106342558
2024-07-01,2024-07-02,VRT,sim,0.4864252424463865,0,-0.1056818528608842
2024-07-01,2024-07-03,AMAT,sim,0.6210703193079365,0,-0.1932102871996249
2024-07-01,2024-07-03,ANET,sim,0.6569843429566532,0,-0.0732855284200051
2024-07-01,2024-07-03,COST,sim,0.5342243025976607,0,-0.0530567777814647
2024-07-01,2024-07-03,GOOG,sim,0.594873129311025,0,-0.0797267863283399
2024-07-01,2024-07-03,LLY,sim,0.4558093944874462,0,-0.073109870759871
2024-07-01,2024-07-03,PLTR,sim,0.7821648511074909,1,0.0088974676534705
2024-07-01,2024-07-03,RTX,sim,0.5874951996798793,1,0.1588247006083598
2024-07-01,2024-07-03,TSLA,sim,0.7056005463098582,0,-0.1198506386316323
2024-07-01,2024-07-05,AMAT,sim,0.6203134351249793,0,-0.2505461877934969
2024-07-01,2024-07-05,ANET,sim,0.6734582618922601,0,-0.1278200044741998
2024-07-01,2024-07-05,CAT,sim,0.4981437716017103,0,-0.0227806025499812
2024-07-01,2024-07-05,GOOG,sim,0.6296965607987636,0,-0.1227339653748867
2024-07-01,2024-07-05,JPM,sim,0.4303908767078466,0,-0.0275892088564611
2024-07-01,2024-07-05,LLY,sim,0.4747084533695626,0,-0.1203953600815253
2024-07-01,2024-07-05,PLTR,sim,0.7644085052033762,0,-0.0914432542408213
2024-07-01,2024-07-05,RTX,sim,0.5430727562079547,1,0.1601075944512859
2024-07-01,2024-07-05,VRT,sim,0.7638056489562558,0,-0.2431902374339432
2024-07-01,2024-07-08,AMAT,sim,0.6383107232813068,0,-0.2614803510172103
2024-07-01,2024-07-08,ANET,sim,0.6818915456910455,0,-0.151292245507155
2024-07-01,2024-07-08,CAT,sim,0.47108057689345695,0,-0.0372576729368082
2024-07-01,2024-07-08,COST,sim,0.5510147221021708,0,-0.0896984779945624
2024-07-01,2024-07-08,JPM,sim,0.42999889807657315,0,-0.0500560723503258
2024-07-01,2024-07-08,LLY,sim,0.4747084533695626,0,-0.1554901854404956
2024-07-01,2024-07-08,PLTR,sim,0.745413191519937,0,-0.130324928192113
2024-07-01,2024-07-08,RTX,sim,0.5278945669815273,1,0.1505494497956487
2024-07-01,2024-07-08,VRT,sim,0.7423499419792507,0,-0.2664355895836993
2024-07-01,2024-07-09,AMAT,sim,0.5184327499218784,0,-0.2710462613084756
2024-07-01,2024-07-09,ASML,sim,0.39115731347679666,0,-0.2046850070607008
2024-07-01,2024-07-09,JPM,sim,0.37637408324113003,0,-0.0351105734888191
2024-07-01,2024-07-09,MU,sim,0.49331503047476666,0,-0.3213359736600301
2024-07-01,2024-07-09,RTX,sim,0.5026217244254011,1,0.1314410131075276
2024-07-01,2024-07-09,SPOT,sim,0.45950205014035905,1,0.0505536851776935
2024-07-01,2024-07-09,TSLA,sim,0.5375603661301962,0,-0.2351617822601576
2024-07-01,2024-07-09,XLF,sim,0.5090812051259176,0,-0.0059880239520958
2024-07-01,2024-07-09,XLK,sim,0.5408323248445396,0,-0.1438022990308441
2024-07-01,2024-07-10,AMAT,sim,0.6674678713073405,0,-0.2998784419649553
2024-07-01,2024-07-10,CAT,sim,0.5657470245175418,0,-0.0081588623469417
2024-07-01,2024-07-10,COST,sim,0.6609328849046023,0,-0.0836923815968971
2024-07-01,2024-07-10,GLD,sim,0.5837000778204698,1,0.0054248834705286
2024-07-01,2024-07-10,GOOG,sim,0.630747218200855,0,-0.1656285843224301
2024-07-01,2024-07-10,JPM,sim,0.6094066272867595,0,-0.035611208116442
2024-07-01,2024-07-10,MPWR,sim,0.6535596190178727,0,-0.1205492731561665
2024-07-01,2024-07-10,NFLX,sim,0.5546846130452905,0,-0.0976462870129498
2024-07-01,2024-07-10,RTX,sim,0.5636239810043009,1,0.1337902381791178
2024-07-01,2024-07-11,AMAT,sim,0.6779238206545498,0,-0.2101881480961457
2024-07-01,2024-07-11,ANET,sim,0.6871983574930982,0,-0.0697738997007989
2024-07-01,2024-07-11,CAT,sim,0.4968013908168577,1,0.0151904046903783
2024-07-01,2024-07-11,COST,sim,0.6103450048141331,0,-0.0084574988513417
2024-07-01,2024-07-11,GLD,sim,0.619462492904259,1,0.0034042307137107
2024-07-01,2024-07-11,JPM,sim,0.447642561481685,0,-0.0163412843553535
2024-07-01,2024-07-11,LLY,sim,0.44450185499683703,0,-0.0950928294440687
2024-07-01,2024-07-11,RTX,sim,0.4597122276107393,1,0.1315375254900679
2024-07-01,2024-07-11,SPOT,sim,0.6600853830172286,1,0.1240613827327781
2024-07-01,2024-07-11,TSLA,sim,0.9675344696065732,0,-0.1750404624116446
2024-07-01,2024-07-12,AMAT,sim,0.80825184693258,0,-0.214543970953885
2024-07-01,2024-07-12,ASML,sim,0.7280248232182592,0,-0.2070563919711601
2024-07-01,2024-07-12,CAT,sim,0.8000316920750212,1,0.0079561770519704
2024-07-01,2024-07-12,JPM,sim,0.6877115759980399,1,0.0041963530794699
2024-07-01,2024-07-12,MU,sim,0.8089649383132157,0,-0.3030325742861931
2024-07-01,2024-07-12,PLTR,sim,0.811246132862845,1,0.0691129517331392
2024-07-01,2024-07-12,SPOT,sim,0.754113351812862,1,0.1244913694727083
2024-07-01,2024-07-12,TSLA,sim,0.69984992549564,0,-0.1942955990720679
2024-07-01,2024-07-12,XLF,sim,0.7961448536753225,1,0.0004719315068333
2024-07-01,2024-07-12,XLK,sim,0.8095361197550363,0,-0.1204875868316782
2024-07-01,2024-07-15,AMAT,sim,0.8246109304435322,0,-0.2136428672852002
2024-07-01,2024-07-15,ASML,sim,0.7206843508617499,0,-0.1981610320916736
2024-07-01,2024-07-15,CAT,sim,0.8142607060456385,0,-0.0281689867364106
2024-07-01,2024-07-15,GLD,sim,0.7761765977562871,1,0.020461965748951
2024-07-01,2024-07-15,JPM,sim,0.8089735582403733,0,-0.0183765796442308
2024-07-01,2024-07-15,MU,sim,0.8008630832669721,0,-0.2768395895109259
2024-07-01,2024-07-15,PLTR,sim,0.8208000483906578,1,0.0247645302610139
2024-07-01,2024-07-15,SPOT,sim,0.7786115504829806,1,0.1264603416413396
2024-07-01,2024-07-15,TSLA,sim,0.7154081143885186,0,-0.218294783208205
2024-07-01,2024-07-15,XLF,sim,0.8053669425518954,0,-0.0190697603447492
2024-07-01,2024-07-15,XLK,sim,0.8216455242319155,0,-0.1148919969339098
2024-07-01,2024-07-16,AMAT,sim,0.8112780224222428,0,-0.1832085663726921
2024-07-01,2024-07-16,ASML,sim,0.7014161706046652,0,-0.1860155609687642
2024-07-01,2024-07-16,CAT,sim,0.7960310144858685,0,-0.0604026834277221
2024-07-01,2024-07-16,GLD,sim,0.7607148335035767,0,-0.001007471787214
2024-07-01,2024-07-16,JPM,sim,0.690952874085642,0,-0.0265892369890998
2024-07-01,2024-07-16,MU,sim,0.7953074494032893,0,-0.2357047292013718
2024-07-01,2024-07-16,PLTR,sim,0.8115104931869203,1,0.0599929999573558
2024-07-01,2024-07-16,TSLA,sim,0.6985074195346777,0,-0.189936062485384
2024-07-01,2024-07-16,XLF,sim,0.7899530091030628,0,-0.0220741058201717
2024-07-01,2024-07-16,XLK,sim,0.8076699773297307,0,-0.0846470594541087
2024-07-01,2024-07-17,AMAT,sim,0.7776387234534082,0,-0.0837915291847991
2024-07-01,2024-07-17,ASML,sim,0.6585406042242881,0,-0.0563053672577026
2024-07-01,2024-07-17,CAT,sim,0.7665969684031704,0,-0.0564840473576876
2024-07-01,2024-07-17,GLD,sim,0.7213143986467506,0,-0.0045328468893336
2024-07-01,2024-07-17,JPM,sim,0.7678204354565722,0,-0.0305712628454705
2024-07-01,2024-07-17,MU,sim,0.7500754434148401,0,-0.1597489233296286
2024-07-01,2024-07-17,PLTR,sim,0.771660922506888,1,0.0985117205630099
2024-07-01,2024-07-17,TSLA,sim,0.7848682096614182,0,-0.1896176865882797
2024-07-01,2024-07-17,XLF,sim,0.7679419210946039,0,-0.0175718955528568
2024-07-01,2024-07-17,XLK,sim,0.7772105157422187,0,-0.0423872102021966
2024-07-01,2024-07-18,AMAT,sim,0.7584734342512389,0,-0.026740143480995
2024-07-01,2024-07-18,ASML,sim,0.65694216766265,1,0.0044364826896337
2024-07-01,2024-07-18,CAT,sim,0.7491889275875224,0,-0.0291828895499902
2024-07-01,2024-07-18,GLD,sim,0.7047291899435207,1,0.0050048936527682
2024-07-01,2024-07-18,JPM,sim,0.7459361446151065,1,0.007476937594836
2024-07-01,2024-07-18,MU,sim,0.7265172845167808,0,-0.0893997468950734
2024-07-01,2024-07-18,PLTR,sim,0.7579530023556055,1,0.0900837981385769
2024-07-01,2024-07-18,TSLA,sim,0.8522925990549238,0,-0.1407936321447094
2024-07-01,2024-07-18,XLF,sim,0.7487618482797316,1,0.0036960000930543
2024-07-01,2024-07-18,XLK,sim,0.7626586357965808,0,-0.0149300562911799
2024-07-01,2024-07-19,AMAT,sim,0.5071553625254789,0,-0.0112242018073239
2024-07-01,2024-07-19,ASML,sim,0.389150712309943,1,0.0260115685742803
2024-07-01,2024-07-19,CAT,sim,0.5175242188001381,0,-0.0119379623110592
2024-07-01,2024-07-19,GLD,sim,0.46298559733401795,1,0.0462725385077464
2024-07-01,2024-07-19,JPM,sim,0.5118890523327827,1,0.0199733171216882
2024-07-01,2024-07-19,MU,sim,0.4643680724177492,0,-0.0548748832070326
2024-07-01,2024-07-19,PLTR,sim,0.529297359565925,1,0.1224633280857887
2024-07-01,2024-07-19,TSLA,sim,0.6744828193341663,0,-0.0964883032003077
2024-07-01,2024-07-19,XLF,sim,0.5045628256203492,1,0.0214702920981013
2024-07-01,2024-07-19,XLK,sim,0.5357253771335272,1,0.002399596101841
2024-07-01,2024-07-22,AMAT,sim,0.5424183356657074,0,-0.0560701602490349
2024-07-01,2024-07-22,ASML,sim,0.41576852285539234,0,-0.0086160946682329
2024-07-01,2024-07-22,CAT,sim,0.5441185552301159,0,-0.0092563350271654
2024-07-01,2024-07-22,GLD,sim,0.49454654746874,1,0.0442290235510256
2024-07-01,2024-07-22,JPM,sim,0.5403029419517732,1,0.0245862573661681
2024-07-01,2024-07-22,MU,sim,0.4939504065926268,0,-0.057685648822831
2024-07-01,2024-07-22,PLTR,sim,0.562798253268237,1,0.1419536558499576
2024-07-01,2024-07-22,TSLA,sim,0.7024892071362477,0,-0.1144685854038707
2024-07-01,2024-07-22,XLF,sim,0.5289438564416682,1,0.0213506188370262
2024-07-01,2024-07-22,XLK,sim,0.5629993357803966,0,-0.004643976220315
2024-07-01,2024-07-22,XLU,sim,0.55075233299406,1,0.0595305290130592
2024-07-01,2024-07-23,AMAT,sim,0.6108178245363851,0,-0.0614158461608357
2024-07-01,2024-07-23,ASML,sim,0.4712552236737173,0,-0.0071075619902927
2024-07-01,2024-07-23,CAT,sim,0.6016516220451358,0,-0.0025278949380298
2024-07-01,2024-07-23,GLD,sim,0.5501934221256796,1,0.0443885560316947
2024-07-01,2024-07-23,JPM,sim,0.5965944550539581,1,0.0199210878378246
2024-07-01,2024-07-23,MU,sim,0.5547005966474895,0,-0.0547921412361529
2024-07-01,2024-07-23,PLTR,sim,0.6255830110170747,1,0.1218327071831837
2024-07-01,2024-07-23,TSLA,sim,0.7499443307883112,0,-0.1026057239966408
2024-07-01,2024-07-23,XLF,sim,0.5857819008707605,1,0.016214982456103
2024-07-01,2024-07-23,XLK,sim,0.6139781967780902,0,-0.0041740783931817
2024-07-01,2024-07-23,XLU,sim,0.6077574334730869,1,0.0638872786248851
2024-07-01,2024-07-26,AMAT,sim,0.4707256319314613,0,-0.0184046255111698
2024-07-01,2024-07-26,COST,sim,0.5358275308368158,1,0.0753547556585549
2024-07-01,2024-07-26,GE,sim,0.48492498913787635,1,0.0083034196006206
2024-07-01,2024-07-26,GLD,sim,0.4116062818524658,1,0.0516248884447889
2024-07-01,2024-07-26,MPWR,sim,0.7317997125533633,1,0.1393437959650161
2024-07-01,2024-07-26,SPOT,sim,0.4772269538839686,1,0.0640300268389333
2024-07-01,2024-07-29,CRWD,sim,0.5856807441435327,1,0.0272786894833743
2024-07-01,2024-07-29,GE,sim,0.4823691829808299,1,0.0079472899412535
2024-07-01,2024-07-29,GLD,sim,0.44929054151293607,1,0.0564632660179187
2024-07-01,2024-07-29,NFLX,sim,0.4404950912145943,1,0.098060525524813
2024-07-01,2024-07-30,CRWD,sim,0.5760309341703661,1,0.1548469660641649
2024-07-01,2024-07-30,GE,sim,0.491225461782898,1,0.020957785139517
2024-07-01,2024-07-30,GLD,sim,0.46790334133424966,1,0.0488495187330568
2024-07-01,2024-07-30,MPWR,sim,0.7238520749543526,1,0.2092601541160186
2024-07-01,2024-07-30,MRK,sim,0.3415786479869935,1,0.0108459869848156
2024-07-01,2024-07-30,NFLX,sim,0.4455636707802843,1,0.1174788660757433
2024-07-01,2024-07-31,AMAT,sim,0.6193959767865604,0,-0.0909990472964222
2024-07-01,2024-07-31,CAT,sim,0.6526385721697132,1,0.005777007306412
2024-07-01,2024-07-31,COST,sim,0.5273235104601326,1,0.080352783203125
2024-07-01,2024-07-31,CRWD,sim,0.8519712750885535,1,0.1389895006035826
2024-07-01,2024-07-31,GLD,sim,0.5399182055894098,1,0.0229529767300606
2024-07-01,2024-07-31,MPWR,sim,0.7782015994689577,1,0.076712693783203
2024-07-01,2024-07-31,WDC,sim,0.3586996929051495,0,-0.0689037673998528
2024-07-01,2024-08-01,ASML,sim,0.7857346888008325,1,0.0045263716610015
2024-07-01,2024-08-01,CAT,sim,0.6640025532176851,1,0.0606902337763286
2024-07-01,2024-08-01,CRWD,sim,0.7106689584259848,1,0.2116225668927969
2024-07-01,2024-08-01,GLD,sim,0.5769083582707271,1,0.0318022436103442
2024-07-01,2024-08-01,JPM,sim,0.5536882180208016,1,0.0685227906325596
2024-07-01,2024-08-01,MPWR,sim,0.7962171863778705,1,0.1855659225164942
2024-07-01,2024-08-01,MRK,sim,0.516660546641214,1,0.031980314526516
2024-07-01,2024-08-01,TSLA,sim,0.8836335279358204,0,-0.0487872443109717
2024-07-01,2024-08-01,WDC,sim,0.561090138162654,1,0.0413018307296879
2024-07-01,2024-08-13,AMAT,sim,0.6316002706151725,0,-0.0740039859786321
2024-07-01,2024-08-13,CAT,sim,0.7209239221051061,0,-0.0112160210445191
2024-07-01,2024-08-13,COST,sim,0.580800418644483,1,0.041141528628517
2024-07-01,2024-08-13,GLD,sim,0.5822753098001314,1,0.0183723690531467
2024-07-01,2024-08-13,GOOG,sim,0.5892076181193018,0,-0.0830470643497363
2024-07-01,2024-08-13,JPM,sim,0.6099618420458396,0,-0.0034144787223768
2024-07-01,2024-08-13,NVTS,sim,0.047111015158092184,0,-0.1980519188980478
2024-07-01,2024-08-13,SHOP,sim,0.7160801826805481,1,0.0231758953050627
2024-07-01,2024-08-13,SPOT,sim,0.5491802618191293,1,0.005735835226589
2024-07-01,2024-08-14,AMAT,sim,0.6215863195828032,0,-0.0913554417639925
2024-07-01,2024-08-14,CAT,sim,0.6927268081515878,1,0.005894695506271
2024-07-01,2024-08-14,COST,sim,0.5700835613637871,1,0.0606461105025588
2024-07-01,2024-08-14,GLD,sim,0.5798558268848168,1,0.0447833997324518
2024-07-01,2024-08-14,GOOG,sim,0.596878169000011,0,-0.0400543451339784
2024-07-01,2024-08-14,JPM,sim,0.6367975726433401,0,-0.0173135430676479
2024-07-01,2024-08-14,MPWR,sim,0.7515774962454793,1,0.0385917069112469
2024-07-01,2024-08-14,NFLX,sim,0.5365395829325192,1,0.0379639866008238
2024-07-01,2024-08-14,SPOT,sim,0.5418007079330905,1,0.0094511846999369
2024-07-01,2024-08-15,CAT,sim,0.6265513512333563,0,-0.0009548000111602
2024-07-01,2024-08-15,COST,sim,0.43707023906493875,1,0.044053143545425
2024-07-01,2024-08-15,GOOG,sim,0.4394267356713417,0,-0.0294171913073622
2024-07-01,2024-08-15,JPM,sim,0.4873546019774776,0,-0.034176296966397
2024-07-01,2024-08-15,WDC,sim,0.33069588978214026,1,0.0239369835925902
2024-07-01,2024-08-16,AMAT,sim,0.6336107919236476,0,-0.0977392624433997
2024-07-01,2024-08-16,CAT,sim,0.686938331008911,1,0.013042914654292
2024-07-01,2024-08-16,COST,sim,0.5515717470353976,1,0.0428214970442197
2024-07-01,2024-08-16,GOOG,sim,0.5032949812200009,0,-0.0349034831144193
2024-07-01,2024-08-16,JPM,sim,0.6452818320745156,0,-0.0285554076529134
2024-07-01,2024-08-16,MPWR,sim,0.7938952936469682,0,-0.0321758834319634
2024-07-01,2024-08-16,SHOP,sim,0.7926416824655803,0,-0.0130114175854517
2024-07-01,2024-08-16,SPOT,sim,0.5240182005160162,1,0.0042977700766728
2024-07-01,2024-08-16,WDC,sim,0.44775833276599836,1,0.0006245322508737
2024-07-01,2024-08-19,AMAT,sim,0.5150394452866657,0,-0.1059543275094248
2024-07-01,2024-08-19,CAT,sim,0.6495809874,1,0.0262295334542701
2024-07-01,2024-08-19,GOOG,sim,0.5942709923525819,0,-0.0482185000682295
2024-07-01,2024-08-19,JPM,sim,0.5569599912519977,0,-0.0287769646603041
2024-07-01,2024-08-19,MPWR,sim,0.7060445197515982,0,-0.0544041421470099
2024-07-01,2024-08-19,VRT,sim,0.7677615312864094,1,0.1066176971975612
2024-07-01,2024-08-20,AMAT,sim,0.5850460597073813,0,-0.0971090605201636
2024-07-01,2024-08-20,COST,sim,0.5086293950495064,1,0.0186258926008353
2024-07-01,2024-08-20,GLD,sim,0.54552587947443,1,0.0131204839752196
2024-07-01,2024-08-20,GOOG,sim,0.4540613326721909,0,-0.0482363212086954
2024-07-01,2024-08-20,JPM,sim,0.451262827403932,0,-0.0325843993751094
2024-07-01,2024-08-20,TSM,sim,0.5350515408285195,0,-0.0276679533398913
2024-07-01,2024-08-21,AMZN,sim,0.5804226217237821,1,0.0541890759744687
2024-07-01,2024-08-21,CAT,sim,0.6837540703312849,1,0.088462536752206
2024-07-01,2024-08-21,GLD,sim,0.5420837849412501,1,0.0302390887659946
2024-07-01,2024-08-21,JPM,sim,0.5887109256246945,0,-0.0191985566579584
2024-07-01,2024-08-21,NFLX,sim,0.48576901355149815,1,0.0103282252912815
2024-07-01,2024-08-21,TSLA,sim,0.8280338325301047,1,0.092488885660094
2024-07-01,2024-08-21,WDC,sim,0.3650044226335484,1,0.0144548674499016
2024-07-01,2024-08-22,AMZN,sim,0.5871371690211422,1,0.0878328552309757
2024-07-01,2024-08-22,NFLX,sim,0.469453584455687,1,0.0175190582588447
2024-07-01,2024-08-22,TSLA,sim,0.7913291248655955,1,0.1309693148118611
2024-07-01,2024-08-22,WDC,sim,0.3761460158268375,1,0.0423172865377472
2024-07-01,2024-08-23,AMZN,sim,0.5003521663028622,1,0.0951198160602209
2024-07-01,2024-08-23,ASML,sim,0.5557832283826196,0,-0.1143663433291076
2024-07-01,2024-08-23,GLD,sim,0.41792028942936565,1,0.04594426431784
2024-07-01,2024-08-23,SPOT,sim,0.3405033254968188,1,0.0774329769845292
2024-07-01,2024-08-23,TSLA,sim,0.8259819276764825,1,0.1347131067951752
2024-07-01,2024-08-26,AMZN,sim,0.5822791171190951,1,0.1051852234408385
2024-07-01,2024-08-26,CAT,sim,0.6569173501940285,1,0.0990146618381062
2024-07-01,2024-08-26,GLD,sim,0.5291535013955124,1,0.0571834212558031
2024-07-01,2024-08-26,MPWR,sim,0.6968148027457965,0,-0.0013702384214853
2024-07-01,2024-08-26,TSLA,sim,0.7589360481957325,1,0.1925800678468963
2024-07-01,2024-08-26,WDC,sim,0.3499222217922033,1,0.0601372300543978
2024-07-01,2024-08-27,AMAT,sim,0.807722784511001,1,0.0078663393396545
2024-07-01,2024-08-27,ASML,sim,0.8052060414478815,0,-0.0805726747579561
2024-07-01,2024-08-27,CAT,sim,0.797477327025291,1,0.077267046195298
2024-07-01,2024-08-27,COST,sim,0.7716860167416877,0,-0.0005281565529891
2024-07-01,2024-08-27,GLD,sim,0.7500912742992257,1,0.0528728581779924
2024-07-01,2024-08-27,JPM,sim,0.7835427003312402,0,-0.0453719255458665
2024-07-01,2024-08-27,MA,sim,0.7718037129551731,1,0.0304427930481676
2024-07-01,2024-08-27,MU,sim,0.7833005559268474,0,-0.021357081077558
2024-07-01,2024-08-27,NFLX,sim,0.7707152484212915,1,0.0371413742012367
2024-07-01,2024-08-27,OXY,sim,0.7876403818139602,0,-0.1006333779969684
2024-07-01,2024-08-27,PLTR,sim,0.8124019426054441,1,0.2036316066220869
2024-07-01,2024-08-27,SHOP,sim,0.7988118292900537,1,0.0634644228418732
2024-07-01,2024-08-27,TSLA,sim,0.7260924523813024,1,0.2285262691339309
2024-07-01,2024-08-27,TSM,sim,0.7975768300987545,1,0.0691879380862678
2024-07-01,2024-08-27,VRT,sim,0.8293246168597932,1,0.2559531107546309
2024-07-01,2024-08-27,XLF,sim,0.7865480763192181,0,-0.0002231768237382
2024-07-01,2024-08-27,XLK,sim,0.7959756772700733,1,0.0079104430014049
2024-07-01,2024-08-27,XLU,sim,0.7431105889455685,1,0.0646660855724101
2024-07-01,2024-08-28,AMAT,sim,0.7879546846166539,1,0.0866815349349854
2024-07-01,2024-08-28,ASML,sim,0.7340954513043336,0,-0.0401855609484959
2024-07-01,2024-08-28,CAT,sim,0.7738634143390648,1,0.122802922886237
2024-07-01,2024-08-28,COST,sim,0.7784208370530674,1,0.015077996545797
2024-07-01,2024-08-28,GLD,sim,0.727346229054039,1,0.0657173494176441
2024-07-01,2024-08-28,JPM,sim,0.7623060878169813,0,-0.0520131721092027
2024-07-01,2024-08-28,MA,sim,0.7496535575635054,1,0.0412674898780345
2024-07-01,2024-08-28,MU,sim,0.7634020070451601,1,0.1583385678518261
2024-07-01,2024-08-28,NFLX,sim,0.7480402544579556,1,0.0403456210195702
2024-07-01,2024-08-28,NVDA,sim,0.788212346444472,0,-0.0124990023660173
2024-07-01,2024-08-28,OXY,sim,0.7646393925940428,0,-0.1209932912923855
2024-07-01,2024-08-28,PLTR,sim,0.791972479597583,1,0.2220025602196944
2024-07-01,2024-08-28,SHOP,sim,0.7769722002900494,1,0.1133324329111868
2024-07-01,2024-08-28,TSLA,sim,0.709904660796753,1,0.2355771626765643
2024-07-01,2024-08-28,TSM,sim,0.7727114430858173,1,0.1041962482316443
2024-07-01,2024-08-28,XLF,sim,0.7655598198888278,1,0.0024493567295771
2024-07-01,2024-08-28,XLK,sim,0.7745910456691336,1,0.0355482778089903
2024-07-01,2024-08-28,XLU,sim,0.7185025189633888,1,0.0573628978206128
2024-07-01,2024-08-29,AMAT,sim,0.7562526652348416,1,0.0618717105697519
2024-07-01,2024-08-29,ASML,sim,0.7054685794803203,0,-0.0520102767824047
2024-07-01,2024-08-29,CAT,sim,0.7526580334579406,1,0.1121600792880737
2024-07-01,2024-08-29,COST,sim,0.7000787332572647,0,-0.0011391558598995
2024-07-01,2024-08-29,GLD,sim,0.7053983810583232,1,0.0518137260456823
2024-07-01,2024-08-29,JPM,sim,0.7335739127357868,0,-0.0526979270062567
2024-07-01,2024-08-29,MA,sim,0.7229162378589313,1,0.0267055473824131
2024-07-01,2024-08-29,MU,sim,0.6099989891692378,1,0.1248299711548692
2024-07-01,2024-08-29,NFLX,sim,0.7223364754103127,1,0.0214735369704137
2024-07-01,2024-08-29,NVDA,sim,0.7515461582833443,1,0.0324007594748141
2024-07-01,2024-08-29,OXY,sim,0.7398165235660354,0,-0.1080230799523486
2024-07-01,2024-08-29,PLTR,sim,0.7749700965941317,1,0.1883871016963836
2024-07-01,2024-08-29,SHOP,sim,0.7511963493824653,1,0.0810700520479463
2024-07-01,2024-08-29,TSLA,sim,0.6801476046807495,1,0.2626526711091825
2024-07-01,2024-08-29,TSM,sim,0.7481052695827571,1,0.0521431134642331
2024-07-01,2024-08-29,XLF,sim,0.737655220290449,0,-0.0035312258345333
2024-07-01,2024-08-29,XLK,sim,0.755021517588734,1,0.0352281253499964
2024-07-01,2024-08-30,AMAT,sim,0.6651932788798874,1,0.0242827166090988
2024-07-01,2024-08-30,ASML,sim,0.615176062160248,0,-0.0781306996566818
2024-07-01,2024-08-30,CAT,sim,0.6528529567478787,1,0.0983431294957402
2024-07-01,2024-08-30,COST,sim,0.6275916183884166,0,-0.0065666927984698
2024-07-01,2024-08-30,GLD,sim,0.6444298421785887,1,0.0508885149125326
2024-07-01,2024-08-30,JPM,sim,0.6561264650758258,0,-0.0620106861751096
2024-07-01,2024-08-30,MA,sim,0.6553203194574555,1,0.0216410632977408
2024-07-01,2024-08-30,MU,sim,0.6464052492503434,1,0.0776184682721743
2024-07-01,2024-08-30,NFLX,sim,0.6517782989101604,1,0.0112925043526219
2024-07-01,2024-08-30,NVDA,sim,0.6847236768121997,1,0.0173410375068747
2024-07-01,2024-08-30,OXY,sim,0.6429595020160209,0,-0.0954720721378138
2024-07-01,2024-08-30,PLTR,sim,0.6887963417188315,1,0.1817027097801786
2024-07-01,2024-08-30,SHOP,sim,0.663835467253626,1,0.0819495034404378
2024-07-01,2024-08-30,TSLA,sim,0.6002442202073759,1,0.2219420117556316
2024-07-01,2024-08-30,TSM,sim,0.6857369262951226,1,0.0114735076046446
2024-07-01,2024-08-30,XLF,sim,0.662437880089072,0,-0.0091823779674302
2024-07-01,2024-08-30,XLK,sim,0.6669230176917926,1,0.0246448174586086
2024-07-01,2024-09-03,AMAT,sim,0.6651932788798874,1,0.0754212913743943
2024-07-01,2024-09-03,ASML,sim,0.6748720064768172,0,-0.0272537392957987
2024-07-01,2024-09-03,CAT,sim,0.6423909619115867,1,0.1532742355716001
2024-07-01,2024-09-03,COST,sim,0.6836206420113593,0,-0.001354476514661
2024-07-01,2024-09-03,GLD,sim,0.6232833227823211,1,0.0665248502794639
2024-07-01,2024-09-03,JPM,sim,0.6561264650758258,0,-0.0601906926097938
2024-07-01,2024-09-03,MA,sim,0.640948356189239,1,0.029577719053446
2024-07-01,2024-09-03,MU,sim,0.5091635885259479,1,0.132422617803861
2024-07-01,2024-09-03,NFLX,sim,0.6534789441754875,1,0.0456228363968631
2024-07-01,2024-09-03,NVDA,sim,0.677647945894073,1,0.0833333333333332
2024-07-01,2024-09-03,OXY,sim,0.6423465105474817,0,-0.0388086907339628
2024-07-01,2024-09-03,PLTR,sim,0.6893604336622889,1,0.1950179879041214
2024-07-01,2024-09-03,SHOP,sim,0.6653506162060864,1,0.1008980437337951
2024-07-01,2024-09-03,TSLA,sim,0.6144478977276332,1,0.2251661041588386
2024-07-01,2024-09-03,TSM,sim,0.6860135193313234,1,0.072154037227869
2024-07-01,2024-09-03,XLF,sim,0.6614606624919885,0,-0.0070484511909501
2024-07-01,2024-09-03,XLK,sim,0.6658605275563271,1,0.0478092739259961
2024-07-01,2024-09-04,AMAT,sim,0.7167302608442343,1,0.1029169235176434
2024-07-01,2024-09-04,ASML,sim,0.7177186727320329,1,0.0255212974702014
2024-07-01,2024-09-04,CAT,sim,0.6935191394923641,1,0.1701558657549182
2024-07-01,2024-09-04,COST,sim,0.6714140270199583,0,-0.0129098109955172
2024-07-01,2024-09-04,GLD,sim,0.647188826713592,1,0.0660938743671142
2024-07-01,2024-09-04,JPM,sim,0.6811164843020945,0,-0.0548944897843753
2024-07-01,2024-09-04,MA,sim,0.6629914190823909,1,0.0257275164526087
2024-07-01,2024-09-04,MU,sim,0.5721113515357921,1,0.1182662946614148
2024-07-01,2024-09-04,NFLX,sim,0.673765586554521,1,0.0462129050898771
2024-07-01,2024-09-04,NVDA,sim,0.6972971069247026,1,0.1190095047415957
2024-07-01,2024-09-04,OXY,sim,0.6981194491816478,0,-0.0217829474307075
2024-07-01,2024-09-04,PLTR,sim,0.7267727643211984,1,0.2255639585309112
2024-07-01,2024-09-04,SHOP,sim,0.7081753722873512,1,0.1264596567793829
2024-07-01,2024-09-04,TSLA,sim,0.6525682894264593,1,0.134952828568158
2024-07-01,2024-09-04,TSM,sim,0.6960425411942087,1,0.0928079094158882
2024-07-01,2024-09-04,XLF,sim,0.6856383762822921,0,-0.0070406972376808
2024-07-01,2024-09-04,XLK,sim,0.7120881903161996,1,0.0582820686193579
2024-07-01,2024-09-05,AMAT,sim,0.7190392347874774,1,0.1073568034564915
2024-07-01,2024-09-05,ASML,sim,0.7185380725799037,1,0.046266966676921
2024-07-01,2024-09-05,CAT,sim,0.6940583342790724,1,0.1724727161541337
2024-07-01,2024-09-05,COST,sim,0.6481105648244125,0,-0.0116368290321176
2024-07-01,2024-09-05,JPM,sim,0.6750001292650218,0,-0.0569774795619312
2024-07-01,2024-09-05,MA,sim,0.6599801054216784,1,0.0368904315600968
2024-07-01,2024-09-05,MU,sim,0.5652322887789037,1,0.1390535897756724
2024-07-01,2024-09-05,NFLX,sim,0.6731606032298733,1,0.0339077383636163
2024-07-01,2024-09-05,NVDA,sim,0.6928822320827603,1,0.1458819095532815
2024-07-01,2024-09-05,OXY,sim,0.7010110473079201,1,0.0195385039870825
2024-07-01,2024-09-05,PLTR,sim,0.7235075304632939,1,0.3010610701920744
2024-07-01,2024-09-05,SHOP,sim,0.7062384735805743,1,0.1145342848294208
2024-07-01,2024-09-05,SPOT,sim,0.6612320620021326,1,0.1337978899290786
2024-07-01,2024-09-05,TSLA,sim,0.6413325748416125,1,0.0455750340036253
2024-07-01,2024-09-05,TSM,sim,0.6970373179920918,1,0.0963958403999611
2024-07-01,2024-09-05,XLF,sim,0.6827325827767943,0,-0.0013348469916041
2024-07-01,2024-09-05,XLK,sim,0.7123711707432162,1,0.0642942013979339
2024-07-01,2024-09-09,GLD,sim,0.2030826530733129,1,0.0542745757088254
2024-07-01,2024-09-10,AMAT,sim,0.6906007718902121,1,0.1282224175217687
2024-07-01,2024-09-10,ASML,sim,0.6987739857006752,1,0.0969948686539496
2024-07-01,2024-09-10,CAT,sim,0.6844693953189426,1,0.1610006799238887
2024-07-01,2024-09-10,COST,sim,0.6280002113541195,0,-0.0043274499460723
2024-07-01,2024-09-10,JPM,sim,0.6506840206316313,1,0.0252481149204473
2024-07-01,2024-09-10,MA,sim,0.6378703692073231,1,0.018523848916911
2024-07-01,2024-09-10,MU,sim,0.6622735528756054,1,0.1806563352569481
2024-07-01,2024-09-10,NFLX,sim,0.6426764369698496,1,0.0714646688877633
2024-07-01,2024-09-10,NVDA,sim,0.6711735850377428,1,0.2293247110587335
2024-07-01,2024-09-10,OXY,sim,0.6878049806037652,1,0.0570149900754031
2024-07-01,2024-09-10,PLTR,sim,0.750733129084298,1,0.1924626802200364
2024-07-01,2024-09-10,SHOP,sim,0.6833594464392326,1,0.2113833658378154
2024-07-01,2024-09-10,TSLA,sim,0.6288161829279326,1,0.0810452402151167
2024-07-01,2024-09-10,TSM,sim,0.7107207546396045,1,0.1454165575388735
2024-07-01,2024-09-10,XLF,sim,0.6620436675410958,1,0.0193301138055594
2024-07-01,2024-09-10,XLK,sim,0.683269308522616,1,0.0834759341492872
2024-07-01,2024-09-11,AMAT,sim,0.6943802986660973,1,0.1028288419175031
2024-07-01,2024-09-11,ASML,sim,0.7027166533224906,1,0.0571900029093419
2024-07-01,2024-09-11,CAT,sim,0.6825521469968658,1,0.1826567237056902
2024-07-01,2024-09-11,COST,sim,0.6485717343652687,1,0.009662317787626
2024-07-01,2024-09-11,JPM,sim,0.652516438658742,1,0.0298702049366672
2024-07-01,2024-09-11,MA,sim,0.6477450426397222,1,0.0241099998112108
2024-07-01,2024-09-11,MU,sim,0.6716404259183192,1,0.121897355061916
2024-07-01,2024-09-11,NFLX,sim,0.6518414145444094,1,0.0674423353624049
2024-07-01,2024-09-11,NVDA,sim,0.6853964077987721,1,0.1346333909959181
2024-07-01,2024-09-11,OXY,sim,0.6887169875039035,1,0.0639558169803726
2024-07-01,2024-09-11,PLTR,sim,0.7387996526732313,1,0.2375897548501386
2024-07-01,2024-09-11,SHOP,sim,0.688636553282966,1,0.1662473095235479
2024-07-01,2024-09-11,TSLA,sim,0.6381951952567982,1,0.0566343658984365
2024-07-01,2024-09-11,TSM,sim,0.7264154788953014,1,0.0993362162164099
2024-07-01,2024-09-11,XLF,sim,0.6645282667670078,1,0.033649541995097
2024-07-01,2024-09-11,XLK,sim,0.6905609114144692,1,0.0594373831645904
2024-07-01,2024-09-12,AMAT,sim,0.7212182283422728,1,0.1132580057835315
2024-07-01,2024-09-12,ASML,sim,0.7238143110442198,1,0.0422410094290726
2024-07-01,2024-09-12,CAT,sim,0.6999630616284624,1,0.1680311865611932
2024-07-01,2024-09-12,COST,sim,0.6630782410125495,0,-0.0233872372806241
2024-07-01,2024-09-12,JPM,sim,0.6677029178404156,1,0.0302032432237611
2024-07-01,2024-09-12,MA,sim,0.6669592351772979,1,0.0120095178680175
2024-07-01,2024-09-12,MU,sim,0.8161043711537539,1,0.2119023454986353
2024-07-01,2024-09-12,NFLX,sim,0.6714875826484419,1,0.0633226412945975
2024-07-01,2024-09-12,NVDA,sim,0.7069307686070676,1,0.1315259211786332
2024-07-01,2024-09-12,OXY,sim,0.7206784407353819,1,0.0702098038539438
2024-07-01,2024-09-12,PLTR,sim,0.7542363823051166,1,0.2466342207959024
2024-07-01,2024-09-12,RTX,sim,0.7164508515798715,1,0.0236469941995638
2024-07-01,2024-09-12,SHOP,sim,0.7010873736134888,1,0.1598654033960918
2024-07-01,2024-09-12,TSLA,sim,0.641468250874865,1,0.0389887594493476
2024-07-01,2024-09-12,TSM,sim,0.7430515716803164,1,0.0837076749495941
2024-07-01,2024-09-12,XLF,sim,0.6793770129447556,1,0.0281658397907984
2024-07-01,2024-09-12,XLK,sim,0.7178743366736879,1,0.0504696248246741
2024-07-01,2024-09-13,AMAT,sim,0.7021589186922478,1,0.088024599301951
2024-07-01,2024-09-13,ASML,sim,0.7052598863830732,1,0.0298030495448231
2024-07-01,2024-09-13,CAT,sim,0.681071642497846,1,0.1642292197041162
2024-07-01,2024-09-13,COST,sim,0.6492145178139528,0,-0.02944319945756
2024-07-01,2024-09-13,JPM,sim,0.6613435143347761,1,0.0879502022207689
2024-07-01,2024-09-13,MA,sim,0.6505202022956879,1,0.0180396154498028
2024-07-01,2024-09-13,MU,sim,0.802107694375141,1,0.1721113433254257
2024-07-01,2024-09-13,NFLX,sim,0.6602189645201669,1,0.0369121452896923
2024-07-01,2024-09-13,NVDA,sim,0.6888070354905782,1,0.1318220384448463
2024-07-01,2024-09-13,OXY,sim,0.7035154186411976,1,0.0726738323196549
2024-07-01,2024-09-13,PLTR,sim,0.7430727590543922,1,0.2225343673781754
2024-07-01,2024-09-13,SHOP,sim,0.688636553282966,1,0.1489303156663437
2024-07-01,2024-09-13,TSLA,sim,0.6218346443986872,0,-0.0542359225259793
2024-07-01,2024-09-13,TSM,sim,0.735902725312859,1,0.1061449133831522
2024-07-01,2024-09-13,XLF,sim,0.6640613369112306,1,0.044933724453376
2024-07-01,2024-09-13,XLK,sim,0.6966088472260432,1,0.0470422564069055
2024-07-01,2024-09-16,AMAT,sim,0.6989157290271116,1,0.1402601412824915
2024-07-01,2024-09-16,ASML,sim,0.7051550998229853,1,0.0862099564133394
2024-07-01,2024-09-16,CAT,sim,0.6881353163077495,1,0.1321704272943415
2024-07-01,2024-09-16,COST,sim,0.6504701675297073,0,-0.0199477738541462
2024-07-01,2024-09-16,JPM,sim,0.6635641898322774,1,0.0655248488270676
2024-07-01,2024-09-16,MA,sim,0.6512695311965215,1,0.017982384040283
2024-07-01,2024-09-16,MU,sim,0.8032146696157647,1,0.2427161729598961
2024-07-01,2024-09-16,NFLX,sim,0.6570450656965853,1,0.02368989935005
2024-07-01,2024-09-16,NVDA,sim,0.6888070354905782,1,0.1823086895655647
2024-07-01,2024-09-16,OXY,sim,0.7035154186411976,1,0.0510820605404123
2024-07-01,2024-09-16,PLTR,sim,0.7430727590543922,1,0.1952630097613592
2024-07-01,2024-09-16,SHOP,sim,0.6825880706420012,1,0.1372655371402606
2024-07-01,2024-09-16,TSLA,sim,0.619630379170148,0,-0.0336008252853167
2024-07-01,2024-09-16,TSM,sim,0.7208808589212202,1,0.1367991757293927
2024-07-01,2024-09-16,XLF,sim,0.6665197492393636,1,0.0379241312638254
2024-07-01,2024-09-16,XLK,sim,0.6988415650728467,1,0.0647541021196513
2024-07-01,2024-09-17,AMAT,sim,0.7021214088066249,1,0.0128851369731008
2024-07-01,2024-09-17,ASML,sim,0.6981803100470862,0,-0.0934106288244507
2024-07-01,2024-09-17,CAT,sim,0.6870927179154638,1,0.0969775440532871
2024-07-01,2024-09-17,COST,sim,0.641208253100012,0,-0.0029645860463243
2024-07-01,2024-09-17,JPM,sim,0.6632539893234817,1,0.0627956960078779
2024-07-01,2024-09-17,MA,sim,0.6506247548136207,1,0.0124553800945881
2024-07-01,2024-09-17,MU,sim,0.7191594793736378,1,0.1757015186303649
2024-07-01,2024-09-17,NFLX,sim,0.6586718938124182,0,-0.0013156175021808
2024-07-01,2024-09-17,NVDA,sim,0.6817803570440436,1,0.1385068801181102
2024-07-01,2024-09-17,OXY,sim,0.7030510934104839,0,-0.00960430247427
2024-07-01,2024-09-17,PLTR,sim,0.7394323227160425,1,0.1640603406603078
2024-07-01,2024-09-17,SHOP,sim,0.6944798945902881,1,0.1004701633786997
2024-07-01,2024-09-17,TSLA,sim,0.619630379170148,0,-0.0364242242103892
2024-07-01,2024-09-17,TSM,sim,0.7208808589212202,1,0.1181953872595726
2024-07-01,2024-09-17,XLF,sim,0.6733253418021625,1,0.0346348914936209
2024-07-01,2024-09-17,XLK,sim,0.6988415650728467,1,0.0433909503412288
2024-07-01,2024-09-18,AMAT,sim,0.7021214088066249,0,-0.0083270820717753
2024-07-01,2024-09-18,ASML,sim,0.7118237551841644,0,-0.1324126774068519
2024-07-01,2024-09-18,CAT,sim,0.6822524184727519,1,0.1084140587107611
2024-07-01,2024-09-18,COST,sim,0.6469032043991206,0,-0.0057589908752265
2024-07-01,2024-09-18,JPM,sim,0.6635641898322774,1,0.0776273343859272
2024-07-01,2024-09-18,MA,sim,0.6367564769740388,1,0.0390290184684514
2024-07-01,2024-09-18,MU,sim,0.7927034415908925,1,0.2506010277279364
2024-07-01,2024-09-18,NFLX,sim,0.6478079164225948,1,0.0166987693433728
2024-07-01,2024-09-18,NVDA,sim,0.6792018338866632,1,0.1971420828495562
2024-07-01,2024-09-18,OXY,sim,0.7017884711380289,0,-0.0094686314679574
2024-07-01,2024-09-18,PLTR,sim,0.7394323227160425,1,0.1525563241922158
2024-07-01,2024-09-18,SHOP,sim,0.6985347531606697,1,0.0881414137971745
2024-07-01,2024-09-18,TSLA,sim,0.6218683636239323,0,-0.0258362464614149
2024-07-01,2024-09-18,TSM,sim,0.7193840822116471,1,0.1207556019586855
2024-07-01,2024-09-18,XLF,sim,0.6733253418021625,1,0.0506749498809204
2024-07-01,2024-09-18,XLK,sim,0.7047432401266092,1,0.0562692882245949
2024-07-01,2024-09-19,AMAT,sim,0.7529942260606938,0,-0.068476441263593
2024-07-01,2024-09-19,ASML,sim,0.7462466409571422,0,-0.1540282091565561
2024-07-01,2024-09-19,CAT,sim,0.7408646531816485,1,0.0567356695890708
2024-07-01,2024-09-19,COST,sim,0.7482551380208355,0,-0.0171525771860213
2024-07-01,2024-09-19,JPM,sim,0.7111717981658949,1,0.0662295834491142
2024-07-01,2024-09-19,MA,sim,0.6940795201545839,1,0.0420883949392112
2024-07-01,2024-09-19,MU,sim,0.8349950285110403,1,0.2554622190673143
2024-07-01,2024-09-19,NFLX,sim,0.7070827084010174,0,-0.0236682166582553
2024-07-01,2024-09-19,NVDA,sim,0.735594330877198,1,0.16170348252369
2024-07-01,2024-09-19,OXY,sim,0.7440235411193692,0,-0.0059580543122575
2024-07-01,2024-09-19,PLTR,sim,0.775686236201878,1,0.1403746378471808
2024-07-01,2024-09-19,SHOP,sim,0.7381386760958617,1,0.0374936062125068
2024-07-01,2024-09-19,TSLA,sim,0.6865206693706114,0,-0.094416197737693
2024-07-01,2024-09-19,TSM,sim,0.781827771387005,1,0.1680853189876587
2024-07-01,2024-09-19,XLF,sim,0.7241402742997317,1,0.042022369038116
2024-07-01,2024-09-19,XLK,sim,0.7508120465368893,1,0.0289330174491442
2024-07-01,2024-09-20,AMAT,sim,0.7030339501915799,0,-0.0301831959888824
2024-07-01,2024-09-20,ASML,sim,0.7080286535453268,0,-0.0905593210921246
2024-07-01,2024-09-20,CAT,sim,0.6982146730522285,1,0.0678921358117425
2024-07-01,2024-09-20,COST,sim,0.6510542634212093,0,-0.0192065792909267
2024-07-01,2024-09-20,JPM,sim,0.6561856966253315,1,0.0676488655409277
2024-07-01,2024-09-20,MA,sim,0.6462065733633291,1,0.0478955170857315
2024-07-01,2024-09-20,MU,sim,0.8017791276702053,1,0.2227722734881903
2024-07-01,2024-09-20,NFLX,sim,0.6579510088191267,1,0.0896681083175345
2024-07-01,2024-09-20,NVDA,sim,0.682408653441868,1,0.1896551724137931
2024-07-01,2024-09-20,OXY,sim,0.6911574611518233,1,0.0003873055383436
2024-07-01,2024-09-20,PLTR,sim,0.7293214841516906,1,0.1551075360060756
2024-07-01,2024-09-20,SHOP,sim,0.7015304072078046,1,0.0503048656385334
2024-07-01,2024-09-20,TSLA,sim,0.6148760602672779,0,-0.0736621324313024
2024-07-01,2024-09-20,TSM,sim,0.7338922738580566,1,0.1533777382088645
2024-07-01,2024-09-20,XLF,sim,0.677141706236907,1,0.0429259546873113
2024-07-01,2024-09-20,XLK,sim,0.6989176303622519,1,0.0376578660350586
2024-07-01,2024-09-23,AMAT,sim,0.7043860554022104,0,-0.0493711961643851
2024-07-01,2024-09-23,ASML,sim,0.7163817330742476,0,-0.1112632537822806
2024-07-01,2024-09-23,CAT,sim,0.6940577149198528,1,0.0520246702589657
2024-07-01,2024-09-23,COST,sim,0.6503212767073684,0,-0.0330505484731594
2024-07-01,2024-09-23,JPM,sim,0.6614540720595853,1,0.0546727082156426
2024-07-01,2024-09-23,MA,sim,0.6437000737392655,1,0.0359455980018519
2024-07-01,2024-09-23,MU,sim,0.5330912629276321,1,0.1657582792221426
2024-07-01,2024-09-23,NFLX,sim,0.6581924151967831,1,0.0945602722903196
2024-07-01,2024-09-23,NVDA,sim,0.682408653441868,1,0.2361087568661104
2024-07-01,2024-09-23,OXY,sim,0.6658457097677507,0,-0.0080398539461705
2024-07-01,2024-09-23,PLTR,sim,0.7373093484010604,1,0.125164687865795
2024-07-01,2024-09-23,SHOP,sim,0.7013266992334664,1,0.0318312699079958
2024-07-01,2024-09-23,TSLA,sim,0.6356760038233537,0,-0.1245999755859375
2024-07-01,2024-09-23,TSM,sim,0.7304735789798577,1,0.1555848208746806
2024-07-01,2024-09-23,XLF,sim,0.6687585216305758,1,0.0396127444136804
2024-07-01,2024-09-23,XLK,sim,0.703341940550653,1,0.0445765649894984
2024-07-01,2024-09-24,AMAT,sim,0.7151653811786766,0,-0.0700274360442096
2024-07-01,2024-09-24,ASML,sim,0.7128315688151126,0,-0.1143612123531556
2024-07-01,2024-09-24,CAT,sim,0.6975678507274939,1,0.0065555899445792
2024-07-01,2024-09-24,COST,sim,0.7046550140673012,0,-0.0089291523273131
2024-07-01,2024-09-24,JPM,sim,0.6638934431928856,1,0.0592182947973001
2024-07-01,2024-09-24,MA,sim,0.6372694841763141,1,0.0525430657490042
2024-07-01,2024-09-24,MU,sim,0.6668520999210615,1,0.1470212733491938
2024-07-01,2024-09-24,NFLX,sim,0.6669978597230488,1,0.0581231938205979
2024-07-01,2024-09-24,NVDA,sim,0.6857106712894557,1,0.1879704895758436
2024-07-01,2024-09-24,OXY,sim,0.674600437561202,0,-0.0057252489126292
2024-07-01,2024-09-24,PLTR,sim,0.7206898421263274,1,0.1636855515193969
2024-07-01,2024-09-24,SHOP,sim,0.6959679320696948,1,0.0159342555722692
2024-07-01,2024-09-24,TSLA,sim,0.6298224504862758,0,-0.1427616409400018
2024-07-01,2024-09-24,TSM,sim,0.7461311296730029,1,0.0907292102878634
2024-07-01,2024-09-24,XLF,sim,0.6659638586450217,1,0.0463826029492027
2024-07-01,2024-09-24,XLK,sim,0.7077191339084782,1,0.0364026625259603
2024-07-01,2024-09-25,AMAT,sim,0.7174649027309142,0,-0.0740459216011745
2024-07-01,2024-09-25,ASML,sim,0.71234191330552,0,-0.1339069624524648
2024-07-01,2024-09-25,CAT,sim,0.6938288100915151,1,0.0197753099440267
2024-07-01,2024-09-25,COST,sim,0.6939618945827167,0,-0.0101825148874062
2024-07-01,2024-09-25,JPM,sim,0.6631126532274241,1,0.0628954805992183
2024-07-01,2024-09-25,MA,sim,0.6388139559193674,1,0.0496066353175379
2024-07-01,2024-09-25,MU,sim,0.5543955650943271,1,0.0968988904038272
2024-07-01,2024-09-25,NFLX,sim,0.6633302112797532,1,0.0384306598555177
2024-07-01,2024-09-25,NVDA,sim,0.7027696433906169,1,0.1299489526739727
2024-07-01,2024-09-25,OXY,sim,0.6755561085906359,1,0.0039123780735197
2024-07-01,2024-09-25,PLTR,sim,0.7219245446369822,1,0.1473599509186567
2024-07-01,2024-09-25,SHOP,sim,0.6883703065837677,1,0.0050467009222556
2024-07-01,2024-09-25,TSLA,sim,0.6291619607792551,0,-0.1687417203759995
2024-07-01,2024-09-25,TSM,sim,0.7483211972224438,1,0.1015080553182337
2024-07-01,2024-09-25,XLF,sim,0.6632185400532091,1,0.051797268305479
2024-07-01,2024-09-25,XLK,sim,0.7109696577337898,1,0.0186398781528707
2024-07-01,2024-09-26,AMAT,sim,0.7184165648437058,0,-0.1233719790804411
2024-07-01,2024-09-26,ASML,sim,0.7110351236650991,0,-0.1661465962146088
2024-07-01,2024-09-26,CAT,sim,0.696198018118281,0,-0.009975429664732
2024-07-01,2024-09-26,COST,sim,0.6556869359644527,0,-0.0088968977519624
2024-07-01,2024-09-26,JPM,sim,0.6588204116398632,1,0.0724568454413694
2024-07-01,2024-09-26,MA,sim,0.6514624458565397,1,0.0393877227110184
2024-07-01,2024-09-26,MU,sim,0.5797324366556166,0,-0.027575526529262
2024-07-01,2024-09-26,NFLX,sim,0.655488582005508,1,0.0606103794643455
2024-07-01,2024-09-26,NVDA,sim,0.7012288003322441,1,0.1319735780857514
2024-07-01,2024-09-26,OXY,sim,0.6755561085906359,1,0.0288519060531242
2024-07-01,2024-09-26,PLTR,sim,0.7138692234686546,1,0.1741240745245869
2024-07-01,2024-09-26,SHOP,sim,0.6877624963966633,0,-0.0115170316430437
2024-07-01,2024-09-26,TSLA,sim,0.619820811778262,1,0.024624379417693
2024-07-01,2024-09-26,TSM,sim,0.7435152525446272,1,0.0594122503663194
2024-07-01,2024-09-26,XLF,sim,0.6659638586450217,1,0.0473123288862142
2024-07-01,2024-09-26,XLK,sim,0.7097998987806586,1,0.0082739409942456
2024-07-01,2024-09-27,AMAT,sim,0.7173778499292697,0,-0.0897911090225298
2024-07-01,2024-09-27,ASML,sim,0.7180381942148638,0,-0.1542885296129017
2024-07-01,2024-09-27,CAT,sim,0.6939568646720289,0,-0.0130663432725117
2024-07-01,2024-09-27,COST,sim,0.6644685811956554,1,0.0063232262333874
2024-07-01,2024-09-27,JPM,sim,0.6624231810383903,1,0.0561045014660035
2024-07-01,2024-09-27,MA,sim,0.651463723777208,1,0.0277934735758731
2024-07-01,2024-09-27,MU,sim,0.5818225238108641,1,0.0038139875545057
2024-07-01,2024-09-27,NFLX,sim,0.6585564116996385,1,0.0669117363136311
2024-07-01,2024-09-27,NVDA,sim,0.7010408664634951,1,0.1658977883617296
2024-07-01,2024-09-27,OXY,sim,0.6609469720700712,1,0.0107780338019711
2024-07-01,2024-09-27,PLTR,sim,0.6830336839549117,1,0.2176981657042771
2024-07-01,2024-09-27,SHOP,sim,0.6990555787501037,0,-0.002019896914078
2024-07-01,2024-09-27,TSLA,sim,0.6202438828155733,1,0.0335176659476847
2024-07-01,2024-09-27,TSM,sim,0.7328601788889282,1,0.1431140138562869
2024-07-01,2024-09-27,XLF,sim,0.6640292921390227,1,0.0327796122307555
2024-07-01,2024-09-27,XLK,sim,0.7083169889369604,1,0.0230563618031645
2024-07-01,2024-09-30,AMAT,sim,0.7159555544659527,0,-0.0827023333901494
2024-07-01,2024-09-30,ASML,sim,0.7196921399146594,0,-0.1495349241955446
2024-07-01,2024-09-30,CAT,sim,0.6881303302825076,0,-0.0013039726221928
2024-07-01,2024-09-30,COST,sim,0.667640979602364,1,0.0050083498889894
2024-07-01,2024-09-30,JPM,sim,0.6540804499904448,1,0.0694299504281124
2024-07-01,2024-09-30,MA,sim,0.6541792589585957,1,0.0291818631395976
2024-07-01,2024-09-30,MU,sim,0.5952116974295201,1,0.0258412913782102
2024-07-01,2024-09-30,NFLX,sim,0.6521961710464622,1,0.0561845348120764
2024-07-01,2024-09-30,NVDA,sim,0.7010408664634951,1,0.1571146364251814
2024-07-01,2024-09-30,OXY,sim,0.6916985067633553,0,-0.0176561860932749
2024-07-01,2024-09-30,PLTR,sim,0.6765667235776099,1,0.2088709757636495
2024-07-01,2024-09-30,SHOP,sim,0.6990555787501037,0,-0.0033690622051749
2024-07-01,2024-09-30,TSLA,sim,0.6111584377486976,1,0.0033635472475974
2024-07-01,2024-09-30,TSM,sim,0.7282910245013102,1,0.1209765343948325
2024-07-01,2024-09-30,XLF,sim,0.6640292921390227,1,0.0417034290021032
2024-07-01,2024-09-30,XLK,sim,0.7083169889369604,1,0.0197555227781163
2024-10-01,2024-10-01,AMAT,sim,0.7054411845366221,0,-0.0359026467577123
2024-10-01,2024-10-01,ASML,sim,0.7160519011383838,0,-0.1303702366636676
2024-10-01,2024-10-01,CAT,sim,0.7206787059225225,0,-0.0124366184169715
2024-10-01,2024-10-01,COST,sim,0.7174794767405202,1,0.0109530480499677
2024-10-01,2024-10-01,JPM,sim,0.7056277363176632,1,0.0766035603007035
2024-10-01,2024-10-01,MA,sim,0.7155550122588806,1,0.0199443849452025
2024-10-01,2024-10-01,MU,sim,0.5399215194570771,1,0.0784568132601633
2024-10-01,2024-10-01,NFLX,sim,0.7141981611002668,1,0.0754960327428773
2024-10-01,2024-10-01,NVDA,sim,0.7018334777651705,1,0.2072649572649572
2024-10-01,2024-10-01,OXY,sim,0.7165133268904275,0,-0.0595304820459213
2024-10-01,2024-10-01,PLTR,sim,0.7102483322371991,1,0.2323094194566306
2024-10-01,2024-10-01,SHOP,sim,0.7241143321959639,1,0.0247291589148968
2024-10-01,2024-10-01,TSLA,sim,0.5459307081182554,1,0.0058135030767734
2024-10-01,2024-10-01,TSM,sim,0.7102178010537484,1,0.1445341666681445
2024-10-01,2024-10-01,XLF,sim,0.6988951925065453,1,0.0408162436369532
2024-10-01,2024-10-01,XLK,sim,0.7045873959988869,1,0.0592936218246273
2024-10-01,2024-10-02,AMAT,sim,0.7092108889426254,0,-0.0787968745993761
2024-10-01,2024-10-02,ASML,sim,0.7144218589302423,0,-0.1782765773637233
2024-10-01,2024-10-02,CAT,sim,0.7209820003040714,0,-0.0375840579047925
2024-10-01,2024-10-02,COST,sim,0.7167040100585246,1,0.0006374256313605
2024-10-01,2024-10-02,JPM,sim,0.7052919653242764,1,0.0825896614910153
2024-10-01,2024-10-02,MA,sim,0.7189974691832509,1,0.0365639462626574
2024-10-01,2024-10-02,MU,sim,0.5435975717751952,1,0.0423635795851304
2024-10-01,2024-10-02,NFLX,sim,0.7056756513491073,1,0.0599783335455916
2024-10-01,2024-10-02,NVDA,sim,0.7015275531185768,1,0.172402171870714
2024-10-01,2024-10-02,OXY,sim,0.7078205966994735,0,-0.0611901298988684
2024-10-01,2024-10-02,PLTR,sim,0.7093126699301999,1,0.1653773451763618
2024-10-01,2024-10-02,SHOP,sim,0.7209151522195074,1,0.0115044712978988
2024-10-01,2024-10-02,TSLA,sim,0.545860415324483,1,0.0342542099998315
2024-10-01,2024-10-02,TSM,sim,0.7109533904441412,1,0.1062570668459068
2024-10-01,2024-10-02,XLF,sim,0.7052715537946262,1,0.0443164181844661
2024-10-01,2024-10-02,XLK,sim,0.7045873959988869,1,0.0347920196581121
2024-10-01,2024-10-03,AMAT,sim,0.7182845100906599,0,-0.0902349558459152
2024-10-01,2024-10-03,ASML,sim,0.725034350357385,0,-0.1920447742206543
2024-10-01,2024-10-03,CAT,sim,0.7298282437843446,0,-0.0380730375879899
2024-10-01,2024-10-03,COST,sim,0.730332094862299,0,-0.0017015431195017
2024-10-01,2024-10-03,GOOG,sim,0.7145633934243136,1,0.0327731326326452
2024-10-01,2024-10-03,JPM,sim,0.7195502214532019,1,0.0813234068550277
2024-10-01,2024-10-03,MA,sim,0.7403492447407187,1,0.0093338891362984
2024-10-01,2024-10-03,MU,sim,0.5557309695604263,0,-0.0213121015070639
2024-10-01,2024-10-03,NFLX,sim,0.7283319507210244,1,0.0696519029391626
2024-10-01,2024-10-03,NVDA,sim,0.7190087386246028,1,0.0806674493756907
2024-10-01,2024-10-03,OXY,sim,0.7112444364202634,0,-0.0854170510489895
2024-10-01,2024-10-03,PLTR,sim,0.7346357823702219,1,0.0591233332208884
2024-10-01,2024-10-03,SHOP,sim,0.7317376107894831,1,0.0008958241025209
2024-10-01,2024-10-03,TSLA,sim,0.562567965899689,1,0.0381866629334435
2024-10-01,2024-10-03,TSM,sim,0.7209788295681946,1,0.061622452762833
2024-10-01,2024-10-03,XLF,sim,0.7211524821836562,1,0.0354199192293716
2024-10-01,2024-10-03,XLK,sim,0.7205810657431282,0,-0.002558197889122
2024-10-01,2024-10-04,AMAT,sim,0.7265263804756796,0,-0.0920433540898797
2024-10-01,2024-10-04,ASML,sim,0.7299338277123317,0,-0.1900000234468787
2024-10-01,2024-10-04,CAT,sim,0.7384096387359133,0,-0.0439698597700787
2024-10-01,2024-10-04,COST,sim,0.7439115294320073,0,-0.0065676845344012
2024-10-01,2024-10-04,GOOG,sim,0.7181363087816822,1,0.0242643355311444
2024-10-01,2024-10-04,JPM,sim,0.71761010598187,1,0.0554871752342096
2024-10-01,2024-10-04,MA,sim,0.7373443852682607,1,0.0208558852936426
2024-10-01,2024-10-04,MU,sim,0.5619186745920233,0,-0.0246454439419697
2024-10-01,2024-10-04,NFLX,sim,0.7244289886682095,1,0.0505766198125523
2024-10-01,2024-10-04,NVDA,sim,0.7226265063972778,1,0.0838936589909777
2024-10-01,2024-10-04,OXY,sim,0.7201591351646783,0,-0.111011456474857
2024-10-01,2024-10-04,PLTR,sim,0.7296857994002229,1,0.0477380636725535
2024-10-01,2024-10-04,SHOP,sim,0.7420327949323537,0,-0.0417324084516623
2024-10-01,2024-10-04,TSLA,sim,0.5659242170389918,0,-0.0043986168244621
2024-10-01,2024-10-04,TSM,sim,0.7289674311877851,1,0.0650805533660892
2024-10-01,2024-10-04,XLF,sim,0.7174010742178729,1,0.0216866994672124
2024-10-01,2024-10-04,XLK,sim,0.7311514634301082,0,-0.0061253924503906
2024-10-01,2024-10-07,AMAT,sim,0.7007832565735197,0,-0.0914905167234433
2024-10-01,2024-10-07,ASML,sim,0.7031186891482201,0,-0.1787580628393622
2024-10-01,2024-10-07,CAT,sim,0.7112764120779368,0,-0.0545637438451428
2024-10-01,2024-10-07,GOOG,sim,0.700727463702936,1,0.0382626273464716
2024-10-01,2024-10-07,JPM,sim,0.6957466968217801,1,0.0419570777547928
2024-10-01,2024-10-07,MA,sim,0.727117582923646,1,0.0290657421821765
2024-10-01,2024-10-07,MU,sim,0.5333051692344017,0,-0.0114663323601673
2024-10-01,2024-10-07,NFLX,sim,0.7099996712730218,1,0.0763477469960998
2024-10-01,2024-10-07,NVDA,sim,0.6866622700297764,1,0.0652208092032526
2024-10-01,2024-10-07,OXY,sim,0.6928683372187159,0,-0.0956894739531774
2024-10-01,2024-10-07,PLTR,sim,0.7161044323627201,1,0.0647981614120167
2024-10-01,2024-10-07,SHOP,sim,0.7150114833611638,0,-0.0299282482151689
2024-10-01,2024-10-07,TSLA,sim,0.5395714972208837,1,0.008346113405945
2024-10-01,2024-10-07,TSM,sim,0.7039068325911976,1,0.0382093288257976
2024-10-01,2024-10-07,XLF,sim,0.7027227529413635,1,0.0263916305762239
2024-10-01,2024-10-07,XLK,sim,0.7036721501415761,0,0.0
2024-10-01,2024-10-08,AMAT,sim,0.6999127276955882,0,-0.0716846316470072
2024-10-01,2024-10-08,ASML,sim,0.7023321884830225,0,-0.1793123359642245
2024-10-01,2024-10-08,CAT,sim,0.7104143769917796,0,-0.0118311074311436
2024-10-01,2024-10-08,GOOG,sim,0.7024879141813312,1,0.0344599083828032
2024-10-01,2024-10-08,JPM,sim,0.7019182371158275,1,0.050960880157362
2024-10-01,2024-10-08,MA,sim,0.7231002066959424,1,0.0171005513252915
2024-10-01,2024-10-08,MU,sim,0.5317759063831979,1,0.028769230757784
2024-10-01,2024-10-08,NFLX,sim,0.7017942762422084,1,0.0583988610029773
2024-10-01,2024-10-08,NVDA,sim,0.7027178194507477,1,0.0528256776635049
2024-10-01,2024-10-08,OXY,sim,0.6917117985549555,0,-0.0721649151503736
2024-10-01,2024-10-08,PLTR,sim,0.7163269752546214,1,0.2335343818336113
2024-10-01,2024-10-08,SHOP,sim,0.7147606788313176,0,-0.0364495285721649
2024-10-01,2024-10-08,TSLA,sim,0.5398157779340368,1,0.0283844680630112
2024-10-01,2024-10-08,TSM,sim,0.7031680545007373,1,0.0521902246482461
2024-10-01,2024-10-08,XLF,sim,0.7027227529413635,1,0.0299889891093965
2024-10-01,2024-10-08,XLK,sim,0.6956852924167561,0,-0.0045191241995947
2024-10-01,2024-10-09,AMAT,sim,0.7007680404658534,0,-0.0855359089776686
2024-10-01,2024-10-09,ASML,sim,0.7083705859736962,0,-0.2180754538529064
2024-10-01,2024-10-09,CAT,sim,0.7101895110728671,1,0.0522224243769657
2024-10-01,2024-10-09,GOOG,sim,0.7020618877880269,1,0.0936465380908266
2024-10-01,2024-10-09,JPM,sim,0.6942747723402342,1,0.1576234639596365
2024-10-01,2024-10-09,MA,sim,0.7153536821911024,1,0.0423642207393537
2024-10-01,2024-10-09,MU,sim,0.5481357497577459,1,0.0996067373332167
2024-10-01,2024-10-09,NFLX,sim,0.701362006954389,1,0.0725569165678159
2024-10-01,2024-10-09,NVDA,sim,0.702351891702269,1,0.0977007712791961
2024-10-01,2024-10-09,OXY,sim,0.7145501428428201,0,-0.0465677563112005
2024-10-01,2024-10-09,PLTR,sim,0.7158651246243328,1,0.2875028380267905
2024-10-01,2024-10-09,SHOP,sim,0.7127331899256606,0,-0.0178636305928004
2024-10-01,2024-10-09,TSLA,sim,0.5398540696390054,1,0.1969715624411099
2024-10-01,2024-10-09,TSM,sim,0.7032538023382363,1,0.0324890555246577
2024-10-01,2024-10-09,XLF,sim,0.6952197705785019,1,0.0825868197835182
2024-10-01,2024-10-09,XLK,sim,0.6957491803772438,1,0.0124962245305606
2024-10-01,2024-10-10,AMAT,sim,0.699415506574639,0,-0.0483918908172182
2024-10-01,2024-10-10,ASML,sim,0.702490919128788,0,-0.1879683372751461
2024-10-01,2024-10-10,CAT,sim,0.7105581548807717,1,0.0291699686853221
2024-10-01,2024-10-10,GOOG,sim,0.7022675282588867,1,0.1170487005809897
2024-10-01,2024-10-10,JPM,sim,0.6946151566049603,1,0.1105995534201726
2024-10-01,2024-10-10,MA,sim,0.7272480362374477,1,0.0398779492937089
2024-10-01,2024-10-10,MU,sim,0.543706265638506,1,0.073043817223706
2024-10-01,2024-10-10,NFLX,sim,0.7016853709752485,1,0.0907173870778246
2024-10-01,2024-10-10,NVDA,sim,0.702170615256127,1,0.1043691683037333
2024-10-01,2024-10-10,OXY,sim,0.7053690721744648,0,-0.06157230399747
2024-10-01,2024-10-10,PLTR,sim,0.7160394397452813,1,0.2840073639784768
2024-10-01,2024-10-10,SHOP,sim,0.7125371287099749,1,0.0343368879061964
2024-10-01,2024-10-10,TSLA,sim,0.5753635814967519,1,0.2434979199619429
2024-10-01,2024-10-10,TSM,sim,0.7025559293829322,1,0.0829475926545579
2024-10-01,2024-10-10,XLF,sim,0.6946897503334477,1,0.0683760433673301
2024-10-01,2024-10-10,XLK,sim,0.6961572478603915,1,0.0304240024105719
2024-10-01,2024-10-11,AMAT,sim,0.6988718961929068,0,-0.0635423726442486
2024-10-01,2024-10-11,ASML,sim,0.702490919128788,0,-0.203666073393343
2024-10-01,2024-10-11,CAT,sim,0.7102101416627028,0,-0.0215163278763986
2024-10-01,2024-10-11,GOOG,sim,0.701990121728785,1,0.093240918669599
2024-10-01,2024-10-11,JPM,sim,0.6952008964679014,1,0.0660848571014944
2024-10-01,2024-10-11,MA,sim,0.7228576773397587,1,0.0447975143601406
2024-10-01,2024-10-11,MU,sim,0.530105123444625,1,0.0465769121045498
2024-10-01,2024-10-11,NFLX,sim,0.7101793611926074,1,0.0999598575137012
2024-10-01,2024-10-11,NVDA,sim,0.70101010797269,1,0.095178052971768
2024-10-01,2024-10-11,OXY,sim,0.7146244737986152,0,-0.0772461590922469
2024-10-01,2024-10-11,PLTR,sim,0.7161544515950663,1,0.3419903847882035
2024-10-01,2024-10-11,SHOP,sim,0.7158461232649335,1,0.0466122655260337
2024-10-01,2024-10-11,TSLA,sim,0.5769494015077161,1,0.4748392870516567
2024-10-01,2024-10-11,TSM,sim,0.705250796703652,1,0.0544520702404909
2024-10-01,2024-10-11,XLF,sim,0.6956981428386102,1,0.0576220254115769
2024-10-01,2024-10-11,XLK,sim,0.6958830065699776,1,0.0275118329824668
2024-10-01,2024-10-14,AMAT,sim,0.7033165203229177,0,-0.1184253677279714
2024-10-01,2024-10-14,ASML,sim,0.7043371040861913,0,-0.2303874000858705
2024-10-01,2024-10-14,CAT,sim,0.7120122747831124,1,0.0065744288809148
2024-10-01,2024-10-14,GOOG,sim,0.7018846545858297,1,0.0938983741753971
2024-10-01,2024-10-14,JPM,sim,0.6967860930357278,1,0.0804135718898211
2024-10-01,2024-10-14,MA,sim,0.7168685575823643,1,0.0463032236322398
2024-10-01,2024-10-14,MU,sim,0.49320139413623687,1,0.002861410360597
2024-10-01,2024-10-14,NFLX,sim,0.7127063482934646,1,0.1296493025364045
2024-10-01,2024-10-14,NVDA,sim,0.7019546417661914,1,0.0520749388079158
2024-10-01,2024-10-14,OXY,sim,0.7169311894110953,0,-0.0575032180095601
2024-10-01,2024-10-14,PLTR,sim,0.7160514461182379,1,0.3880184230534278
2024-10-01,2024-10-14,SHOP,sim,0.7152067309131234,1,0.075406280300927
2024-10-01,2024-10-14,TSLA,sim,0.5782960218675967,1,0.59700672637154
2024-10-01,2024-10-14,TSM,sim,0.7059553594217418,1,0.0095728436273858
2024-10-01,2024-10-14,XLF,sim,0.6970742807892794,1,0.0660256453624243
2024-10-01,2024-10-14,XLK,sim,0.6976768002634465,1,0.0086818865610676
2024-10-01,2024-10-15,AMAT,sim,0.7015073603070227,0,-0.0230866064468262
2024-10-01,2024-10-15,ASML,sim,0.7025592603800188,0,-0.0838547165562344
2024-10-01,2024-10-15,CAT,sim,0.7103750360235669,1,0.0129385284610501
2024-10-01,2024-10-15,GOOG,sim,0.6942765028094218,1,0.0983823488808421
2024-10-01,2024-10-15,JPM,sim,0.6958867286362701,1,0.0772067009131189
2024-10-01,2024-10-15,MA,sim,0.7159004681323003,1,0.0432544830720189
2024-10-01,2024-10-15,MU,sim,0.4930697171840237,0,-0.0021089074132162
2024-10-01,2024-10-15,NFLX,sim,0.7097533451237051,1,0.1607977201080552
2024-10-01,2024-10-15,NVDA,sim,0.7008266148135011,1,0.1268236049281712
2024-10-01,2024-10-15,OXY,sim,0.7055612986261479,0,-0.0246315055069326
2024-10-01,2024-10-15,PLTR,sim,0.7144531616013399,1,0.4105585209439735
2024-10-01,2024-10-15,SHOP,sim,0.7101507170099999,1,0.3294275328113782
2024-10-01,2024-10-15,TSLA,sim,0.57533627203224,1,0.4960603874705172
2024-10-01,2024-10-15,TSM,sim,0.700849416773287,1,0.0247955927354042
2024-10-01,2024-10-15,XLF,sim,0.6962668723991507,1,0.0605543722854851
2024-10-01,2024-10-15,XLK,sim,0.6956717352298089,1,0.0326657401607231
2024-10-01,2024-10-16,AMAT,sim,0.7016820171994332,0,-0.0097513575354479
2024-10-01,2024-10-16,ASML,sim,0.7024005779316519,0,-0.0147911489024887
2024-10-01,2024-10-16,CAT,sim,0.7109462381920348,0,-0.0166403838072776
2024-10-01,2024-10-16,GOOG,sim,0.6948384924023409,1,0.0824637132482506
2024-10-01,2024-10-16,JPM,sim,0.6957507716580827,1,0.0783402089084064
2024-10-01,2024-10-16,MA,sim,0.7161236835557648,1,0.0151924785482924
2024-10-01,2024-10-16,MU,sim,0.5308234343921808,0,-0.0853167326719189
2024-10-01,2024-10-16,NFLX,sim,0.7103818908926723,1,0.1830057077002764
2024-10-01,2024-10-16,NVDA,sim,0.7010500359648099,1,0.0777335908994119
2024-10-01,2024-10-16,OXY,sim,0.7060038540783241,0,-0.0027311625874483
2024-10-01,2024-10-16,PLTR,sim,0.7185092739968741,1,0.4476508543084061
2024-10-01,2024-10-16,SHOP,sim,0.7108961845891215,1,0.4061087169632529
2024-10-01,2024-10-16,TSLA,sim,0.5758568975745618,1,0.4920706072485072
2024-10-01,2024-10-16,TSM,sim,0.701435300544961,0,-0.0043737576494367
2024-10-01,2024-10-16,XLF,sim,0.6973026380322352,1,0.0482308537827649
2024-10-01,2024-10-16,XLK,sim,0.7027668076498061,1,0.0258947750870184
2024-10-01,2024-10-17,AMAT,sim,0.7037884177652135,1,0.0150621830609958
2024-10-01,2024-10-17,ASML,sim,0.7042876164087419,0,-0.0109048727940529
2024-10-01,2024-10-17,CAT,sim,0.7128012458026207,0,-0.0180739817468534
2024-10-01,2024-10-17,GOOG,sim,0.6962037922064462,1,0.0780500396658037
2024-10-01,2024-10-17,JPM,sim,0.6976618261280239,1,0.0777559802629785
2024-10-01,2024-10-17,MA,sim,0.7145201696428749,1,0.0129243509074725
2024-10-01,2024-10-17,MU,sim,0.5371013624834986,0,-0.1148594591348396
2024-10-01,2024-10-17,NFLX,sim,0.7125300642225645,1,0.2175670569032013
2024-10-01,2024-10-17,NVDA,sim,0.7028727568082134,1,0.0717885222876617
2024-10-01,2024-10-17,OXY,sim,0.7075766266521731,0,-0.0203016826561385
2024-10-01,2024-10-17,PLTR,sim,0.7162354922078191,1,0.409047626313709
2024-10-01,2024-10-17,SHOP,sim,0.7126566129867735,1,0.3362734962788125
2024-10-01,2024-10-17,TSLA,sim,0.5775361854346728,1,0.4087554598923326
2024-10-01,2024-10-17,TSM,sim,0.6904815524259674,0,-0.0842401702603349
2024-10-01,2024-10-17,XLF,sim,0.699208159050202,1,0.042638075052986
2024-10-01,2024-10-17,XLK,sim,0.6981043024837068,1,0.0192968078233441
2024-10-01,2024-10-18,AMAT,sim,0.7081161739285877,0,-0.0937969289026076
2024-10-01,2024-10-18,ASML,sim,0.7153051599542277,0,-0.08935929542649
2024-10-01,2024-10-18,CAT,sim,0.7181239804344689,0,-0.0248564931484601
2024-10-01,2024-10-18,GOOG,sim,0.700340149526756,1,0.0535595042377461
2024-10-01,2024-10-18,JPM,sim,0.7011625298663109,1,0.088476739909578
2024-10-01,2024-10-18,MA,sim,0.7178297542359249,1,0.0107487072555043
2024-10-01,2024-10-18,MU,sim,0.5377072528087342,0,-0.1332434096686907
2024-10-01,2024-10-18,NFLX,sim,0.7036352297902717,1,0.0786370261291458
2024-10-01,2024-10-18,NVDA,sim,0.7057691767160601,1,0.0288405487502829
2024-10-01,2024-10-18,OXY,sim,0.7115830260202738,0,-0.0327138720809276
2024-10-01,2024-10-18,PLTR,sim,0.7342591886264274,1,0.53060262449744
2024-10-01,2024-10-18,SHOP,sim,0.7177869510173502,1,0.3121673616754696
2024-10-01,2024-10-18,TSLA,sim,0.5819115324171393,1,0.453194407138652
2024-10-01,2024-10-18,TSM,sim,0.5464813219776836,0,-0.073563125621375
2024-10-01,2024-10-18,XLF,sim,0.703080551352733,1,0.0472490560786946
2024-10-01,2024-10-18,XLK,sim,0.7016516148454376,0,-0.0095275081778676
2024-10-01,2024-10-21,AMAT,sim,0.6878002796497814,0,-0.0744335383638253
2024-10-01,2024-10-21,ASML,sim,0.6991798879421801,0,-0.0684357888082665
2024-10-01,2024-10-21,CAT,sim,0.6976107691345104,0,-0.0154169723465327
2024-10-01,2024-10-21,GOOG,sim,0.6799224598500071,1,0.0663449927474737
2024-10-01,2024-10-21,JPM,sim,0.6805942432316118,1,0.0987892321941563
2024-10-01,2024-10-21,MA,sim,0.7019282402778596,1,0.0128541096127436
2024-10-01,2024-10-21,MU,sim,0.515561105300379,0,-0.1060689356491216
2024-10-01,2024-10-21,NFLX,sim,0.6831698375890237,1,0.0971155598262236
2024-10-01,2024-10-21,NVDA,sim,0.6874269743023954,0,-0.0247721985322215
2024-10-01,2024-10-21,OXY,sim,0.6914032745289915,0,-0.0175607844996379
2024-10-01,2024-10-21,SHOP,sim,0.6980302011842863,1,0.2809096608103882
2024-10-01,2024-10-21,TSLA,sim,0.5566494924985362,1,0.5478180524891174
2024-10-01,2024-10-21,TSM,sim,0.5233749566957492,0,-0.071651405988442
2024-10-01,2024-10-21,XLF,sim,0.6818992721673405,1,0.0588484055995295
2024-10-01,2024-10-21,XLK,sim,0.6813207540607025,0,-0.0109487843647502
2024-10-01,2024-10-22,AMAT,sim,0.6912036970275848,0,-0.0748087565104166
2024-10-01,2024-10-22,ASML,sim,0.699948499255362,0,-0.0814942256156324
2024-10-01,2024-10-22,CAT,sim,0.6997935697938104,0,-0.0157802734326667
2024-10-01,2024-10-22,GOOG,sim,0.6844533008790253,1,0.0764895932538629
2024-10-01,2024-10-22,JPM,sim,0.6845474125123768,1,0.0846421632785781
2024-10-01,2024-10-22,MA,sim,0.7131486479832788,1,0.0125531211185296
2024-10-01,2024-10-22,MU,sim,0.5190955295706045,0,-0.0935818620520269
2024-10-01,2024-10-22,NFLX,sim,0.6867494536248362,1,0.1401130492848841
2024-10-01,2024-10-22,NVDA,sim,0.6921901435211985,1,0.0238178024665276
2024-10-01,2024-10-22,OXY,sim,0.6887681684539452,0,-0.0307101443566421
2024-10-01,2024-10-22,SHOP,sim,0.7006511972727213,1,0.2815830848630607
2024-10-01,2024-10-22,TSLA,sim,0.56241666373311,1,0.5873744004325692
2024-10-01,2024-10-22,TSM,sim,0.5273502448315952,0,-0.0443873324679408
2024-10-01,2024-10-22,XLF,sim,0.6861214199940342,1,0.0538705624311797
2024-10-01,2024-10-22,XLK,sim,0.6860916743935903,0,-0.0018122898336366
2024-10-01,2024-10-23,AMAT,sim,0.6844523185506135,0,-0.0668308246252304
2024-10-01,2024-10-23,ASML,sim,0.6971588345034953,0,-0.0708278100917912
2024-10-01,2024-10-23,CAT,sim,0.6969991422766354,0,-0.0109662480643178
2024-10-01,2024-10-23,GOOG,sim,0.6774256295475676,1,0.078125039137292
2024-10-01,2024-10-23,JPM,sim,0.6772605147521318,1,0.0777494061700938
2024-10-01,2024-10-23,MA,sim,0.7110081019134095,0,-0.0023163967193825
2024-10-01,2024-10-23,MU,sim,0.5098295724503141,0,-0.0635887683114542
2024-10-01,2024-10-23,NFLX,sim,0.6800470576447635,1,0.1795833539522175
2024-10-01,2024-10-23,NVDA,sim,0.6850077336229498,1,0.0453568496832128
2024-10-01,2024-10-23,OXY,sim,0.6821864715046844,0,-0.0079890851490682
2024-10-01,2024-10-23,SHOP,sim,0.7053894679359463,1,0.3047953510306673
2024-10-01,2024-10-23,TSLA,sim,0.5547786611178022,1,0.600889344958343
2024-10-01,2024-10-23,TSM,sim,0.5202310726670468,0,-0.0622324004879835
2024-10-01,2024-10-23,XLF,sim,0.6798714132953559,1,0.0515814110314791
2024-10-01,2024-10-23,XLK,sim,0.6782956878947443,1,0.0118198673274199
2024-10-01,2024-10-24,AMAT,sim,0.6803421082404176,0,-0.0435374149659864
2024-10-01,2024-10-24,ASML,sim,0.6941732892486232,0,-0.054374621272651
2024-10-01,2024-10-24,CAT,sim,0.6938684744467072,1,0.0065364511839378
2024-10-01,2024-10-24,GOOG,sim,0.674719772613684,1,0.028627039134579
2024-10-01,2024-10-24,JPM,sim,0.6752204052663249,1,0.0879189223705532
2024-10-01,2024-10-24,MA,sim,0.7091556392520746,1,0.0087736095562058
2024-10-01,2024-10-24,MU,sim,0.5084513249787977,0,-0.0382779260299307
2024-10-01,2024-10-24,NFLX,sim,0.677395792509251,1,0.1894241457919574
2024-10-01,2024-10-24,NVDA,sim,0.6827143669962319,1,0.0445836788232008
2024-10-01,2024-10-24,OXY,sim,0.6791882322781901,1,0.0037001450253597
2024-10-01,2024-10-24,SHOP,sim,0.7028152755848152,1,0.3340015505391951
2024-10-01,2024-10-24,TSLA,sim,0.5927390222824899,1,0.3039004926418875
2024-10-01,2024-10-24,TSM,sim,0.5166615922729623,0,-0.0337997647156775
2024-10-01,2024-10-24,XLF,sim,0.6774342925049179,1,0.0640508281088567
2024-10-01,2024-10-24,XLK,sim,0.676388402509856,1,0.0191182431572891
2024-10-01,2024-10-25,AMAT,sim,0.6795399506850736,0,-0.0624061715795651
2024-10-01,2024-10-25,ASML,sim,0.6947759063203057,0,-0.0545454639010546
2024-10-01,2024-10-25,CAT,sim,0.692033419715855,1,0.029846850732538
2024-10-01,2024-10-25,GOOG,sim,0.675870032737952,0,-0.0025151096181172
2024-10-01,2024-10-25,JPM,sim,0.6749278894799852,1,0.1180334028218772
2024-10-01,2024-10-25,MA,sim,0.7091021264059086,1,0.0266083262176175
2024-10-01,2024-10-25,MU,sim,0.50475009527074,0,-0.048837031726572
2024-10-01,2024-10-25,NFLX,sim,0.6780845373735682,1,0.1896299964151915
2024-10-01,2024-10-25,NVDA,sim,0.6821457788727111,1,0.0028967336552045
2024-10-01,2024-10-25,OXY,sim,0.6791882322781901,1,0.0067855459809302
2024-10-01,2024-10-25,SHOP,sim,0.7025256702690749,1,0.3530676148670209
2024-10-01,2024-10-25,TSLA,sim,0.5927390222824899,1,0.3097068775254177
2024-10-01,2024-10-25,TSM,sim,0.6667678195291956,0,-0.0656704701633074
2024-10-01,2024-10-25,XLF,sim,0.6773299691787381,1,0.0879261930132058
2024-10-01,2024-10-25,XLK,sim,0.6767263442551313,1,0.0143732377171514
2024-10-01,2024-10-28,AMAT,sim,0.6831837368061138,0,-0.0582172952375683
2024-10-01,2024-10-28,ASML,sim,0.6915352860917497,0,-0.0341212910151671
2024-10-01,2024-10-28,CAT,sim,0.6914364562764831,1,0.038503901868728
2024-10-01,2024-10-28,GOOG,sim,0.6764259422847113,1,0.0064749694760761
2024-10-01,2024-10-28,JPM,sim,0.6756973589678005,1,0.1099334513797463
2024-10-01,2024-10-28,MA,sim,0.7070045732860828,1,0.0361857980757249
2024-10-01,2024-10-28,MU,sim,0.5033179712602508,0,-0.0179527779271768
2024-10-01,2024-10-28,NFLX,sim,0.6770412745072036,1,0.1554756934252896
2024-10-01,2024-10-28,NVDA,sim,0.6813022623023511,0,-0.0320239102133439
2024-10-01,2024-10-28,OXY,sim,0.6796299991980999,0,-0.0037527639225334
2024-10-01,2024-10-28,SHOP,sim,0.6949971378752681,1,0.3897583095394366
2024-10-01,2024-10-28,TSLA,sim,0.5932874554059739,1,0.2898174688279185
2024-10-01,2024-10-28,TSM,sim,0.6832549523046144,0,-0.0493116458079712
2024-10-01,2024-10-28,XLF,sim,0.6775475939715269,1,0.081550569020973
2024-10-01,2024-10-28,XLK,sim,0.676388402509856,1,0.0146381508961803
2024-10-01,2024-10-29,AMAT,sim,0.6666779066775836,0,-0.0889964159662219
2024-10-01,2024-10-29,ASML,sim,0.6949068544632472,0,-0.0603658627136601
2024-10-01,2024-10-29,CAT,sim,0.6905749469167434,1,0.0524372952815608
2024-10-01,2024-10-29,GOOG,sim,0.6768093762974505,0,-0.0030384730297736
2024-10-01,2024-10-29,JPM,sim,0.6750765942374549,1,0.1214446301725344
2024-10-01,2024-10-29,MA,sim,0.708560486335242,1,0.0438492173164652
2024-10-01,2024-10-29,MU,sim,0.5050795863976074,0,-0.058975755550194
2024-10-01,2024-10-29,NFLX,sim,0.677425795866208,1,0.1490045540886939
2024-10-01,2024-10-29,NVDA,sim,0.6801731271815273,0,-0.0306548802198561
2024-10-01,2024-10-29,OXY,sim,0.6796299991980999,0,-0.0045927186206884
2024-10-01,2024-10-29,SHOP,sim,0.7033075483043586,1,0.3942032924742984
2024-10-01,2024-10-29,TSLA,sim,0.5928352150387657,1,0.3032907880113609
2024-10-01,2024-10-29,TSM,sim,0.6672727640694249,0,-0.0665177513004914
2024-10-01,2024-10-29,XLF,sim,0.6765553899134553,1,0.0903666207146849
2024-10-01,2024-10-29,XLK,sim,0.6766562075106585,1,0.0061717261161242
2024-10-01,2024-10-30,AMAT,sim,0.6464131026596003,0,-0.0754451996616221
2024-10-01,2024-10-30,ASML,sim,0.675787334180321,0,-0.0195224489821419
2024-10-01,2024-10-30,CAT,sim,0.6744483873993399,1,0.0644974754839005
2024-10-01,2024-10-30,GOOG,sim,0.6557474727811811,0,-0.0302032024745331
2024-10-01,2024-10-30,JPM,sim,0.6549174216638332,1,0.1130965162419304
2024-10-01,2024-10-30,MU,sim,0.4805115289041067,0,-0.056495049763326
2024-10-01,2024-10-30,NFLX,sim,0.6566087744808887,1,0.1639822819576166
2024-10-01,2024-10-30,NVDA,sim,0.6608989717313204,0,-0.0287067611965501
2024-10-01,2024-10-30,OXY,sim,0.6772704751450827,1,0.0029898650857786
2024-10-01,2024-10-30,SHOP,sim,0.6842859104399802,1,0.4065741521154953
2024-10-01,2024-10-30,TSLA,sim,0.5707292092268669,1,0.2925258412981588
2024-10-01,2024-10-30,TSM,sim,0.6632978613424699,0,-0.0683360426681195
2024-10-01,2024-10-30,XLF,sim,0.6569573993393502,1,0.0876298994232789
2024-10-01,2024-10-30,XLK,sim,0.6561519961372222,1,0.0085797709832604
2024-10-01,2024-10-31,GLD,sim,0.2526754367557118,0,-0.0312413646032079
2024-10-01,2024-11-01,AMAT,sim,0.6735995747351363,0,-0.0005998506239645
2024-10-01,2024-11-01,ASML,sim,0.6829154494441946,1,0.0544513972965168
2024-10-01,2024-11-01,CAT,sim,0.6853433814170639,1,0.0602692215802997
2024-10-01,2024-11-01,GOOG,sim,0.6607857281762355,1,0.0019113920806308
2024-10-01,2024-11-01,JPM,sim,0.6586792430462857,1,0.1045572678896877
2024-10-01,2024-11-01,MU,sim,0.490157639748943,0,-0.011831948916642
2024-10-01,2024-11-01,NFLX,sim,0.6607954688071682,1,0.1873297361527146
2024-10-01,2024-11-01,NVDA,sim,0.6630240139809427,1,0.0238553259374407
2024-10-01,2024-11-01,OXY,sim,0.6786412871066726,1,0.0171474375500115
2024-10-01,2024-11-01,SHOP,sim,0.6982894390129116,1,0.4303077150576087
2024-10-01,2024-11-01,TSLA,sim,0.5740462006282454,1,0.434211593162116
2024-10-01,2024-11-01,TSM,sim,0.6504963202901909,1,0.0075148845357646
2024-10-01,2024-11-01,XLF,sim,0.6597676529041295,1,0.089837103264118
2024-10-01,2024-11-01,XLK,sim,0.6670284690168388,1,0.05377157379847
2024-10-01,2024-11-04,AMAT,sim,0.6930461465010074,1,0.0073699058624563
2024-10-01,2024-11-04,ASML,sim,0.7014245419615436,1,0.0698790546079881
2024-10-01,2024-11-04,CAT,sim,0.7043874688425714,1,0.0603952550076363
2024-10-01,2024-11-04,GOOG,sim,0.6807779975853315,1,0.0137099349489937
2024-10-01,2024-11-04,JPM,sim,0.6787993233147016,1,0.1139321534443498
2024-10-01,2024-11-04,MRK,sim,0.7273434509666733,0,-0.0001963705891978
2024-10-01,2024-11-04,MU,sim,0.5123093585701283,0,-0.0185786587700348
2024-10-01,2024-11-04,NFLX,sim,0.6799573662590918,1,0.1941205262727918
2024-10-01,2024-11-04,NVDA,sim,0.6826797471998707,1,0.0309444421950986
2024-10-01,2024-11-04,OXY,sim,0.6981130123389838,0,-0.0031645538581142
2024-10-01,2024-11-04,SHOP,sim,0.7166976036130136,1,0.4260580970010761
2024-10-01,2024-11-04,TSLA,sim,0.5964863278423123,1,0.4471257565774467
2024-10-01,2024-11-04,TSM,sim,0.6706463408473985,1,0.0382647834854592
2024-10-01,2024-11-04,XLF,sim,0.6783927198648816,1,0.0901037617465971
2024-10-01,2024-11-04,XLK,sim,0.6866844394810542,1,0.0583713115131427
2024-10-01,2024-11-05,AMAT,sim,0.6726006081533541,0,-0.0285284866329715
2024-10-01,2024-11-05,ASML,sim,0.6827142118932737,1,0.0642461631520578
2024-10-01,2024-11-05,CAT,sim,0.6847725447057765,1,0.0421003595847502
2024-10-01,2024-11-05,GOOG,sim,0.6618095773771507,1,0.0273029145078758
2024-10-01,2024-11-05,JPM,sim,0.6582992870352006,1,0.0989208897012579
2024-10-01,2024-11-05,MU,sim,0.6573129106908507,0,-0.0217082279069212
2024-10-01,2024-11-05,NFLX,sim,0.662669178994823,1,0.1926274586099023
2024-10-01,2024-11-05,NVDA,sim,0.6646819126468893,1,0.0373811420959562
2024-10-01,2024-11-05,OXY,sim,0.6777760733382457,0,-0.0297619038608519
2024-10-01,2024-11-05,SHOP,sim,0.7002652311953668,1,0.4255372720901751
2024-10-01,2024-11-05,TSLA,sim,0.5391885288665315,1,0.4235204788434197
2024-10-01,2024-11-05,TSM,sim,0.6511935532507852,1,0.0251839398902218
2024-10-01,2024-11-05,XLF,sim,0.6600658628082902,1,0.0760008415037765
2024-10-01,2024-11-05,XLK,sim,0.6665200758563206,1,0.0627617150666435
2024-10-01,2024-11-06,AMAT,sim,0.6931084113591511,0,-0.0826045495959862
2024-10-01,2024-11-06,ASML,sim,0.6969428348087005,1,0.0756996324307326
2024-10-01,2024-11-06,CAT,sim,0.6981450682894745,0,-0.0525330877949893
2024-10-01,2024-11-06,GOOG,sim,0.6852679517072348,0,-0.0225425011561957
2024-10-01,2024-11-06,JPM,sim,0.6708009011140891,0,-0.0063952151164413
2024-10-01,2024-11-06,MU,sim,0.6685547627007796,0,-0.0980058920237727
2024-10-01,2024-11-06,NFLX,sim,0.6847501239467647,1,0.1764396532141565
2024-10-01,2024-11-06,NVDA,sim,0.689200386972431,0,-0.0037772340460983
2024-10-01,2024-11-06,OXY,sim,0.7019004342447913,0,-0.05662580038867
2024-10-01,2024-11-06,SHOP,sim,0.7159011795241313,1,0.3927001817382913
2024-10-01,2024-11-06,TSLA,sim,0.5646475091118954,1,0.2805947104204103
2024-10-01,2024-11-06,TSM,sim,0.6866927326125347,1,0.0573439693668085
2024-10-01,2024-11-06,XLF,sim,0.6869104324077235,1,0.0173562184378064
2024-10-01,2024-11-06,XLK,sim,0.6923448554547225,1,0.0281122664967221
2024-10-01,2024-11-07,AMAT,sim,0.7008508630055403,0,-0.1085578466844268
2024-10-01,2024-11-07,ASML,sim,0.7056496027698951,1,0.0469130069923515
2024-10-01,2024-11-07,CAT,sim,0.7054749582030327,0,-0.0322872858373719
2024-10-01,2024-11-07,GOOG,sim,0.6936358342655475,0,-0.0317642820106844
2024-10-01,2024-11-07,JPM,sim,0.6942583292322053,1,0.0464506113069187
2024-10-01,2024-11-07,MU,sim,0.6935722338380851,0,-0.1079270355164752
2024-10-01,2024-11-07,NFLX,sim,0.6926100200695444,1,0.1735003868143478
2024-10-01,2024-11-07,NVDA,sim,0.698163542158053,0,-0.0432563287895869
2024-10-01,2024-11-07,OXY,sim,0.7105188862324451,0,-0.0716656558202925
2024-10-01,2024-11-07,SHOP,sim,0.7133854666561944,1,0.3836352837412302
2024-10-01,2024-11-07,TSLA,sim,0.7116400873087323,1,0.3109022815669247
2024-10-01,2024-11-07,TSM,sim,0.6963266319914179,1,0.0090958885076193
2024-10-01,2024-11-07,XLF,sim,0.6951332573300765,1,0.0338461851462339
2024-10-01,2024-11-07,XLK,sim,0.7005821317044345,1,0.0144048445595206
2024-10-01,2024-11-08,AMAT,sim,0.7039848890014603,0,-0.105035662642101
2024-10-01,2024-11-08,ASML,sim,0.7052529188795646,1,0.0553423610460264
2024-10-01,2024-11-08,CAT,sim,0.7132432585525061,1,0.0149732178904058
2024-10-01,2024-11-08,GOOG,sim,0.6928368906817033,0,-0.0153452379487931
2024-10-01,2024-11-08,JPM,sim,0.6943691757182618,1,0.028821005798765
2024-10-01,2024-11-08,MU,sim,0.6928629753262496,0,-0.0811438937197401
2024-10-01,2024-11-08,NFLX,sim,0.6924275003715091,1,0.1492378474174791
2024-10-01,2024-11-08,NVDA,sim,0.6974409875590323,0,-0.0597440021167783
2024-10-01,2024-11-08,OXY,sim,0.7106583105389492,0,-0.0358202573188135
2024-10-01,2024-11-08,SHOP,sim,0.7157273386119063,1,0.3233470762264239
2024-10-01,2024-11-08,TSLA,sim,0.5341057709984668,1,0.2134674275065013
2024-10-01,2024-11-08,TSM,sim,0.6961003509530644,0,-0.0100894573065977
2024-10-01,2024-11-08,XLF,sim,0.6947395611235969,1,0.0105712639211443
2024-10-01,2024-11-08,XLK,sim,0.7002580826538842,1,0.0088969496448387
2024-10-01,2024-11-11,AMAT,sim,0.7038062350120865,0,-0.1081353396990386
2024-10-01,2024-11-11,ASML,sim,0.7035716203012213,1,0.0505876898841985
2024-10-01,2024-11-11,CAT,sim,0.7136789271682232,0,-0.0205527657256836
2024-10-01,2024-11-11,GOOG,sim,0.6930674378659182,1,0.0250590620871795
2024-10-01,2024-11-11,JPM,sim,0.6936150883671991,1,0.0149191668033936
2024-10-01,2024-11-11,MU,sim,0.6918954378183211,0,-0.0971008090528645
2024-10-01,2024-11-11,NFLX,sim,0.6931178338356887,1,0.1339764667502694
2024-10-01,2024-11-11,NVDA,sim,0.6954567748184416,0,-0.0701499901415572
2024-10-01,2024-11-11,OXY,sim,0.7105188862324451,0,-0.054320056320276
2024-10-01,2024-11-11,SHOP,sim,0.7141888179629649,1,0.2606956288629691
2024-10-01,2024-11-11,TSLA,sim,0.5687471321056684,1,0.1456856863839286
2024-10-01,2024-11-11,TSM,sim,0.6952176238551252,0,-0.0108734891892208
2024-10-01,2024-11-11,XLF,sim,0.6950533196260186,0,-0.0038083509527644
2024-10-01,2024-11-11,XLK,sim,0.7004491851127462,1,0.0004239594748312
2024-10-01,2024-11-12,AMAT,sim,0.6735716602075561,0,-0.0829537306516698
2024-10-01,2024-11-12,ASML,sim,0.6761776781784368,1,0.0676200730674321
2024-10-01,2024-11-12,CAT,sim,0.6871215938942571,0,-0.0105341201128857
2024-10-01,2024-11-12,GOOG,sim,0.6646900319914969,1,0.0730416695105569
2024-10-01,2024-11-12,JPM,sim,0.6636426877472194,1,0.0165720540205469
2024-10-01,2024-11-12,MU,sim,0.661646477271397,0,-0.0195965508686772
2024-10-01,2024-11-12,NFLX,sim,0.6654441193900678,1,0.1428432180312531
2024-10-01,2024-11-12,NVDA,sim,0.6693496149742777,0,-0.0605569905867601
2024-10-01,2024-11-12,OXY,sim,0.6822040926892902,0,-0.0361900907077192
2024-10-01,2024-11-12,TSLA,sim,0.5042294375678894,1,0.2930987294638776
2024-10-01,2024-11-12,TSM,sim,0.6668550054173497,1,0.0147572705220047
2024-10-01,2024-11-12,XLF,sim,0.6673623990145082,1,0.0012062234935492
2024-10-01,2024-11-12,XLK,sim,0.6729273786630363,1,0.013635406749638
2024-10-01,2024-11-13,AMAT,sim,0.6538271124490758,0,-0.0750040590767844
2024-10-01,2024-11-13,ASML,sim,0.6549433149903214,1,0.0589388396730616
2024-10-01,2024-11-13,GOOG,sim,0.6444341818856304,1,0.0728018116778554
2024-10-01,2024-11-13,JPM,sim,0.6429833378476062,1,0.0015342308491002
2024-10-01,2024-11-13,MU,sim,0.640708259125876,0,-0.0168134541229196
2024-10-01,2024-11-13,NFLX,sim,0.6460270864448221,1,0.1144894285197721
2024-10-01,2024-11-13,NVDA,sim,0.6488855245132543,0,-0.0610515326022426
2024-10-01,2024-11-13,OXY,sim,0.6629789590803792,0,-0.0573161261032083
2024-10-01,2024-11-13,TSLA,sim,0.4817655639895784,1,0.2660489900292977
2024-10-01,2024-11-13,TSM,sim,0.6467829626703823,1,0.0257152199592085
2024-10-01,2024-11-13,XLF,sim,0.6462608718085526,0,-0.003817533151727
2024-10-01,2024-11-13,XLK,sim,0.6525612089076872,1,0.0114732372720607
2024-10-01,2024-11-14,CRWD,sim,0.5536356791371608,1,0.0687071804755552
2024-10-01,2024-11-14,GLD,sim,0.5763219665295655,1,0.030715999105628
2024-10-01,2024-11-14,GOOG,sim,0.583730300739423,1,0.0791090966814394
2024-10-01,2024-11-14,MRK,sim,0.5737069176110697,1,0.037006906944502
2024-10-01,2024-11-14,NVTS,sim,0.9988479493764855,1,0.8297872691199812
2024-10-01,2024-11-14,SPOT,sim,0.5924607169659041,1,0.0121675341541229
2024-10-01,2024-11-14,TSM,sim,0.5830893758385195,1,0.066259976091056
2024-10-01,2024-11-14,WDC,sim,0.5569017136990777,1,0.0300537917632974
2024-10-01,2024-11-15,CAT,sim,0.5811451448419255,0,-0.0134089978344414
2024-10-01,2024-11-15,CRWD,sim,0.5684552025098976,1,0.152784000614792
2024-10-01,2024-11-15,GOOG,sim,0.5834384983606766,1,0.1395710182163916
2024-10-01,2024-11-15,MRK,sim,0.587166801293082,1,0.0389367676779199
2024-10-01,2024-11-15,NVTS,sim,0.99956957158234,1,0.8202247537156129
2024-10-01,2024-11-15,SHOP,sim,0.5595132168491913,1,0.0686699670414932
2024-10-01,2024-11-15,SPOT,sim,0.6078409688593525,1,0.0579943841584527
2024-10-01,2024-11-15,WDC,sim,0.5590853096266454,1,0.0398089142541933
2024-10-01,2024-11-18,CAT,sim,0.5540770231618202,0,-0.0225251101664274
2024-10-01,2024-11-18,CRWD,sim,0.5424217944418599,1,0.0975304314895633
2024-10-01,2024-11-18,GOOG,sim,0.5665638562246265,1,0.1149320798341901
2024-10-01,2024-11-18,NFLX,sim,0.5866238634154635,1,0.0850953311763327
2024-10-01,2024-11-18,NVTS,sim,0.9996971855070326,1,0.8314606982369481
2024-10-01,2024-11-18,SHOP,sim,0.5521601373840352,1,0.1285417544711184
2024-10-01,2024-11-18,SPOT,sim,0.5733024825925058,1,0.0440399912200502
2024-10-01,2024-11-19,AMZN,sim,0.5748631092034001,1,0.0777577030186689
2024-10-01,2024-11-19,CAT,sim,0.6059037430220943,0,-0.0482305144023609
2024-10-01,2024-11-19,CRWD,sim,0.6000914763896428,0,-0.0116335468587643
2024-10-01,2024-11-19,GLD,sim,0.5908343356323498,0,-0.0164029002802222
2024-10-01,2024-11-19,MPWR,sim,0.6792885906755078,1,0.0208237532365707
2024-10-01,2024-11-19,MRK,sim,0.5828085359836529,1,0.0186450735994738
2024-10-01,2024-11-19,NVTS,sim,0.9998662956333707,1,0.7741935091055068
2024-10-01,2024-11-19,SHOP,sim,0.6021108418309293,1,0.048857450896576
2024-10-01,2024-11-19,WDC,sim,0.5758467780100587,0,-0.0268034681848581
2024-10-01,2024-11-20,AMAT,sim,0.5610608410492979,0,-0.0530823084061703
2024-10-01,2024-11-20,AMZN,sim,0.531339141720728,1,0.1006012811124956
2024-10-01,2024-11-20,CAT,sim,0.5706309827462573,0,-0.0553866445158912
2024-10-01,2024-11-20,GOOG,sim,0.5659509085120916,1,0.0697569220631522
2024-10-01,2024-11-20,NVTS,sim,0.9999100652694035,1,0.5355190584055805
2024-10-01,2024-11-20,SHOP,sim,0.5669222528982281,1,0.0301134999028158
2024-10-01,2024-11-20,SPOT,sim,0.591196833116581,0,-0.0337226990366
2024-10-01,2024-11-20,TSM,sim,0.5615251178706243,1,0.0333404053883388
2024-10-01,2024-11-21,AMAT,sim,0.5767609805151841,0,-0.0691892100262269
2024-10-01,2024-11-21,AMZN,sim,0.5528617901786259,1,0.1337836104087737
2024-10-01,2024-11-21,CAT,sim,0.5819126041064051,0,-0.0604481326890742
2024-10-01,2024-11-21,COST,sim,0.5794190104796005,0,-0.0016533428027822
2024-10-01,2024-11-21,GOOG,sim,0.5868541730787837,1,0.1401559941550654
2024-10-01,2024-11-21,NVTS,sim,0.9999165167354179,1,0.5693069832802478
2024-10-01,2024-11-21,SHOP,sim,0.5685859319061772,1,0.0231967835597157
2024-10-01,2024-11-21,SPOT,sim,0.6123193040210986,0,-0.020862560164752
2024-10-01,2024-11-22,AMAT,sim,0.5549753812589105,0,-0.0424290825810387
2024-10-01,2024-11-22,AMZN,sim,0.5260790174944042,1,0.1417410873249869
2024-10-01,2024-11-22,COST,sim,0.5584643323634929,0,-0.0146264421305353
2024-10-01,2024-11-22,NVTS,sim,0.9995786998878086,1,0.5950412286792715
2024-10-01,2024-11-22,SHOP,sim,0.5500016516327659,1,0.0214098815924521
2024-10-01,2024-11-22,SPOT,sim,0.5882209299541691,0,-0.0394703596807192
2024-10-01,2024-11-22,WDC,sim,0.5299505806314084,0,-0.0733102225382672
2024-10-01,2024-11-25,AMAT,sim,0.596669326777397,0,-0.0354053728245298
2024-10-01,2024-11-25,AMZN,sim,0.5615906445055846,1,0.1370067337881706
2024-10-01,2024-11-25,COST,sim,0.601676259345711,0,-0.0021542604175943
2024-10-01,2024-11-25,GOOG,sim,0.6050830828754568,1,0.1660863829598684
2024-10-01,2024-11-25,NFLX,sim,0.6390099072383091,1,0.0768608697346013
2024-10-01,2024-11-25,NVTS,sim,0.9942351137172433,1,0.431654697853761
2024-10-01,2024-11-25,SPOT,sim,0.6286527505023312,0,-0.0410070838716711
2024-10-01,2024-11-25,TSM,sim,0.6159409010784394,1,0.1148152139062408
2024-10-01,2024-11-25,WDC,sim,0.5846771510131702,0,-0.1113351487823278
2024-10-01,2024-11-26,AMAT,sim,0.6187541299187235,0,-0.0326212124482472
2024-10-01,2024-11-26,AMZN,sim,0.5546200198574919,1,0.0923217665017681
2024-10-01,2024-11-26,COST,sim,0.6090316195727018,0,-0.0158105870834405
2024-10-01,2024-11-26,CRWD,sim,0.6012464819706198,1,0.0021410892271018
2024-10-01,2024-11-26,GOOG,sim,0.6175329320409599,1,0.1551987559731247
2024-10-01,2024-11-26,NFLX,sim,0.6527403588057911,1,0.0590648544858714
2024-10-01,2024-11-26,NVTS,sim,0.9985527547090943,1,0.615686259843532
2024-10-01,2024-11-26,TSM,sim,0.6154769851792048,1,0.1045474412726681
2024-10-01,2024-11-26,VRT,sim,0.6230898353357404,0,-0.0976165758579188
2024-10-01,2024-11-26,WDC,sim,0.609372213690317,0,-0.1548891183690965
2024-10-01,2024-11-27,AMAT,sim,0.6234021601512414,0,-0.0262082961779638
2024-10-01,2024-11-27,AMZN,sim,0.584173217942343,1,0.0875376398657399
2024-10-01,2024-11-27,COST,sim,0.6241035121397933,0,-0.0227237022134328
2024-10-01,2024-11-27,CRWD,sim,0.61951189636857,1,0.0212894328791064
2024-10-01,2024-11-27,NFLX,sim,0.6928225236798035,1,0.0344335839448615
2024-10-01,2024-11-27,NVTS,sim,0.9971443383552071,1,0.6382114419981879
2024-10-01,2024-11-27,SPOT,sim,0.6202482483483804,0,-0.039474748829102
2024-10-01,2024-11-27,TSM,sim,0.6370088063617364,1,0.1128097696671548
2024-10-01,2024-11-27,VRT,sim,0.6347708939621203,0,-0.0931936474202862
2024-10-01,2024-11-27,WDC,sim,0.6118357660477236,0,-0.151048953122084
2024-10-01,2024-11-29,AMAT,sim,0.5349471357331237,0,-0.0633621824670223
2024-10-01,2024-11-29,AMZN,sim,0.5137780475595455,1,0.0645052850136143
2024-10-01,2024-11-29,COST,sim,0.5796895852407207,0,-0.0511071147267253
2024-10-01,2024-11-29,CRWD,sim,0.558468596841275,1,0.0096540056250713
2024-10-01,2024-11-29,GOOG,sim,0.5847778851252077,1,0.1302128936181676
2024-10-01,2024-11-29,NVTS,sim,0.9780053848529419,1,0.4181818528608843
2024-10-01,2024-11-29,TSM,sim,0.5638465569255471,1,0.0851835558084455
2024-10-01,2024-11-29,VRT,sim,0.5065198203011274,0,-0.0896551328277005
2024-10-01,2024-12-02,AMZN,sim,0.5267949856587099,1,0.0411940221119551
2024-10-01,2024-12-02,GLD,sim,0.5497282254484803,0,-0.0053811926776867
2024-10-01,2024-12-02,GOOG,sim,0.5581727387759353,1,0.1009365657597105
2024-10-01,2024-12-02,NFLX,sim,0.5804491516428526,0,-0.0071512718178463
2024-10-01,2024-12-02,NVTS,sim,0.5249888357132163,1,0.1821191906589179
2024-10-01,2024-12-02,PLTR,sim,0.6413981761776737,1,0.1391775560885189
2024-10-01,2024-12-02,WDC,sim,0.5427627883796751,0,-0.1879340901240067
2024-10-01,2024-12-03,AMAT,sim,0.6911661996643887,0,-0.1053177995153776
2024-10-01,2024-12-03,ASML,sim,0.6960385355873756,0,-0.0245662127237468
2024-10-01,2024-12-03,GOOG,sim,0.6798117299544502,1,0.101780142038492
2024-10-01,2024-12-03,JPM,sim,0.687905541025023,0,-0.019687963320071
2024-10-01,2024-12-03,MU,sim,0.6780585655254739,0,-0.125300430345551
2024-10-01,2024-12-03,NFLX,sim,0.6955733629302304,0,-0.0171143609138089
2024-10-01,2024-12-03,NVDA,sim,0.6833117303860485,0,-0.0139027308185667
2024-10-01,2024-12-03,OXY,sim,0.7018343892519671,0,-0.0117063518794725
2024-10-01,2024-12-03,PLTR,sim,0.7097830438666227,1,0.0596110965545262
2024-10-01,2024-12-03,RTX,sim,0.7695649697157358,0,-0.0176968362819124
2024-10-01,2024-12-03,TSLA,sim,0.7015818055583987,1,0.0792783116698947
2024-10-01,2024-12-03,TSM,sim,0.6847217161537373,1,0.013525076422451
2024-10-01,2024-12-03,XLF,sim,0.6877599146959396,0,-0.044400429030564
2024-10-01,2024-12-03,XLK,sim,0.6883343377218002,0,-0.0203969669290882
2024-10-01,2024-12-04,AMAT,sim,0.6824528494557871,0,-0.0612718363829292
2024-10-01,2024-12-04,ASML,sim,0.6899555031698138,0,-0.0077230771343759
2024-10-01,2024-12-04,COST,sim,0.6531015587515255,0,-0.0750211592282045
2024-10-01,2024-12-04,GOOG,sim,0.6731540915663364,1,0.0967687483633348
2024-10-01,2024-12-04,JPM,sim,0.6814836452861646,0,-0.0004929955636667
2024-10-01,2024-12-04,MU,sim,0.6726804446367389,0,-0.1291666143008273
2024-10-01,2024-12-04,NFLX,sim,0.6893384130563875,0,-0.0329396456677022
2024-10-01,2024-12-04,NVDA,sim,0.6772003821515143,0,-0.0046162200066337
2024-10-01,2024-12-04,OXY,sim,0.6951125576678807,1,0.03292426882241
2024-10-01,2024-12-04,PLTR,sim,0.7062871203242252,1,0.1437365946292337
2024-10-01,2024-12-04,TSLA,sim,0.695345773859807,1,0.1467046932085107
2024-10-01,2024-12-04,TSM,sim,0.6779092808592514,1,0.0394638401145948
2024-10-01,2024-12-04,XLF,sim,0.6811947972047706,0,-0.0332271831419823
2024-10-01,2024-12-04,XLK,sim,0.682717706122325,0,-0.0223116359385765
2024-10-01,2024-12-05,AMAT,sim,0.6623430233987588,1,0.0316805033245055
2024-10-01,2024-12-05,ASML,sim,0.6538149261879573,1,0.0801265070493675
2024-10-01,2024-12-05,COST,sim,0.4782139599215308,0,-0.0606254832742074
2024-10-01,2024-12-05,GOOG,sim,0.6527633981112475,1,0.1356778698096392
2024-10-01,2024-12-05,JPM,sim,0.6600767167727639,0,-0.0188609650668329
2024-10-01,2024-12-05,MU,sim,0.6524038403043391,0,-0.0159611437148108
2024-10-01,2024-12-05,NFLX,sim,0.6697688706127883,0,-0.039308416314055
2024-10-01,2024-12-05,NVDA,sim,0.6572464086972165,1,0.0301254321710735
2024-10-01,2024-12-05,OXY,sim,0.6790583059751701,1,0.047235992928017
2024-10-01,2024-12-05,TSLA,sim,0.530044170594797,1,0.1124793598122411
2024-10-01,2024-12-05,TSM,sim,0.659268707268781,1,0.076896677535037
2024-10-01,2024-12-05,XLF,sim,0.661306818839017,0,-0.0390795720425747
2024-10-01,2024-12-05,XLK,sim,0.6629350335202889,0,-0.0048351617039826
2024-10-01,2024-12-06,AMAT,sim,0.6450789867545409,1,0.0277424744724839
2024-10-01,2024-12-06,ASML,sim,0.6484821351962515,1,0.0685492368754352
2024-10-01,2024-12-06,COST,sim,0.4549888649185567,0,-0.0717703743521612
2024-10-01,2024-12-06,GOOG,sim,0.6317370535438688,1,0.1145674009369686
2024-10-01,2024-12-06,JPM,sim,0.6501518925110645,0,-0.0169388843429316
2024-10-01,2024-12-06,MU,sim,0.6287399373853492,1,0.0073144756998839
2024-10-01,2024-12-06,NFLX,sim,0.6489358851755274,0,-0.0594282941054328
2024-10-01,2024-12-06,NVDA,sim,0.6360527064472163,0,-0.0161471708251614
2024-10-01,2024-12-06,TSLA,sim,0.5037934512975368,1,0.0132058581643772
2024-10-01,2024-12-06,TSM,sim,0.6440698187140915,1,0.0413752030327574
2024-10-01,2024-12-06,XLF,sim,0.6326814701319513,0,-0.0410714212729008
2024-10-01,2024-12-06,XLK,sim,0.6413621795352443,0,-0.0285666406271284
2024-10-01,2024-12-09,AMAT,sim,0.660618022643896,1,0.0298499061130779
2024-10-01,2024-12-09,ASML,sim,0.6683486136959611,1,0.0530203814498466
2024-10-01,2024-12-09,COST,sim,0.6464305593567686,0,-0.0612333641724011
2024-10-01,2024-12-09,GOOG,sim,0.6527198978929237,1,0.1032749444144132
2024-10-01,2024-12-09,JPM,sim,0.6691086546466712,0,-0.0027890270398687
2024-10-01,2024-12-09,MU,sim,0.6490306967845553,0,-0.0331647154525959
2024-10-01,2024-12-09,NFLX,sim,0.6679144891945639,0,-0.0423448123141791
2024-10-01,2024-12-09,NVDA,sim,0.6640537852879494,1,0.0093653416513392
2024-10-01,2024-12-09,TSLA,sim,0.5271778270903411,1,0.0132122265414376
2024-10-01,2024-12-09,TSM,sim,0.6556392307496323,1,0.0399156349918656
2024-10-01,2024-12-09,XLF,sim,0.6605091962343944,0,-0.024542293873969
2024-10-01,2024-12-09,XLK,sim,0.6603066180248784,0,-0.0225268495565819
2024-10-01,2024-12-09,XLU,sim,0.7342004781915852,0,-0.0340576975730982
2024-10-01,2024-12-10,AMAT,sim,0.6639299690748394,1,0.0206933208386137
2024-10-01,2024-12-10,ASML,sim,0.6511432876491307,1,0.0478398192181768
2024-10-01,2024-12-10,COST,sim,0.6466936250404556,0,-0.0568351324593112
2024-10-01,2024-12-10,GOOG,sim,0.6388503985390419,1,0.0355974879810347
2024-10-01,2024-12-10,JPM,sim,0.6690518615438977,0,-0.012311642450999
2024-10-01,2024-12-10,MU,sim,0.6480981464918913,1,0.0126401415194379
2024-10-01,2024-12-10,NFLX,sim,0.668135012738956,0,-0.0828379259640907
2024-10-01,2024-12-10,NVDA,sim,0.6624400225433784,1,0.0062189701069188
2024-10-01,2024-12-10,TSLA,sim,0.6395770618096318,0,-0.0155864239811744
2024-10-01,2024-12-10,TSM,sim,0.6713605890041395,1,0.0855996273147743
2024-10-01,2024-12-10,XLF,sim,0.6588770018931953,0,-0.0478873446998006
2024-10-01,2024-12-10,XLK,sim,0.6589525737325352,0,-0.0303877866568403
2024-10-01,2024-12-10,XLU,sim,0.7342362217763188,0,-0.032514091477531
2024-10-01,2024-12-11,AMAT,sim,0.6841092580634881,0,-0.0015777728320982
2024-10-01,2024-12-11,ASML,sim,0.6715108998666064,1,0.0181683028453714
2024-10-01,2024-12-11,COST,sim,0.6672877162015397,0,-0.070363620889512
2024-10-01,2024-12-11,GLD,sim,0.7067695353189456,0,-0.0208001318180339
2024-10-01,2024-12-11,GOOG,sim,0.6588096065479285,0,-0.0224696928314567
2024-10-01,2024-12-11,JPM,sim,0.6886986329759176,1,0.002792296382289
2024-10-01,2024-12-11,MU,sim,0.6687662953369994,0,-0.0685871072648343
2024-10-01,2024-12-11,NFLX,sim,0.6886029226309128,0,-0.1027910553868344
2024-10-01,2024-12-11,NVDA,sim,0.6822378221118289,0,-0.0436436862939247
2024-10-01,2024-12-11,TSLA,sim,0.674262229387231,0,-0.0505214398618623
2024-10-01,2024-12-11,TSM,sim,0.6908793403359328,1,0.0347378946290475
2024-10-01,2024-12-11,XLF,sim,0.6787824418771069,0,-0.0429718759524774
2024-10-01,2024-12-11,XLK,sim,0.6796166074599773,0,-0.0510088637011523
2024-10-01,2024-12-11,XLU,sim,0.7525911004776475,0,-0.0377431458049778
2024-10-01,2024-12-12,AMAT,sim,0.6768200199478546,1,0.0270285782821084
2024-10-01,2024-12-12,ASML,sim,0.6638693948857559,1,0.0325199877090889
2024-10-01,2024-12-12,COST,sim,0.6593827758970914,0,-0.0719959055889476
2024-10-01,2024-12-12,GLD,sim,0.6995600631291968,0,-0.0010109996814708
2024-10-01,2024-12-12,GOOG,sim,0.6680896585188539,0,-0.0133243906729029
2024-10-01,2024-12-12,JPM,sim,0.6702430492062336,1,0.024593228466142
2024-10-01,2024-12-12,MU,sim,0.6606558886767842,0,-0.0089576269600317
2024-10-01,2024-12-12,NFLX,sim,0.6818203377674977,0,-0.1049646581519365
2024-10-01,2024-12-12,NVDA,sim,0.6747249796570861,0,-0.0406291100905994
2024-10-01,2024-12-12,TSLA,sim,0.6673345644528557,0,-0.0519971787481166
2024-10-01,2024-12-12,TSM,sim,0.6834803181280256,1,0.0521779477909702
2024-10-01,2024-12-12,XLF,sim,0.664235594096433,0,-0.0268253687361026
2024-10-01,2024-12-12,XLK,sim,0.6718605439627173,0,-0.043145840125737
2024-10-01,2024-12-12,XLU,sim,0.732316657408184,0,-0.0246165243312701
2024-10-01,2024-12-13,AMAT,sim,0.6636636255662987,1,0.0533215143421799
2024-10-01,2024-12-13,ASML,sim,0.49668287895726976,1,0.0107433695893601
2024-10-01,2024-12-13,COST,sim,0.6492925609335303,0,-0.0665588287369575
2024-10-01,2024-12-13,GLD,sim,0.6893861691889202,1,0.0187891920374465
2024-10-01,2024-12-13,GOOG,sim,0.6450234965137457,1,0.0292611072309021
2024-10-01,2024-12-13,JPM,sim,0.6724646606758432,1,0.0517212783855827
2024-10-01,2024-12-13,MU,sim,0.6489183970128984,1,0.0067317311356707
2024-10-01,2024-12-13,NFLX,sim,0.669468753650326,0,-0.0768444345656977
2024-10-01,2024-12-13,NVDA,sim,0.6668722807848856,1,0.0148231321650953
2024-10-01,2024-12-13,TSLA,sim,0.6426602945605189,0,-0.0183618952476793
2024-10-01,2024-12-13,TSM,sim,0.6612531329452611,1,0.0289068978546367
2024-10-01,2024-12-13,VRT,sim,0.6873892893187895,1,0.0494514333047275
2024-10-01,2024-12-13,XLF,sim,0.6641652593214913,0,-0.0012111702095711
2024-10-01,2024-12-13,XLK,sim,0.6566638410521283,0,-0.0282786432935596
2024-10-01,2024-12-16,AMAT,sim,0.662042489169535,1,0.1007614172506365
2024-10-01,2024-12-16,ASML,sim,0.6631746166643382,1,0.0386223652724004
2024-10-01,2024-12-16,COST,sim,0.6342458207937551,0,-0.0736450849323503
2024-10-01,2024-12-16,GLD,sim,0.6893861691889202,1,0.0233583841336513
2024-10-01,2024-12-16,GOOG,sim,0.6594606804336556,0,-0.0189241013862427
2024-10-01,2024-12-16,JPM,sim,0.6621853689791823,1,0.0613156454175387
2024-10-01,2024-12-16,MU,sim,0.47996241703884857,0,-0.0522815772254191
2024-10-01,2024-12-16,NFLX,sim,0.6734895484818458,0,-0.0854540544928342
2024-10-01,2024-12-16,NVDA,sim,0.6659428242811654,1,0.011893994880445
2024-10-01,2024-12-16,TSLA,sim,0.5419238146496812,0,-0.1062588718777762
2024-10-01,2024-12-16,TSM,sim,0.6606838426078459,1,0.0621599841239779
2024-10-01,2024-12-16,VRT,sim,0.6754079591456348,1,0.0525521556960937
2024-10-01,2024-12-16,XLF,sim,0.6641652593214913,1,0.0072800931202687
2024-10-01,2024-12-16,XLK,sim,0.6567129758742862,0,-0.0453114741997288
2024-10-01,2024-12-17,AMAT,sim,0.662490319389613,1,0.1274510225467111
2024-10-01,2024-12-17,ASML,sim,0.6653922456582325,1,0.0287544914623922
2024-10-01,2024-12-17,COST,sim,0.6344539931753778,0,-0.0395996395117361
2024-10-01,2024-12-17,GLD,sim,0.6892025942381594,1,0.021849642443678
2024-10-01,2024-12-17,GOOG,sim,0.6589135774402408,1,0.0021814526441858
2024-10-01,2024-12-17,JPM,sim,0.6553119859822808,1,0.0872629761641916
2024-10-01,2024-12-17,MU,sim,0.48024150948770944,0,-0.0262430802409286
2024-10-01,2024-12-17,NFLX,sim,0.6730998493664154,0,-0.0663997946082337
2024-10-01,2024-12-17,NVDA,sim,0.6659428242811654,1,0.0561393309186553
2024-10-01,2024-12-17,TSLA,sim,0.5419238146496812,0,-0.1111990726054581
2024-10-01,2024-12-17,TSM,sim,0.6604068187412718,1,0.0540217090603867
2024-10-01,2024-12-17,VRT,sim,0.6907554015615192,1,0.1258596580837823
2024-10-01,2024-12-17,XLF,sim,0.6641652593214913,1,0.0230142790882328
2024-10-01,2024-12-17,XLK,sim,0.6563163829913217,0,-0.0244603517863714
2024-10-01,2024-12-18,GLD,sim,0.41461628817067225,1,0.057970453458237
2024-10-01,2024-12-19,GLD,sim,0.4046384244816571,1,0.0618947670888561
2024-10-01,2024-12-20,AMAT,sim,0.684111530950176,1,0.1657191834295088
2024-10-01,2024-12-20,ASML,sim,0.6881246249018355,1,0.0574764737268507
2024-10-01,2024-12-20,COST,sim,0.4921279146166937,0,-0.0124833964889959
2024-10-01,2024-12-20,GLD,sim,0.7024425495387357,1,0.0494423829778223
2024-10-01,2024-12-20,GOOG,sim,0.6742673052684768,1,0.0343076020255534
2024-10-01,2024-12-20,JPM,sim,0.6697484166036849,1,0.1193182044413092
2024-10-01,2024-12-20,MU,sim,0.6694416191564275,1,0.1633376957688439
2024-10-01,2024-12-20,NFLX,sim,0.6780432117742056,1,0.0833947679834832
2024-10-01,2024-12-20,NVDA,sim,0.6734909475814178,1,0.0929473240988394
2024-10-01,2024-12-20,TSLA,sim,0.5101114453786668,0,-0.0206146219686266
2024-10-01,2024-12-20,TSM,sim,0.6830198063554077,1,0.1389888315509748
2024-10-01,2024-12-20,VRT,sim,0.70866931055358,1,0.2786571503042192
2024-10-01,2024-12-20,XLF,sim,0.6704800541967596,1,0.0451453827495624
2024-10-01,2024-12-20,XLK,sim,0.6795947812749678,1,0.0248347196288123
2024-10-01,2024-12-23,AMAT,sim,0.6840409146794113,1,0.1151916428565116
2024-10-01,2024-12-23,ASML,sim,0.6878610145945285,1,0.0155470186317896
2024-10-01,2024-12-23,COST,sim,0.6499507915620123,0,-0.0107694210588032
2024-10-01,2024-12-23,GLD,sim,0.7041597415040964,1,0.0609644205399657
2024-10-01,2024-12-23,GOOG,sim,0.6591431316499858,1,0.030154539709559
2024-10-01,2024-12-23,JPM,sim,0.6794128023006772,1,0.1109526281134372
2024-10-01,2024-12-23,MU,sim,0.6699482507134726,1,0.1501337610057331
2024-10-01,2024-12-23,NFLX,sim,0.6801187120703237,1,0.0725657609970806
2024-10-01,2024-12-23,NVDA,sim,0.6797222753226942,1,0.0211211927179513
2024-10-01,2024-12-23,TSLA,sim,0.5126234912216069,0,-0.0557826734574536
2024-10-01,2024-12-23,TSM,sim,0.6833934762008627,1,0.0700231685461139
2024-10-01,2024-12-23,VRT,sim,0.7382702966710958,1,0.2427383215474283
2024-10-01,2024-12-23,XLF,sim,0.6789693046918184,1,0.0501858818064617
2024-10-01,2024-12-23,XLK,sim,0.6803879569692715,1,0.0051665295488649
2024-10-01,2024-12-24,AMAT,sim,0.68428797067932,1,0.0368237357417273
2024-10-01,2024-12-24,ASML,sim,0.6873006179022431,0,-0.0410720938379775
2024-10-01,2024-12-24,COST,sim,0.6501345711164285,1,0.0067061519645648
2024-10-01,2024-12-24,GLD,sim,0.7049492442908064,1,0.0478379843230858
2024-10-01,2024-12-24,GOOG,sim,0.6594240288487211,0,-0.0192337040587434
2024-10-01,2024-12-24,JPM,sim,0.6779572643865865,1,0.097148317370725
2024-10-01,2024-12-24,MU,sim,0.6702612728653522,1,0.0204973326173369
2024-10-01,2024-12-24,NFLX,sim,0.6788031286178009,1,0.0426662349356246
2024-10-01,2024-12-24,NVDA,sim,0.6783360631192543,0,-0.1554699961629946
2024-10-01,2024-12-24,TSLA,sim,0.6756285065394595,0,-0.1408886498546242
2024-10-01,2024-12-24,TSM,sim,0.6843248142331377,0,-0.0679494215482083
2024-10-01,2024-12-24,VRT,sim,0.7091417151669371,0,-0.135927233282974
2024-10-01,2024-12-24,XLF,sim,0.672027856219276,1,0.0493977972245918
2024-10-01,2024-12-24,XLK,sim,0.6813653982580387,0,-0.0538809775115403
2024-10-01,2024-12-26,AMAT,sim,0.68428797067932,1,0.0316323661905311
2024-10-01,2024-12-26,ASML,sim,0.6876656646408642,0,-0.0454139223184254
2024-10-01,2024-12-26,COST,sim,0.6501345711164285,1,0.0026460227821853
2024-10-01,2024-12-26,GLD,sim,0.7051950157794177,1,0.0498209774413245
2024-10-01,2024-12-26,GOOG,sim,0.6594240288487211,0,-0.0001522008034902
2024-10-01,2024-12-26,JPM,sim,0.6726753942777103,1,0.0987086259728386
2024-10-01,2024-12-26,MU,sim,0.6699849198833029,0,-0.0174793999126977
2024-10-01,2024-12-26,NFLX,sim,0.6785943525739958,1,0.0516047040144349
2024-10-01,2024-12-26,NVDA,sim,0.6785126695555727,0,-0.0781818606105784
2024-10-01,2024-12-26,TSLA,sim,0.6756285065394595,0,-0.1234008058097436
2024-10-01,2024-12-26,TSM,sim,0.6845948897796049,0,-0.0032502889296003
2024-10-01,2024-12-26,VRT,sim,0.7091417151669371,0,-0.1037179886148227
2024-10-01,2024-12-26,XLF,sim,0.6715035660087243,1,0.0450009989209168
2024-10-01,2024-12-26,XLK,sim,0.681509444195634,0,-0.0292908013637752
2024-10-01,2024-12-27,AMAT,sim,0.7041087155199115,1,0.0506503437960716
2024-10-01,2024-12-27,ASML,sim,0.7069592107281665,0,-0.0013172864054007
2024-10-01,2024-12-27,CAT,sim,0.7119838443954767,1,0.0777559249404387
2024-10-01,2024-12-27,COST,sim,0.6849082409243268,1,0.0258806076495619
2024-10-01,2024-12-27,GLD,sim,0.7229575233794897,1,0.0530240404945769
2024-10-01,2024-12-27,GOOG,sim,0.6794576233068431,1,0.0161822278823633
2024-10-01,2024-12-27,JPM,sim,0.6924583972601157,1,0.1053613160685102
2024-10-01,2024-12-27,MU,sim,0.6895475937364006,1,0.0042875425317452
2024-10-01,2024-12-27,NFLX,sim,0.7044568740506795,1,0.0777919167169871
2024-10-01,2024-12-27,NVDA,sim,0.6975714681484296,0,-0.097146179784203
2024-10-01,2024-12-27,TSLA,sim,0.6948059507477006,0,-0.0985961108222305
2024-10-01,2024-12-27,TSM,sim,0.7036745551903216,1,0.003471690379857
2024-10-01,2024-12-27,VRT,sim,0.7552223528210753,0,-0.0403961558615502
2024-10-01,2024-12-27,XLF,sim,0.6910177337591087,1,0.0518974108573717
2024-10-01,2024-12-27,XLK,sim,0.7004855667517015,0,-0.0242115451892795
2024-10-01,2024-12-30,GLD,sim,0.2362035567242245,1,0.0723932284281829
2025-01-01,2025-01-02,GLD,sim,0.4362285650426409,1,0.0591639001743675
2025-01-01,2025-01-03,AMAT,sim,0.5717475949560723,1,0.0499823598849067
2025-01-01,2025-01-03,ASML,sim,0.717353351083229,1,0.0238675011795037
2025-01-01,2025-01-03,CAT,sim,0.7315836600696763,0,-0.0050578528675105
2025-01-01,2025-01-03,COST,sim,0.7077088238812527,1,0.1148617319805687
2025-01-01,2025-01-03,GLD,sim,0.7553513638899961,1,0.0780729971578633
2025-01-01,2025-01-03,GOOG,sim,0.7034975072725829,1,0.0754931986870788
2025-01-01,2025-01-03,JPM,sim,0.7041872268938257,1,0.1013646982318545
2025-01-01,2025-01-03,MU,sim,0.7026746206612554,1,0.0087904850493329
2025-01-01,2025-01-03,NFLX,sim,0.724461778639462,1,0.1291867172250602
2025-01-01,2025-01-03,NVDA,sim,0.6926293774990263,0,-0.1787222224451958
2025-01-01,2025-01-03,SPOT,sim,0.7314412035429535,1,0.3322977057116503
2025-01-01,2025-01-03,TSLA,sim,0.7034933090860739,0,-0.0444157754553434
2025-01-01,2025-01-03,TSM,sim,0.7093734570407803,0,-0.0218589595189688
2025-01-01,2025-01-03,VRT,sim,0.7352026657589261,0,-0.1147449540785358
2025-01-01,2025-01-03,XLF,sim,0.7064031947663231,1,0.0524799182764508
2025-01-01,2025-01-03,XLK,sim,0.7129447391386409,0,-0.0202333161079997
2025-01-01,2025-01-06,CAT,sim,0.5903726567289961,0,-0.0146897471834086
2025-01-01,2025-01-06,COST,sim,0.6348676951116955,1,0.130235913828318
2025-01-01,2025-01-06,CRWD,sim,0.5405191184011843,1,0.1388252481240135
2025-01-01,2025-01-06,GE,sim,0.5995605527134643,1,0.1863149054879702
2025-01-01,2025-01-06,GLD,sim,0.5802631088732293,1,0.0861055233816674
2025-01-01,2025-01-06,GOOG,sim,0.5865222208923455,0,-0.0235401268138214
2025-01-01,2025-01-06,JPM,sim,0.5748368426971916,1,0.1228149712379593
2025-01-01,2025-01-06,VRT,sim,0.5964908924426505,0,-0.1121718430051802
2025-01-01,2025-01-15,AMZN,sim,0.6249798165264919,1,0.0314304402141736
2025-01-01,2025-01-15,CAT,sim,0.669311087310433,0,-0.0565232511228065
2025-01-01,2025-01-15,COST,sim,0.6671527106167093,1,0.166063871523078
2025-01-01,2025-01-15,CRWD,sim,0.6387584556391666,1,0.2534390442085092
2025-01-01,2025-01-15,GE,sim,0.6902228198241748,1,0.1556936511704767
2025-01-01,2025-01-15,GOOG,sim,0.6652929749253135,0,-0.0461975380348448
2025-01-01,2025-01-15,JPM,sim,0.6241551529477517,1,0.0949871236019328
2025-01-01,2025-01-15,MPWR,sim,0.7054376593226002,1,0.1619827384007006
2025-01-01,2025-01-15,NFLX,sim,0.7137862074181014,1,0.2303893585294818
2025-01-01,2025-01-15,SHOP,sim,0.6762163286064705,1,0.2245779368942786
2025-01-01,2025-01-15,TSM,sim,0.6654373291619766,0,-0.0240328875597706
2025-01-01,2025-01-15,WDC,sim,0.6351104377635821,1,0.0453349994244896
2025-01-01,2025-01-16,AMZN,sim,0.5830292338733497,1,0.0363454585360774
2025-01-01,2025-01-16,CRWD,sim,0.595322654135764,1,0.2431613852282763
2025-01-01,2025-01-16,GE,sim,0.6785126309027456,1,0.1587292639778068
2025-01-01,2025-01-16,GOOG,sim,0.6198593147878089,0,-0.0387840563905684
2025-01-01,2025-01-16,JPM,sim,0.5818542500421208,1,0.0877806728689589
2025-01-01,2025-01-16,MPWR,sim,0.6557542709589383,1,0.1479402398422125
2025-01-01,2025-01-16,NFLX,sim,0.7002174624395945,1,0.2566924418482486
2025-01-01,2025-01-16,SHOP,sim,0.613049084675208,1,0.2400966773286534
2025-01-01,2025-01-16,TSM,sim,0.6221738960362277,0,-0.0507006831325764
2025-01-01,2025-01-16,WDC,sim,0.5829395169886972,1,0.0644358330832166
2025-01-01,2025-01-17,AMZN,sim,0.5532582731034121,1,0.0031423893396753
2025-01-01,2025-01-17,ASML,sim,0.5509796933007806,0,-0.0160115903284058
2025-01-01,2025-01-17,CAT,sim,0.6062767599740974,0,-0.0829490438966304
2025-01-01,2025-01-17,CRWD,sim,0.5776428440802783,1,0.2755181662508754
2025-01-01,2025-01-17,GLD,sim,0.5914783741323879,1,0.0859710657811301
2025-01-01,2025-01-17,SHOP,sim,0.6406891546196349,1,0.2511852875447604
2025-01-01,2025-01-17,TSM,sim,0.6035229907227644,0,-0.041418413743905
2025-01-01,2025-01-17,VRT,sim,0.609714688347888,0,-0.1907565857146835
2025-01-01,2025-01-17,WDC,sim,0.5659575751050413,1,0.1074722549655819
2025-01-01,2025-01-21,AMAT,sim,0.7363123279837784,0,-0.0975268213553115
2025-01-01,2025-01-21,ASML,sim,0.7402668012561576,0,-0.0238532270079046
2025-01-01,2025-01-21,CAT,sim,0.7527633006774573,0,-0.1138668215170537
2025-01-01,2025-01-21,COST,sim,0.7311250533438457,1,0.1211421617547274
2025-01-01,2025-01-21,GLD,sim,0.7674872655513978,1,0.0700035589574088
2025-01-01,2025-01-21,GOOG,sim,0.7293891485000132,0,-0.0626158377711696
2025-01-01,2025-01-21,JPM,sim,0.7286448529926162,1,0.06166597458837
2025-01-01,2025-01-21,MU,sim,0.5883454597522627,0,-0.0458950152598357
2025-01-01,2025-01-21,NFLX,sim,0.7479093451516953,1,0.1996711135206643
2025-01-01,2025-01-21,NVDA,sim,0.7319702145779291,0,-0.0113612588419551
2025-01-01,2025-01-21,SHOP,sim,0.736419936616841,1,0.2011667776475105
2025-01-01,2025-01-21,SPOT,sim,0.7493698450213284,1,0.3183934023790578
2025-01-01,2025-01-21,TSLA,sim,0.7571655372192114,0,-0.1497630312654226
2025-01-01,2025-01-21,TSM,sim,0.7316866305024502,0,-0.0811614094544351
2025-01-01,2025-01-21,VRT,sim,0.7564835057739782,0,-0.2465591234613282
2025-01-01,2025-01-21,XLF,sim,0.7298534826514682,1,0.0304046802455324
2025-01-01,2025-01-21,XLK,sim,0.736665206134303,1,0.0259255917160146
2025-01-01,2025-01-22,AMAT,sim,0.7180859177624193,0,-0.0997391465801417
2025-01-01,2025-01-22,ASML,sim,0.7221911618652783,0,-0.0308069471381318
2025-01-01,2025-01-22,CAT,sim,0.7357320686908752,0,-0.1218782053781428
2025-01-01,2025-01-22,COST,sim,0.7332540507566646,1,0.0954058883063762
2025-01-01,2025-01-22,GOOG,sim,0.7114527465812661,0,-0.0669399563633567
2025-01-01,2025-01-22,JPM,sim,0.7108898255324487,1,0.0150661676695027
2025-01-01,2025-01-22,MU,sim,0.6927815374081571,0,-0.0553877402345953
2025-01-01,2025-01-22,NFLX,sim,0.7187403803280273,1,0.0739525587449529
2025-01-01,2025-01-22,NVDA,sim,0.7138392362052461,0,-0.0473244466393729
2025-01-01,2025-01-22,SHOP,sim,0.7184659920649596,1,0.1607595941767574
2025-01-01,2025-01-22,SPOT,sim,0.7264668138620184,1,0.2901572710127402
2025-01-01,2025-01-22,TSLA,sim,0.6955125990801048,0,-0.1462503760386828
2025-01-01,2025-01-22,TSM,sim,0.713706841183765,0,-0.1034945840527193
2025-01-01,2025-01-22,VRT,sim,0.7298179461790629,0,-0.294501619121967
2025-01-01,2025-01-22,XLF,sim,0.7115823693796819,1,0.0194405781631168
2025-01-01,2025-01-22,XLK,sim,0.7176294357492433,1,8.287117325300741e-05
2025-01-01,2025-01-23,AMAT,sim,0.7179372672259223,0,-0.0981646645006707
2025-01-01,2025-01-23,ASML,sim,0.7223807733437697,0,-0.0121006222929471
2025-01-01,2025-01-23,CAT,sim,0.7355965347075132,0,-0.1632873679827498
2025-01-01,2025-01-23,COST,sim,0.7330398757625415,1,0.0985714303298015
2025-01-01,2025-01-23,GOOG,sim,0.7110846890589841,0,-0.0901893969077978
2025-01-01,2025-01-23,JPM,sim,0.7111216380131717,0,-0.0064298623582128
2025-01-01,2025-01-23,MU,sim,0.5681866969827573,0,-0.0572300668598126
2025-01-01,2025-01-23,NFLX,sim,0.7129318607890147,1,0.0185711916337103
2025-01-01,2025-01-23,NVDA,sim,0.7137276198137275,0,-0.0868768403672806
2025-01-01,2025-01-23,SHOP,sim,0.7182003369553176,1,0.0891611613621281
2025-01-01,2025-01-23,SPOT,sim,0.726471034623603,1,0.211126629875997
2025-01-01,2025-01-23,TSLA,sim,0.6956185408147585,0,-0.1808526509694314
2025-01-01,2025-01-23,TSM,sim,0.713706841183765,0,-0.117442748630907
2025-01-01,2025-01-23,VRT,sim,0.7436186272181815,0,-0.3746172752072472
2025-01-01,2025-01-23,XLF,sim,0.7113684499606131,1,0.0009861782309299
2025-01-01,2025-01-23,XLK,sim,0.7176294357492433,0,-0.0287404350199735
2025-01-01,2025-01-24,AMAT,sim,0.7158185223870654,0,-0.0973493583709839
2025-01-01,2025-01-24,ASML,sim,0.7190789236454301,1,0.0050666056301211
2025-01-01,2025-01-24,CAT,sim,0.7350829098434254,0,-0.168559700296918
2025-01-01,2025-01-24,COST,sim,0.723381693883291,1,0.1020772855203819
2025-01-01,2025-01-24,GOOG,sim,0.7106700293822572,0,-0.1025754932201548
2025-01-01,2025-01-24,JPM,sim,0.7194523080904801,0,-0.0132155265382748
2025-01-01,2025-01-24,MU,sim,0.5652386029144499,0,-0.0753948889933843
2025-01-01,2025-01-24,NFLX,sim,0.7124851895829544,1,0.011129383551744
2025-01-01,2025-01-24,NVDA,sim,0.72002586666049,0,-0.0865236065093898
2025-01-01,2025-01-24,SHOP,sim,0.713868372638348,1,0.0724368780614026
2025-01-01,2025-01-24,SPOT,sim,0.7169228294862491,1,0.1786336892113187
2025-01-01,2025-01-24,TSLA,sim,0.5695292851504475,0,-0.1870480355762706
2025-01-01,2025-01-24,TSM,sim,0.7131733988617355,0,-0.1362448635346583
2025-01-01,2025-01-24,VRT,sim,0.743323354957858,0,-0.3779388184325162
2025-01-01,2025-01-24,XLF,sim,0.7103322351749547,1,0.002359936090128
2025-01-01,2025-01-24,XLK,sim,0.7255002622238558,0,-0.0325533156940118
2025-01-01,2025-01-27,AMAT,sim,0.7166099159514536,0,-0.0517271791214112
2025-01-01,2025-01-27,ASML,sim,0.7232302932410297,1,0.0580163393623549
2025-01-01,2025-01-27,CAT,sim,0.7357987696585221,0,-0.1332219964837334
2025-01-01,2025-01-27,COST,sim,0.5682386420757665,1,0.0936648890750453
2025-01-01,2025-01-27,GOOG,sim,0.7203623970587518,0,-0.0846364700091212
2025-01-01,2025-01-27,JPM,sim,0.7180800712040317,0,-0.0317848862630494
2025-01-01,2025-01-27,MU,sim,0.707991223102092,1,0.0231588255539076
2025-01-01,2025-01-27,NFLX,sim,0.7120253590175633,1,0.0055046972008336
2025-01-01,2025-01-27,NVDA,sim,0.7146770772295423,1,0.0693294984919672
2025-01-01,2025-01-27,SHOP,sim,0.7097986400248069,1,0.0332464126107117
2025-01-01,2025-01-27,SPOT,sim,0.7266920421464779,1,0.1451224360673397
2025-01-01,2025-01-27,TSLA,sim,0.5707311865834866,0,-0.2375676886655261
2025-01-01,2025-01-27,TSM,sim,0.7139320389235397,0,-0.015287829435443
2025-01-01,2025-01-27,VRT,sim,0.8123224103237562,0,-0.104288470832103
2025-01-01,2025-01-27,XLF,sim,0.7115493794984017,0,-0.0087531757299179
2025-01-01,2025-01-27,XLK,sim,0.7265041954871565,1,0.0041305407231366
2025-01-01,2025-01-28,AMAT,sim,0.7156148226523362,0,-0.0251085417612341
2025-01-01,2025-01-28,ASML,sim,0.7232904521995357,1,0.0930416614639184
2025-01-01,2025-01-28,CAT,sim,0.7351289876600365,0,-0.1222424887342841
2025-01-01,2025-01-28,COST,sim,0.5700543055059958,1,0.0764600843873906
2025-01-01,2025-01-28,GOOG,sim,0.7193487782046095,0,-0.1135130133687645
2025-01-01,2025-01-28,JPM,sim,0.7117341587735934,0,-0.0312570399253157
2025-01-01,2025-01-28,MU,sim,0.7053371952371861,1,0.1071954570478488
2025-01-01,2025-01-28,NFLX,sim,0.7182191502208727,1,0.018758404989178
2025-01-01,2025-01-28,NVDA,sim,0.7136268426287405,1,0.0177532614048472
2025-01-01,2025-01-28,SHOP,sim,0.704943534459037,0,-0.0359301294249352
2025-01-01,2025-01-28,SPOT,sim,0.734959799927603,1,0.1362660488945886
2025-01-01,2025-01-28,TSLA,sim,0.7090249599163378,0,-0.2695119433593008
2025-01-01,2025-01-28,TSM,sim,0.7134010945173803,0,-0.0384387303058708
2025-01-01,2025-01-28,VRT,sim,0.8151606342540989,0,-0.0745190259407999
2025-01-01,2025-01-28,XLF,sim,0.7106048960056026,0,-0.0091582467556118
2025-01-01,2025-01-28,XLK,sim,0.7237341653887269,0,-0.0112994324454077
2025-01-01,2025-01-29,AMAT,sim,0.7092579687651557,0,-0.1063441323565898
2025-01-01,2025-01-29,ASML,sim,0.7163475395311748,0,-0.0209780561213381
2025-01-01,2025-01-29,CAT,sim,0.7289746552950866,0,-0.1353660949041318
2025-01-01,2025-01-29,COST,sim,0.5621322388481117,1,0.0598431581010712
2025-01-01,2025-01-29,GOOG,sim,0.7053639455379253,0,-0.1367785118354285
2025-01-01,2025-01-29,JPM,sim,0.7131886633979702,0,-0.0282466770147263
2025-01-01,2025-01-29,MU,sim,0.6989410187248777,1,0.0315694583884296
2025-01-01,2025-01-29,NFLX,sim,0.7047260376754532,0,-0.0154168910415006
2025-01-01,2025-01-29,NVDA,sim,0.7146078393760887,0,-0.0286984277279218
2025-01-01,2025-01-29,SHOP,sim,0.6977874576518153,0,-0.0494038484240348
2025-01-01,2025-01-29,SPOT,sim,0.7198478064038373,1,0.0963754635575964
2025-01-01,2025-01-29,TSLA,sim,0.6884282264591672,0,-0.2753790599221382
2025-01-01,2025-01-29,TSM,sim,0.7071892794656122,0,-0.1049770439427932
2025-01-01,2025-01-29,VRT,sim,0.8052195691890178,0,-0.1634075282633291
2025-01-01,2025-01-29,XLF,sim,0.7040786036353691,0,-0.0029250724405671
2025-01-01,2025-01-29,XLK,sim,0.7193718770985481,0,-0.0394839429463262
2025-01-01,2025-01-30,AMAT,sim,0.7065276304998153,0,-0.13014524398864
2025-01-01,2025-01-30,ASML,sim,0.7126074537339925,0,-0.0378702201038787
2025-01-01,2025-01-30,CAT,sim,0.7263987230898687,0,-0.0827510743777439
2025-01-01,2025-01-30,COST,sim,0.5574655191823832,1,0.0710922001733156
2025-01-01,2025-01-30,GOOG,sim,0.7003007064721578,0,-0.1500765085590185
2025-01-01,2025-01-30,JPM,sim,0.7097535550726537,0,-0.0133468178175865
2025-01-01,2025-01-30,MU,sim,0.6956918894507909,1,0.0122161865234375
2025-01-01,2025-01-30,NFLX,sim,0.7025447258005569,1,0.0075212925601328
2025-01-01,2025-01-30,NVDA,sim,0.7197365468979914,1,0.0021660380245591
2025-01-01,2025-01-30,SHOP,sim,0.6802216408273261,0,-0.0602450099579666
2025-01-01,2025-01-30,SPOT,sim,0.7260350028046871,1,0.105211503406621
2025-01-01,2025-01-30,TSLA,sim,0.684489659747244,0,-0.2680623266718129
2025-01-01,2025-01-30,TSM,sim,0.7039758966590968,0,-0.1326927500700445
2025-01-01,2025-01-30,VRT,sim,0.7578273738367708,0,-0.1695462527389426
2025-01-01,2025-01-30,XLF,sim,0.7009314204770043,1,0.0079196415643574
2025-01-01,2025-01-30,XLK,sim,0.7165742656833054,0,-0.0285997305509587
2025-01-01,2025-01-31,AMAT,sim,0.7061806962693854,0,-0.1564735251769587
2025-01-01,2025-01-31,ASML,sim,0.712446640203884,0,-0.053360582620695
2025-01-01,2025-01-31,CAT,sim,0.7267357321486155,0,-0.1060736421427835
2025-01-01,2025-01-31,COST,sim,0.557099106464781,1,0.0683450732430592
2025-01-01,2025-01-31,GOOG,sim,0.7001465611959292,0,-0.1796692672412065
2025-01-01,2025-01-31,JPM,sim,0.7097578582950554,0,-0.0249906209533952
2025-01-01,2025-01-31,MU,sim,0.695454012885751,0,-0.0076720403839481
2025-01-01,2025-01-31,NFLX,sim,0.7026574075140077,0,-0.0031328038414729
2025-01-01,2025-01-31,NVDA,sim,0.7119622888611177,0,-0.0500541530066276
2025-01-01,2025-01-31,SHOP,sim,0.6801870408464924,0,-0.0875000081650195
2025-01-01,2025-01-31,SPOT,sim,0.7260350028046871,1,0.0935375056064333
2025-01-01,2025-01-31,TSLA,sim,0.5578941779730531,0,-0.2964656707799021
2025-01-01,2025-01-31,TSM,sim,0.7036162103128709,0,-0.1736575808886371
2025-01-01,2025-01-31,VRT,sim,0.7583995147036491,0,-0.2701247127648928
2025-01-01,2025-01-31,XLF,sim,0.7009314204770043,1,0.0052457830068026
2025-01-01,2025-01-31,XLK,sim,0.7147375269557122,0,-0.0525973723758068
2025-01-01,2025-02-03,AMAT,sim,0.7060707136982737,0,-0.1450224132662025
2025-01-01,2025-02-03,ASML,sim,0.7125460893837336,0,-0.0312423425324104
2025-01-01,2025-02-03,CAT,sim,0.7265653847557662,0,-0.0962522167554212
2025-01-01,2025-02-03,COST,sim,0.5471392797395119,1,0.0308600633307318
2025-01-01,2025-02-03,GOOG,sim,0.7003691186579011,0,-0.1481938357172681
2025-01-01,2025-02-03,JPM,sim,0.7096536502474243,0,-0.0620666305990165
2025-01-01,2025-02-03,MU,sim,0.695707272691559,1,0.0142348621592713
2025-01-01,2025-02-03,NFLX,sim,0.7017630652451887,0,-0.0064967615559682
2025-01-01,2025-02-03,NVDA,sim,0.7118877491143782,0,-0.005743234847484
2025-01-01,2025-02-03,SHOP,sim,0.695666812757409,0,-0.1106739758743323
2025-01-01,2025-02-03,SPOT,sim,0.7258662545418917,1,0.0638522555317415
2025-01-01,2025-02-03,TSLA,sim,0.5581890355007298,0,-0.2909716072299809
2025-01-01,2025-02-03,TSM,sim,0.7036100166472531,0,-0.0990991128595161
2025-01-01,2025-02-03,VRT,sim,0.7526520070913991,0,-0.2327708653610374
2025-01-01,2025-02-03,XLF,sim,0.7006388594849282,0,-0.026141244566233
2025-01-01,2025-02-03,XLK,sim,0.7147375269557122,0,-0.0404040275430193
2025-01-01,2025-02-04,AMAT,sim,0.705816401978911,0,-0.1301522768376433
2025-01-01,2025-02-04,ASML,sim,0.712142287322628,1,0.0114026704060552
2025-01-01,2025-02-04,CAT,sim,0.7267357321486155,0,-0.0648156407831184
2025-01-01,2025-02-04,COST,sim,0.5489204398016055,1,0.0253361664215967
2025-01-01,2025-02-04,GOOG,sim,0.7000585398087039,0,-0.1575273225318261
2025-01-01,2025-02-04,JPM,sim,0.707901688338421,0,-0.0612450679726255
2025-01-01,2025-02-04,MU,sim,0.6948887959320608,1,0.0405911375152445
2025-01-01,2025-02-04,NFLX,sim,0.7017630652451887,0,-0.003970334264829
2025-01-01,2025-02-04,NVDA,sim,0.7106523354857647,0,-0.0113779895217839
2025-01-01,2025-02-04,SHOP,sim,0.5531182427318244,0,-0.1094798301717215
2025-01-01,2025-02-04,SPOT,sim,0.7139742356486114,0,-0.0561944148863069
2025-01-01,2025-02-04,TSLA,sim,0.5581014423892114,0,-0.2883913918968012
2025-01-01,2025-02-04,TSM,sim,0.7036245841164562,0,-0.0968880371319877
2025-01-01,2025-02-04,VRT,sim,0.7569960458906141,0,-0.2099775335761938
2025-01-01,2025-02-04,XLF,sim,0.7009131093850343,0,-0.0181853796690507
2025-01-01,2025-02-04,XLK,sim,0.7167354676773593,0,-0.0407394085088659
2025-01-01,2025-02-05,AMAT,sim,0.7057298580860375,0,-0.1612332162397705
2025-01-01,2025-02-05,ASML,sim,0.7119077887000291,0,-0.0373692064213528
2025-01-01,2025-02-05,CAT,sim,0.7267394499748135,0,-0.0497143542830104
2025-01-01,2025-02-05,COST,sim,0.5489814777472544,0,-0.0155914483828387
2025-01-01,2025-02-05,GOOG,sim,0.6999619723204731,0,-0.0987583861174544
2025-01-01,2025-02-05,JPM,sim,0.7078789696677138,0,-0.0883407907283796
2025-01-01,2025-02-05,MU,sim,0.6953334799731964,0,-0.0462607040773815
2025-01-01,2025-02-05,NFLX,sim,0.70248016032687,0,-0.1035989997903088
2025-01-01,2025-02-05,NVDA,sim,0.7104523433941538,0,-0.1142353755271909
2025-01-01,2025-02-05,SHOP,sim,0.6799815051862569,0,-0.1580547520133471
2025-01-01,2025-02-05,SPOT,sim,0.7140351020173482,0,-0.1319329502483526
2025-01-01,2025-02-05,TSLA,sim,0.5585203705330426,0,-0.3033556261663388
2025-01-01,2025-02-05,TSM,sim,0.7035080708798551,0,-0.1568777871779062
2025-01-01,2025-02-05,VRT,sim,0.7551033837546979,0,-0.3108198900826268
2025-01-01,2025-02-05,XLF,sim,0.7006978445978127,0,-0.0445046289372834
2025-01-01,2025-02-05,XLK,sim,0.7172679466080368,0,-0.0801486147008224
2025-01-01,2025-02-06,AMAT,sim,0.7061387580369585,0,-0.1483589164289993
2025-01-01,2025-02-06,ASML,sim,0.7117190579414265,0,-0.0093488752100966
2025-01-01,2025-02-06,CAT,sim,0.7267834607785079,0,-0.0414558049199895
2025-01-01,2025-02-06,COST,sim,0.6767711240080395,0,-0.082474612966058
2025-01-01,2025-02-06,GOOG,sim,0.7000997288795557,0,-0.0908385379978662
2025-01-01,2025-02-06,JPM,sim,0.7077437139742007,0,-0.1250270707125034
2025-01-01,2025-02-06,MU,sim,0.6952297897504366,0,-0.0167125218505809
2025-01-01,2025-02-06,NFLX,sim,0.7017630652451887,0,-0.1226469029133864
2025-01-01,2025-02-06,NVDA,sim,0.7038282123434025,0,-0.1242616657172414
2025-01-01,2025-02-06,SHOP,sim,0.6954137709356224,0,-0.155591198285889
2025-01-01,2025-02-06,SPOT,sim,0.7068244747980361,0,-0.1498234781389265
2025-01-01,2025-02-06,TSLA,sim,0.6839232515685503,0,-0.2982741817478601
2025-01-01,2025-02-06,TSM,sim,0.7035080708798551,0,-0.1586698047338924
2025-01-01,2025-02-06,VRT,sim,0.7525602302152243,0,-0.2887253040144042
2025-01-01,2025-02-06,XLF,sim,0.701034058223639,0,-0.0573786536834705
2025-01-01,2025-02-06,XLK,sim,0.7264818463787243,0,-0.0693693668522027
2025-01-01,2025-02-07,AMAT,sim,0.7085997098239674,0,-0.166722191704644
2025-01-01,2025-02-07,ASML,sim,0.7117190579414265,0,-0.0612752866668674
2025-01-01,2025-02-07,CAT,sim,0.7267915829699195,0,-0.0513081597702711
2025-01-01,2025-02-07,COST,sim,0.5498183251866683,0,-0.1048084223259983
2025-01-01,2025-02-07,GOOG,sim,0.6999973798346124,0,-0.1032916634289778
2025-01-01,2025-02-07,JPM,sim,0.7096066028678504,0,-0.1580130112441456
2025-01-01,2025-02-07,MU,sim,0.6956532752618975,0,-0.0565547242482319
2025-01-01,2025-02-07,NFLX,sim,0.7084858348385961,0,-0.1452269762418242
2025-01-01,2025-02-07,NVDA,sim,0.7035291579169185,0,-0.1760627974870475
2025-01-01,2025-02-07,SHOP,sim,0.6952328975625882,0,-0.2100332415717969
2025-01-01,2025-02-07,SPOT,sim,0.7068244747980361,0,-0.2146904478347748
2025-01-01,2025-02-07,TSLA,sim,0.6841995286693178,0,-0.3856811102923281
2025-01-01,2025-02-07,TSM,sim,0.7035659317785695,0,-0.1720842327816717
2025-01-01,2025-02-07,VRT,sim,0.7418657657768007,0,-0.3572252561501073
2025-01-01,2025-02-07,XLF,sim,0.7008371186772193,0,-0.0733307460331785
2025-01-01,2025-02-07,XLK,sim,0.7263855457458217,0,-0.1012370354039023
2025-01-01,2025-02-10,AMAT,sim,0.7084605730328319,0,-0.1996624057375571
2025-01-01,2025-02-10,ASML,sim,0.7118501042947157,0,-0.0723981210083793
2025-01-01,2025-02-10,CAT,sim,0.7267236619949342,0,-0.0645614562199793
2025-01-01,2025-02-10,COST,sim,0.677136791198762,0,-0.1237664308723661
2025-01-01,2025-02-10,GOOG,sim,0.6998320646918665,0,-0.1180658957545783
2025-01-01,2025-02-10,JPM,sim,0.7097272001078319,0,-0.1545897573580137
2025-01-01,2025-02-10,MU,sim,0.695241526653409,0,-0.0717189328836764
2025-01-01,2025-02-10,NFLX,sim,0.7084858348385961,0,-0.1289412195849731
2025-01-01,2025-02-10,NVDA,sim,0.7035291579169185,0,-0.1857453307445448
2025-01-01,2025-02-10,SHOP,sim,0.6946165395017039,0,-0.2247706775201324
2025-01-01,2025-02-10,SPOT,sim,0.707244230981633,0,-0.2026846892771791
2025-01-01,2025-02-10,TSLA,sim,0.6988903856959285,0,-0.3425712239947355
2025-01-01,2025-02-10,TSM,sim,0.7029340796305175,0,-0.1778311914894772
2025-01-01,2025-02-10,VRT,sim,0.7418657657768007,0,-0.3390585135602839
2025-01-01,2025-02-10,XLF,sim,0.7014929233078779,0,-0.0739155660054302
2025-01-01,2025-02-10,XLK,sim,0.7262169579115509,0,-0.1177715992737896
2025-01-01,2025-02-11,AMAT,sim,0.6897424355892525,0,-0.1863537115630722
2025-01-01,2025-02-11,ASML,sim,0.6927424510807757,0,-0.0658848663156741
2025-01-01,2025-02-11,CAT,sim,0.7115920828671791,0,-0.0665323285552539
2025-01-01,2025-02-11,COST,sim,0.6638610109634175,0,-0.1240243711563231
2025-01-01,2025-02-11,GOOG,sim,0.6808661297310257,0,-0.0965948929103364
2025-01-01,2025-02-11,JPM,sim,0.6909166494036252,0,-0.1712425834036928
2025-01-01,2025-02-11,MU,sim,0.6763517345280562,1,0.0165816063800161
2025-01-01,2025-02-11,NFLX,sim,0.6896784346496662,0,-0.0876914178997732
2025-01-01,2025-02-11,NVDA,sim,0.6845960669543376,0,-0.12846389153575
2025-01-01,2025-02-11,SHOP,sim,0.5310497875002734,0,-0.2189497399499284
2025-01-01,2025-02-11,SPOT,sim,0.6892320754101878,0,-0.140110718346982
2025-01-01,2025-02-11,TSLA,sim,0.5356054256576088,0,-0.2447793109957667
2025-01-01,2025-02-11,TSM,sim,0.684584237810431,0,-0.1512408091090743
2025-01-01,2025-02-11,XLF,sim,0.6819640909521302,0,-0.0748932972794859
2025-01-01,2025-02-11,XLK,sim,0.6984836346029083,0,-0.1043033426322866
2025-01-01,2025-02-12,AMAT,sim,0.6896290045032462,0,-0.171043189484232
2025-01-01,2025-02-12,ASML,sim,0.6937415036872948,0,-0.0814366576912959
2025-01-01,2025-02-12,COST,sim,0.6638610109634175,0,-0.1638313061438687
2025-01-01,2025-02-12,GOOG,sim,0.6808661297310257,0,-0.1116324098897825
2025-01-01,2025-02-12,JPM,sim,0.6910383942939496,0,-0.1824650845462625
2025-01-01,2025-02-12,MU,sim,0.6761977322575178,1,0.0349039805583588
2025-01-01,2025-02-12,NFLX,sim,0.6827099109779192,0,-0.1334943117637387
2025-01-01,2025-02-12,NVDA,sim,0.6845960669543376,0,-0.1186518044152284
2025-01-01,2025-02-12,OXY,sim,0.7250864088859114,0,-0.0497595855530569
2025-01-01,2025-02-12,SHOP,sim,0.660454603187626,0,-0.2481533907875487
2025-01-01,2025-02-12,SPOT,sim,0.6884132790454954,0,-0.1602898100286915
2025-01-01,2025-02-12,TSLA,sim,0.6793798261576718,0,-0.2847761264414932
2025-01-01,2025-02-12,TSM,sim,0.6847341046596633,0,-0.1685725735139723
2025-01-01,2025-02-12,XLF,sim,0.6820085629450828,0,-0.0767134422621511
2025-01-01,2025-02-12,XLK,sim,0.6974548501317663,0,-0.1194131235158236
2025-01-01,2025-02-13,AMAT,sim,0.669973461685415,0,-0.1552613010636767
2025-01-01,2025-02-13,ASML,sim,0.6737646419267558,0,-0.0810692428809467
2025-01-01,2025-02-13,COST,sim,0.6582426306346623,0,-0.1605965536781892
2025-01-01,2025-02-13,GOOG,sim,0.6610465007184072,0,-0.1078348373381291
2025-01-01,2025-02-13,JPM,sim,0.6713577794559029,0,-0.1588014031547346
2025-01-01,2025-02-13,MU,sim,0.6396175475862366,1,0.0536273997180489
2025-01-01,2025-02-13,NFLX,sim,0.669650567700168,0,-0.1204284782571509
2025-01-01,2025-02-13,NVDA,sim,0.6643937481426385,0,-0.1006725980714757
2025-01-01,2025-02-13,SHOP,sim,0.5114576079686536,0,-0.2569526256144083
2025-01-01,2025-02-13,SPOT,sim,0.6779917234373358,0,-0.1134162581228244
2025-01-01,2025-02-13,TSLA,sim,0.6589340200901674,0,-0.2976906388354312
2025-01-01,2025-02-13,TSM,sim,0.664775125921688,0,-0.1374424279913761
2025-01-01,2025-02-13,XLF,sim,0.6616913220343714,0,-0.0615087090570282
2025-01-01,2025-02-13,XLK,sim,0.6843584844235376,0,-0.1054524202815053
2025-01-01,2025-02-14,AMAT,sim,0.6700787111356117,0,-0.0812056175070619
2025-01-01,2025-02-14,ASML,sim,0.6758545074596775,0,-0.0282349425158536
2025-01-01,2025-02-14,COST,sim,0.6587448241565558,0,-0.1448336929331098
2025-01-01,2025-02-14,GOOG,sim,0.661508942517043,0,-0.1086316065895891
2025-01-01,2025-02-14,JPM,sim,0.6718503085383313,0,-0.1542355263275489
2025-01-01,2025-02-14,MU,sim,0.6398541402257012,1,0.0360731922063952
2025-01-01,2025-02-14,NFLX,sim,0.662891277968074,0,-0.1025694468768274
2025-01-01,2025-02-14,NVDA,sim,0.6712870949009232,0,-0.1391430066615573
2025-01-01,2025-02-14,SHOP,sim,0.512588057488961,0,-0.2474484476456527
2025-01-01,2025-02-14,SPOT,sim,0.6786976503616791,0,-0.0638064044163982
2025-01-01,2025-02-14,TSLA,sim,0.6597488810339662,0,-0.3311319779780132
2025-01-01,2025-02-14,TSM,sim,0.6655662406113166,0,-0.1356546798984343
2025-01-01,2025-02-14,XLF,sim,0.6621668487354699,0,-0.0523165854128773
2025-01-01,2025-02-14,XLK,sim,0.6785313647137399,0,-0.1022628179359476
2025-01-01,2025-02-18,AMAT,sim,0.6694334099229834,0,-0.1075000319370004
2025-01-01,2025-02-18,ASML,sim,0.6732975884853472,0,-0.0176157397915248
2025-01-01,2025-02-18,COST,sim,0.6585033197613648,0,-0.1495980579350497
2025-01-01,2025-02-18,GOOG,sim,0.660890707552947,0,-0.1244887217594352
2025-01-01,2025-02-18,JPM,sim,0.671161136671802,0,-0.1606715807287198
2025-01-01,2025-02-18,MU,sim,0.5069162398300004,0,-0.0474763521992538
2025-01-01,2025-02-18,NFLX,sim,0.6624715087852487,0,-0.1022058993040704
2025-01-01,2025-02-18,NVDA,sim,0.6635971402607231,0,-0.1719511810675417
2025-01-01,2025-02-18,SHOP,sim,0.5145821146240748,0,-0.2729873643866394
2025-01-01,2025-02-18,SPOT,sim,0.6778461077031234,0,-0.0968663050722116
2025-01-01,2025-02-18,TSLA,sim,0.6592474007746854,0,-0.3637287654147774
2025-01-01,2025-02-18,TSM,sim,0.6649295508443481,0,-0.1460491260140068
2025-01-01,2025-02-18,XLF,sim,0.6617253028923832,0,-0.060187837835071
2025-01-01,2025-02-18,XLK,sim,0.6778856053712768,0,-0.1239263681524326
2025-01-01,2025-02-19,AMAT,sim,0.6599240250930621,0,-0.1126047978837218
2025-01-01,2025-02-19,ASML,sim,0.664139587070984,0,-0.0132787524308963
2025-01-01,2025-02-19,COST,sim,0.6547972260013959,0,-0.1491614861020862
2025-01-01,2025-02-19,GOOG,sim,0.6572963125061099,0,-0.1114198982497363
2025-01-01,2025-02-19,JPM,sim,0.6679990538671013,0,-0.143742164331776
2025-01-01,2025-02-19,MU,sim,0.49842882617583417,0,-0.0220391245525699
2025-01-01,2025-02-19,NFLX,sim,0.6588867244188031,0,-0.0803581098102504
2025-01-01,2025-02-19,NVDA,sim,0.6441937360928262,0,-0.1559290364912258
2025-01-01,2025-02-19,SHOP,sim,0.5059992592850191,0,-0.2046060002921235
2025-01-01,2025-02-19,SPOT,sim,0.668780654389778,0,-0.0879062774678628
2025-01-01,2025-02-19,TSLA,sim,0.6398874961001761,0,-0.3458508924800442
2025-01-01,2025-02-19,TSM,sim,0.6608103173299597,0,-0.135307304574926
2025-01-01,2025-02-19,XLF,sim,0.6579231760866388,0,-0.0502011688221034
2025-01-01,2025-02-19,XLK,sim,0.65904734492785,0,-0.112602154754293
2025-01-01,2025-02-20,AMAT,sim,0.6401156393320228,0,-0.1228906897283231
2025-01-01,2025-02-20,ASML,sim,0.6439170253910236,0,-0.01215199904524
2025-01-01,2025-02-20,COST,sim,0.6348658335071184,0,-0.1347370462411088
2025-01-01,2025-02-20,GOOG,sim,0.6367944370567573,0,-0.1156772203627003
2025-01-01,2025-02-20,JPM,sim,0.6583784236295936,0,-0.1041603993913869
2025-01-01,2025-02-20,MU,sim,0.47550152150772035,0,-0.0017445270851269
2025-01-01,2025-02-20,NFLX,sim,0.6590155630872403,0,-0.0719347470606383
2025-01-01,2025-02-20,NVDA,sim,0.6236932911887864,0,-0.1540218523806096
2025-01-01,2025-02-20,SHOP,sim,0.48427027672819395,0,-0.1751032844645088
2025-01-01,2025-02-20,TSLA,sim,0.6189977936774946,0,-0.3333521484883422
2025-01-01,2025-02-20,TSM,sim,0.6405283904641604,0,-0.1130934742256107
2025-01-01,2025-02-20,XLF,sim,0.639353511723917,0,-0.0340533181705486
2025-01-01,2025-02-20,XLK,sim,0.6385016686502303,0,-0.1161095163998637
2025-01-01,2025-02-21,AMAT,sim,0.6496706620287984,0,-0.1154785504345223
2025-01-01,2025-02-21,ASML,sim,0.6534695255921065,0,-0.0284722814990566
2025-01-01,2025-02-21,COST,sim,0.6171534564389547,0,-0.1215134015161754
2025-01-01,2025-02-21,GOOG,sim,0.638888863793234,0,-0.0844256067654299
2025-01-01,2025-02-21,JPM,sim,0.6607417772387539,0,-0.0855660997092375
2025-01-01,2025-02-21,MU,sim,0.4843547973010796,0,-0.0416834810788847
2025-01-01,2025-02-21,NFLX,sim,0.6612343903343478,0,-0.0427254449332881
2025-01-01,2025-02-21,NVDA,sim,0.4934254621728238,0,-0.1244513623376334
2025-01-01,2025-02-21,SHOP,sim,0.6411859961312726,0,-0.0982173651255589
2025-01-01,2025-02-21,TSLA,sim,0.6370026846591048,0,-0.2637358919435578
2025-01-01,2025-02-21,TSM,sim,0.6426389570985033,0,-0.1085048888700053
2025-01-01,2025-02-21,XLF,sim,0.6404977279862604,0,-0.0254187372517703
2025-01-01,2025-02-21,XLK,sim,0.6481319733910071,0,-0.0890279253971429
2025-01-01,2025-02-27,GLD,sim,0.2521182126345513,1,0.0643189107160671
2025-01-01,2025-02-28,GLD,sim,0.2456224782170566,1,0.0789683952311108
2025-01-01,2025-03-03,GLD,sim,0.23914835146523558,1,0.0802280317820325
2025-01-01,2025-03-04,GLD,sim,0.24116136563893278,1,0.0687951012175045
2025-01-01,2025-03-10,GLD,sim,0.22780876091530936,1,0.0288301859261936
2025-01-01,2025-03-24,GLD,sim,0.263987572090923,1,0.1221279904474752
2025-01-01,2025-03-28,GLD,sim,0.26459627511180794,1,0.0880448144074426
2025-01-01,2025-03-31,GLD,sim,0.5033178990686448,1,0.0621919275322471
2025-04-01,2025-04-01,GLD,sim,0.33381765436292893,1,0.0563340448476901
2025-04-01,2025-04-02,GLD,sim,0.3354108554512704,1,0.0322736940407375
2025-04-01,2025-04-03,GLD,sim,0.3201629256964022,1,0.0403602996182053
2025-04-01,2025-04-09,GLD,sim,0.48935351000842564,1,0.0674539199335453
2025-04-01,2025-04-09,XLU,sim,0.5633244650435095,1,0.0543635275379259
2025-04-01,2025-04-10,GLD,sim,0.5308433613958319,1,0.0495638444736148
2025-04-01,2025-04-10,XLU,sim,0.5412551519244725,1,0.0641909315642312
2025-04-01,2025-04-11,GLD,sim,0.4877491210024375,1,0.0008727210150605
2025-04-01,2025-04-14,XLU,sim,0.4768275934440111,1,0.0252284595556666
2025-04-01,2025-04-23,XLU,sim,0.4953525364748508,1,0.0374058500789431
2025-04-01,2025-04-24,XLU,sim,0.5109333320910827,1,0.0210325250486307
2025-04-01,2025-04-25,GLD,sim,0.4982480566594581,1,0.0164735629333767
2025-04-01,2025-04-28,GLD,sim,0.5222084935372266,0,-0.0147863177141764
2025-04-01,2025-04-29,GLD,sim,0.5504106391648856,0,-0.007351499764582
2025-04-01,2025-04-30,GLD,sim,0.5550254546702208,1,0.0060572025033316
2025-04-01,2025-05-01,GLD,sim,0.5718045561786099,1,0.0206414806186288
2025-04-01,2025-05-01,XLU,sim,0.5265021698774942,1,0.0352584482796356
2025-04-01,2025-05-02,XLU,sim,0.5454120528130465,1,0.0304702232623923
2025-04-01,2025-05-05,XLU,sim,0.5452853996688851,1,0.035826503642832
2025-04-01,2025-05-06,GLD,sim,0.5516385136683088,0,-0.0145176142080273
2025-04-01,2025-05-08,AMAT,sim,0.4282024860096862,1,0.0688461890587439
2025-04-01,2025-05-08,ANET,sim,0.5664294684566905,1,0.1143577832110127
2025-04-01,2025-05-08,ASML,sim,0.5446336604830365,1,0.0635424888391433
2025-04-01,2025-05-08,CAT,sim,0.6206628550377693,1,0.0897455855158539
2025-04-01,2025-05-08,MU,sim,0.5176206720839568,1,0.274926548599063
2025-04-01,2025-05-08,RTX,sim,0.6335103996980733,1,0.0810601389834138
2025-04-01,2025-05-08,SHOP,sim,0.5078713543659573,1,0.185212804916057
2025-04-01,2025-05-08,TSM,sim,0.5876242578575046,1,0.1709849974110044
2025-04-01,2025-05-08,VRT,sim,0.5920588615537541,1,0.2049300520614148
2025-04-01,2025-05-09,AMAT,sim,0.2890784322389462,1,0.0911252015947743
2025-04-01,2025-05-09,ASML,sim,0.3929012347013387,1,0.0906104250059094
2025-04-01,2025-05-09,CAT,sim,0.436888476289836,1,0.0996560797667009
2025-04-01,2025-05-09,CMG,sim,0.40484098613333924,1,0.028358805567064
2025-04-01,2025-05-09,MU,sim,0.37724801163705574,1,0.2922198481194245
2025-04-01,2025-05-09,PLTR,sim,0.463869200888268,1,0.1258311519422825
2025-04-01,2025-05-09,SHOP,sim,0.3104826485625049,1,0.174675896208639
2025-04-01,2025-05-09,SPOT,sim,0.38568154710749175,1,0.0784573626711337
2025-04-01,2025-05-09,TSM,sim,0.43251195931117636,1,0.1726716235543071
2025-04-01,2025-05-09,VRT,sim,0.33281721279123905,1,0.1907293526159268
2025-04-01,2025-05-12,AMAT,sim,0.583464119773163,1,0.0344068015375598
2025-04-01,2025-05-12,CAT,sim,0.6118655316959954,1,0.0467669540275452
2025-04-01,2025-05-12,COST,sim,0.5709899418166463,0,-0.0087388718884624
2025-04-01,2025-05-12,GLD,sim,0.6777562014806162,1,0.0285723496559748
2025-04-01,2025-05-12,GOOG,sim,0.5952892459230936,1,0.1280235144840404
2025-04-01,2025-05-12,PLTR,sim,0.6018053775809042,1,0.1211379249115833
2025-04-01,2025-05-12,SHOP,sim,0.5884043381117803,1,0.0567376462154429
2025-04-01,2025-05-12,SPOT,sim,0.6129900194981147,1,0.1167990368241151
2025-04-01,2025-05-12,TSLA,sim,0.4488119907450163,1,0.0242163180376731
2025-04-01,2025-05-12,XLU,sim,0.6371100639535466,1,0.0137913546221111
2025-04-01,2025-05-13,ASML,sim,0.32931888317125063,1,0.0264301633671142
2025-04-01,2025-05-13,CRWD,sim,0.41298258960905165,1,0.0835529253961011
2025-04-01,2025-05-13,GOOG,sim,0.4015707859021242,1,0.1112561002199621
2025-04-01,2025-05-13,MU,sim,0.3491844600381065,1,0.1970494007426637
2025-04-01,2025-05-13,NVO,sim,0.34374115384538656,1,0.2038226532117124
2025-04-01,2025-05-13,RTX,sim,0.4132796470340035,1,0.0848377924902759
2025-04-01,2025-05-13,VRT,sim,0.36219464187813266,1,0.0474521161199896
2025-04-01,2025-05-13,XLU,sim,0.5526662269320278,1,0.0158192355567134
2025-04-01,2025-05-14,AMZN,sim,0.49278725311987087,1,0.01422119140625
2025-04-01,2025-05-14,GLD,sim,0.5827516718004577,1,0.0649474972952552
2025-04-01,2025-05-14,GOOG,sim,0.5325909314149254,1,0.0609076422924865
2025-04-01,2025-05-14,RTX,sim,0.5785696415276715,1,0.0779111779531427
2025-04-01,2025-05-14,VRT,sim,0.4886135829925437,1,0.045853091789739
2025-04-01,2025-05-14,WDC,sim,0.571114378672359,1,0.1337397950065457
2025-04-01,2025-05-15,AMZN,sim,0.579050092601898,1,0.0337769069377476
2025-04-01,2025-05-15,CAT,sim,0.6180639908450575,1,0.0206969220002417
2025-04-01,2025-05-15,CRWD,sim,0.6206638961784471,1,0.1129585012804819
2025-04-01,2025-05-15,GLD,sim,0.6697457254841475,1,0.0619460530280837
2025-04-01,2025-05-15,GOOG,sim,0.6268791097300682,1,0.0633616165239223
2025-04-01,2025-05-15,NVTS,sim,0.9999998315978508,1,2.5362320810291483
2025-04-01,2025-05-15,RTX,sim,0.60314411790554,1,0.0750442580307086
2025-04-01,2025-05-15,SPOT,sim,0.6811039022571317,1,0.1103908021473376
2025-04-01,2025-05-15,TSLA,sim,0.5439515713940767,0,-0.0510763940013135
2025-04-01,2025-05-15,VRT,sim,0.5698311877840948,1,0.0530461578381171
2025-04-01,2025-05-15,WDC,sim,0.6305087091015916,1,0.1195980052852152
2025-04-01,2025-05-16,AMZN,sim,0.5903273422074794,1,0.0511212118918062
2025-04-01,2025-05-16,ASML,sim,0.5777168410250586,1,0.0362652128969305
2025-04-01,2025-05-16,CAT,sim,0.6374750682949517,1,0.0250580242253892
2025-04-01,2025-05-16,CRWD,sim,0.6432474854591632,1,0.0913582024100589
2025-04-01,2025-05-16,GLD,sim,0.6755872006410747,1,0.0596112327591857
2025-04-01,2025-05-16,GOOG,sim,0.6565318408684313,1,0.062772563013707
2025-04-01,2025-05-16,NFLX,sim,0.6618569868655587,1,0.0283837065591676
2025-04-01,2025-05-16,NVTS,sim,0.9999999641015112,1,2.45673092353274
2025-04-01,2025-05-16,RTX,sim,0.6122892337148763,1,0.0810452563669237
2025-04-01,2025-05-16,TSLA,sim,0.5480055477585841,0,-0.0595748484170718
2025-04-01,2025-05-16,TSM,sim,0.6322154738912298,1,0.1104932103810045
2025-04-01,2025-05-16,WDC,sim,0.6510552291001278,1,0.1484296443250867
2025-04-01,2025-05-19,AMAT,sim,0.5163448343241512,1,0.0491141001360546
2025-04-01,2025-05-19,COST,sim,0.5925916156949744,0,-0.0547402179053222
2025-04-01,2025-05-19,CRWD,sim,0.6168735528709163,1,0.1073027838885045
2025-04-01,2025-05-19,GE,sim,0.6138669325644376,1,0.0019550628033202
2025-04-01,2025-05-19,GLD,sim,0.6585536261420674,1,0.0466731661882475
2025-04-01,2025-05-19,GOOG,sim,0.608788699443006,1,0.0557574366033517
2025-04-01,2025-05-19,NFLX,sim,0.6149386609024909,1,0.0243613829868423
2025-04-01,2025-05-19,RTX,sim,0.5995120746542042,1,0.0822157363717157
2025-04-01,2025-05-19,VRT,sim,0.578064998400002,1,0.0959586366358213
2025-04-01,2025-05-19,WDC,sim,0.6221218316973105,1,0.1547712595660753
2025-04-01,2025-05-20,AMAT,sim,0.5080816644758412,1,0.0429011089944177
2025-04-01,2025-05-20,CRWD,sim,0.6206141338699452,1,0.0970265769635034
2025-04-01,2025-05-20,GE,sim,0.6173263437435528,1,0.0026779091112925
2025-04-01,2025-05-20,GLD,sim,0.6684335861407131,1,0.0220041619633224
2025-04-01,2025-05-20,MPWR,sim,0.5015498890017386,0,-0.0098975860789942
2025-04-01,2025-05-20,NFLX,sim,0.6301485094782114,1,0.0253938080695492
2025-04-01,2025-05-20,RTX,sim,0.5965116878581266,1,0.0633474479178948
2025-04-01,2025-05-20,SHOP,sim,0.556396542308761,0,-0.0043220810218327
2025-04-01,2025-05-20,VRT,sim,0.5582119227055217,1,0.1192781512755696
2025-04-01,2025-05-20,WDC,sim,0.6308622012952672,1,0.1690696697216642
2025-04-01,2025-05-21,AMAT,sim,0.506550125020692,1,0.0445664253019566
2025-04-01,2025-05-21,AMZN,sim,0.5743458071277981,1,0.0426114137444426
2025-04-01,2025-05-21,COST,sim,0.5874205029290602,0,-0.0438994134958111
2025-04-01,2025-05-21,CRWD,sim,0.6050377110170166,1,0.0955973650737493
2025-04-01,2025-05-21,GOOG,sim,0.5887696971408244,0,-0.0137010576532079
2025-04-01,2025-05-21,PLTR,sim,0.6125239371894108,1,0.1386631362315751
2025-04-01,2025-05-21,SHOP,sim,0.5458837239530545,1,0.0398749202817001
2025-04-01,2025-05-21,SPOT,sim,0.6148885071469155,1,0.1001865986161061
2025-04-01,2025-05-21,TSM,sim,0.603619038600118,1,0.0925636238447391
2025-04-01,2025-05-21,VRT,sim,0.5525809596314273,1,0.1440980621293823
2025-04-01,2025-05-22,COST,sim,0.42906422329184785,0,-0.0134069562321106
2025-04-01,2025-05-22,CRWD,sim,0.35587947456860974,1,0.1075055496813133
2025-04-01,2025-05-22,GOOG,sim,0.4184728982905794,0,-0.0347133467206334
2025-04-01,2025-05-22,LLY,sim,0.44304454478612515,1,0.0775167806140331
2025-04-01,2025-05-22,PLTR,sim,0.346825109734756,1,0.1441654846792912
2025-04-01,2025-05-22,RTX,sim,0.45447831024284885,1,0.0875661191394165
2025-04-01,2025-05-22,SHOP,sim,0.36323508366369817,1,0.0647691197803113
2025-04-01,2025-05-22,SPOT,sim,0.3956434189730582,1,0.1482528848277384
2025-04-01,2025-05-22,TSLA,sim,0.26361454823019065,1,0.022402017181081
2025-04-01,2025-05-22,TSM,sim,0.4373409164625498,1,0.0720220434628544
2025-04-01,2025-05-23,AMAT,sim,0.3775611344786966,1,0.1439273630852766
2025-04-01,2025-05-23,CAT,sim,0.4481723619327491,1,0.0862866510418758
2025-04-01,2025-05-23,CMG,sim,0.420762919668932,1,0.079399572841315
2025-04-01,2025-05-23,GOOG,sim,0.4181451447345876,0,-0.0109086083181501
2025-04-01,2025-05-23,MU,sim,0.38550830390076535,1,0.3699260993841167
2025-04-01,2025-05-23,NVO,sim,0.3950845153839726,1,0.0501856712604269
2025-04-01,2025-05-23,PLTR,sim,0.32495517538286917,1,0.1615440642554537
2025-04-01,2025-05-23,SHOP,sim,0.3719868193712994,1,0.1271795464587728
2025-04-01,2025-05-23,SPOT,sim,0.4194103930531605,1,0.1469670012295341
2025-04-01,2025-05-23,TSM,sim,0.4359167933345391,1,0.1464215086776317
2025-04-01,2025-05-27,AMZN,sim,0.39091464063181197,1,0.0289777744728507
2025-04-01,2025-05-27,CAT,sim,0.4124219502114405,1,0.0570964588462861
2025-04-01,2025-05-27,GOOG,sim,0.38927765216177784,0,-0.0143119341046222
2025-04-01,2025-05-27,MU,sim,0.36311125237041686,1,0.3202947045683515
2025-04-01,2025-05-27,NVO,sim,0.3660032519368925,0,-0.043867175755076
2025-04-01,2025-05-27,PLTR,sim,0.29794077090434207,1,0.1581164973121207
2025-04-01,2025-05-27,SPOT,sim,0.3780146151057769,1,0.1268747479053844
2025-04-01,2025-05-27,TSM,sim,0.4054418531048933,1,0.1267706077796362
2025-04-01,2025-05-28,COST,sim,0.5529849462806172,0,-0.0298379701391975
2025-04-01,2025-05-28,GLD,sim,0.5957557477464309,1,0.0097758508428622
2025-04-01,2025-05-28,GOOG,sim,0.5758566904303049,1,0.0060559912527309
2025-04-01,2025-05-28,NFLX,sim,0.534881702480119,1,0.081188232318166
2025-04-01,2025-05-28,PLTR,sim,0.5007570990800451,1,0.1655623586788153
2025-04-01,2025-05-28,SPOT,sim,0.5735024400696238,1,0.1685944917418782
2025-04-01,2025-05-28,TSM,sim,0.5668923250006003,1,0.1420923585393789
2025-04-01,2025-05-28,WDC,sim,0.580337676223329,1,0.2131805190582572
2025-04-01,2025-05-29,AMZN,sim,0.5493122175528362,1,0.085561528267519
2025-04-01,2025-05-29,ASML,sim,0.4848283794102314,1,0.0654289482961389
2025-04-01,2025-05-29,CAT,sim,0.5727968640891944,1,0.0935785045354764
2025-04-01,2025-05-29,MPWR,sim,0.45593724043997114,1,0.081252293122265
2025-04-01,2025-05-29,MRK,sim,0.614753794316933,1,0.0353402734858272
2025-04-01,2025-05-29,PLTR,sim,0.49520760026548677,1,0.0688358879933526
2025-04-01,2025-05-29,WDC,sim,0.5648975797823957,1,0.2043768189228152
2025-04-01,2025-05-30,AMZN,sim,0.5711194504784343,1,0.0701429455544568
2025-04-01,2025-05-30,ASML,sim,0.5570883269772963,1,0.0877071452477127
2025-04-01,2025-05-30,GLD,sim,0.6052945373210235,1,0.0040513189855819
2025-04-01,2025-05-30,GOOG,sim,0.5856347829045908,1,0.0262655083935254
2025-04-01,2025-05-30,PLTR,sim,0.49371665676829757,1,0.0344514234859374
2025-04-01,2025-05-30,TSLA,sim,0.49368625508369784,0,-0.0831264460638392
2025-04-01,2025-05-30,TSM,sim,0.5772272567985434,1,0.1715807827035491
2025-04-01,2025-05-30,VRT,sim,0.5044594648783732,1,0.1897526480035734
2025-04-01,2025-05-30,WDC,sim,0.599781025734723,1,0.2413191585939507
2025-04-01,2025-06-02,AMZN,sim,0.5947048200046582,1,0.0668280339959774
2025-04-01,2025-06-02,CAT,sim,0.6174082455570106,1,0.1341863179220175
2025-04-01,2025-06-02,GLD,sim,0.6514650952538223,0,-0.0132191916362236
2025-04-01,2025-06-02,GOOG,sim,0.6148090411655146,1,0.0383870912270871
2025-04-01,2025-06-02,MPWR,sim,0.5237643281033866,1,0.1171148277207658
2025-04-01,2025-06-02,SHOP,sim,0.5234872897284577,1,0.0575370490026396
2025-04-01,2025-06-02,SPOT,sim,0.6071756235744175,1,0.0749255589076451
2025-04-01,2025-06-02,TSM,sim,0.5924784625651631,1,0.1531512877168312
2025-04-01,2025-06-02,VRT,sim,0.5562030806420655,1,0.1218529446996383
2025-04-01,2025-06-02,WDC,sim,0.6291905367004118,1,0.2232228747351767
2025-04-01,2025-06-03,AAPL,sim,0.49043718224454763,1,0.0451124021065791
2025-04-01,2025-06-03,AMAT,sim,0.48081337185235007,1,0.1747866208330672
2025-04-01,2025-06-03,AMZN,sim,0.48385629726449886,1,0.0690777842170971
2025-04-01,2025-06-03,ANET,sim,0.4652648560459841,1,0.07015870109437
2025-04-01,2025-06-03,CAT,sim,0.5102425614460403,1,0.1403262725694918
2025-04-01,2025-06-03,CRWD,sim,0.41506924344616214,1,0.0150175877552061
2025-04-01,2025-06-03,GOOG,sim,0.4932683888005764,1,0.071850141974697
2025-04-01,2025-06-03,JPM,sim,0.4877430468367646,1,0.0966312842150867
2025-04-01,2025-06-03,MRK,sim,0.48746702503782735,1,0.0680580767635383
2025-04-01,2025-06-03,PLTR,sim,0.4046939787665962,0,-0.0078846817315844
2025-04-01,2025-06-03,SHOP,sim,0.4371163052583295,1,0.0919036816346807
2025-04-01,2025-06-03,SPOT,sim,0.4877939149600433,1,0.0572667415565397
2025-04-01,2025-06-03,TSLA,sim,0.41955366636734465,0,-0.0831324136012648
2025-04-01,2025-06-03,TSM,sim,0.5016252839264762,1,0.1821264378422291
2025-04-01,2025-06-04,AAPL,sim,0.6233084331131064,1,0.052904029878998
2025-04-01,2025-06-04,AMZN,sim,0.6465055656775549,1,0.0780775383301333
2025-04-01,2025-06-04,CAT,sim,0.6783511940878527,1,0.1389230831726995
2025-04-01,2025-06-04,COST,sim,0.6342309238762014,0,-0.061491433291192
2025-04-01,2025-06-04,CRWD,sim,0.6228124204411388,1,0.1162497357806944
2025-04-01,2025-06-04,GLD,sim,0.6893730307987638,0,-0.0120938543643033
2025-04-01,2025-06-04,GOOG,sim,0.6529253187712185,1,0.0658834860518418
2025-04-01,2025-06-04,MPWR,sim,0.5955385059623909,1,0.091961158184149
2025-04-01,2025-06-04,NFLX,sim,0.629809371686242,1,0.0463998091635939
2025-04-01,2025-06-04,PLTR,sim,0.5682202210592847,1,0.0334590130552379
2025-04-01,2025-06-04,SHOP,sim,0.6133093956613761,1,0.1249275399040603
2025-04-01,2025-06-04,TSM,sim,0.6368903204278684,1,0.1600791014442626
2025-04-01,2025-06-04,VRT,sim,0.6350263652233754,1,0.1328311747138131
2025-04-01,2025-06-04,WDC,sim,0.6608461833295795,1,0.2140364038317137
2025-04-01,2025-06-05,AAPL,sim,0.5959058698681367,1,0.0464536302577147
2025-04-01,2025-06-05,AMAT,sim,0.575559801855644,1,0.1619465006548111
2025-04-01,2025-06-05,COST,sim,0.6081744508681154,0,-0.0184307683222459
2025-04-01,2025-06-05,CRWD,sim,0.5567884562056641,1,0.0918477314326571
2025-04-01,2025-06-05,GLD,sim,0.6490604832061926,0,-0.0063362478264622
2025-04-01,2025-06-05,MPWR,sim,0.5226738646429399,1,0.0882594566808205
2025-04-01,2025-06-05,NFLX,sim,0.5934358701067359,1,0.0312670217272892
2025-04-01,2025-06-05,PLTR,sim,0.5606744057874938,1,0.1602034097939764
2025-04-01,2025-06-05,RTX,sim,0.6190654781248414,1,0.0492557020490904
2025-04-01,2025-06-05,TSM,sim,0.6011850082200673,1,0.127028633305043
2025-04-01,2025-06-05,VRT,sim,0.5753728082102358,1,0.1251113951417168
2025-04-01,2025-06-06,AAPL,sim,0.5681894047759123,1,0.0298646351146254
2025-04-01,2025-06-06,AMZN,sim,0.5560327297827995,1,0.0271105168683309
2025-04-01,2025-06-06,CRWD,sim,0.5036973644989946,1,0.0839008293710952
2025-04-01,2025-06-06,GLD,sim,0.5864035585175777,0,-0.0033422538768964
2025-04-01,2025-06-06,GOOG,sim,0.569669806774912,1,0.0013720872151636
2025-04-01,2025-06-06,PLTR,sim,0.5135846385512011,1,0.0938772735559645
2025-04-01,2025-06-06,RTX,sim,0.5890775791625579,1,0.0417684924777792
2025-04-01,2025-06-06,TSM,sim,0.569370249893446,1,0.1105371320019907
2025-04-01,2025-06-06,VRT,sim,0.528594950387064,1,0.0912794618896004
2025-04-01,2025-06-09,AAPL,sim,0.6132380714853648,1,0.0481012786706362
2025-04-01,2025-06-09,AMZN,sim,0.624146798662111,1,0.0256244707718376
2025-04-01,2025-06-09,ASML,sim,0.5799958247442171,1,0.038470532865751
2025-04-01,2025-06-09,CRWD,sim,0.5650139201779921,1,0.1057731509459207
2025-04-01,2025-06-09,GLD,sim,0.6386064578995778,0,-0.0035875224089518
2025-04-01,2025-06-09,GOOG,sim,0.6200255059021128,1,0.0001688835133268
2025-04-01,2025-06-09,JPM,sim,0.5901633307158098,1,0.0615581241241955
2025-04-01,2025-06-09,PLTR,sim,0.5445263721547454,1,0.0838255908592386
2025-04-01,2025-06-09,RTX,sim,0.6295714057678314,1,0.0368846439624797
2025-04-01,2025-06-09,SHOP,sim,0.5570941725343185,1,0.0604823419154818
2025-04-01,2025-06-09,TSLA,sim,0.5624675855499995,0,-0.0411562066306556
2025-04-01,2025-06-09,VRT,sim,0.5959276829047072,1,0.146160670689174
2025-04-01,2025-06-10,AAPL,sim,0.5933585603846017,1,0.0480584476299488
2025-04-01,2025-06-10,AMAT,sim,0.5587382115946506,1,0.1396097940401597
2025-04-01,2025-06-10,COST,sim,0.6111193746945462,0,-0.0368322653327445
2025-04-01,2025-06-10,GE,sim,0.638320759582541,1,0.0436777162157799
2025-04-01,2025-06-10,GOOG,sim,0.6164414881799936,0,-0.0072773601387116
2025-04-01,2025-06-10,JPM,sim,0.5831919153055919,1,0.072933715162839
2025-04-01,2025-06-10,MPWR,sim,0.5433480322136441,1,0.011764846189894
2025-04-01,2025-06-10,PLTR,sim,0.5328796761054541,1,0.0729613931144841
2025-04-01,2025-06-10,RTX,sim,0.6316041519443283,1,0.0568870154560776
2025-04-01,2025-06-10,TSM,sim,0.6052698511362941,1,0.0814270321297112
2025-04-01,2025-06-10,WDC,sim,0.6524020393771969,1,0.1628238904634411
2025-04-01,2025-06-11,AAPL,sim,0.5783756767218113,1,0.0622799323817175
2025-04-01,2025-06-11,AMAT,sim,0.5446201340413557,1,0.1454945330544557
2025-04-01,2025-06-11,COST,sim,0.5775832435857344,0,-0.0265354555966464
2025-04-01,2025-06-11,GOOG,sim,0.5876596009624762,1,0.0140947724542277
2025-04-01,2025-06-11,INTC,sim,0.6008528807924371,1,0.1329787214418818
2025-04-01,2025-06-11,JPM,sim,0.554415571563198,1,0.0697743497331604
2025-04-01,2025-06-11,NFLX,sim,0.5685836074680963,1,0.0206823838899867
2025-04-01,2025-06-11,PLTR,sim,0.5149547617370719,1,0.04186528879991
2025-04-01,2025-06-11,RTX,sim,0.6227193166617656,1,0.0356815291284595
2025-04-01,2025-06-11,WDC,sim,0.6308179035067516,1,0.1880725986181846
2025-04-01,2025-06-12,AMAT,sim,0.5761948545497655,1,0.1262857491629463
2025-04-01,2025-06-12,COST,sim,0.6136794025138588,0,-0.021741129888417
2025-04-01,2025-06-12,GE,sim,0.6438217893438917,1,0.0931288400898144
2025-04-01,2025-06-12,GOOG,sim,0.6241678831227098,1,0.0329999225722299
2025-04-01,2025-06-12,INTC,sim,0.6092517140787592,1,0.121810241865025
2025-04-01,2025-06-12,JPM,sim,0.5849488787243847,1,0.0762750623230312
2025-04-01,2025-06-12,MPWR,sim,0.5634815874064883,1,0.0035765580222153
2025-04-01,2025-06-12,NFLX,sim,0.6203521199405514,1,0.0386163420360914
2025-04-01,2025-06-12,RTX,sim,0.6239177139642472,1,0.0588736225230037
2025-04-01,2025-06-12,SHOP,sim,0.5700372622822606,1,0.0689497192786579
2025-04-01,2025-06-12,TSM,sim,0.6174879889442969,1,0.0614585059801309
2025-04-01,2025-06-12,VRT,sim,0.5934910919322867,1,0.0892576525825601
2025-04-01,2025-06-13,AAPL,sim,0.6220162205466073,1,0.0644438984921178
2025-04-01,2025-06-13,COST,sim,0.6360104609035879,0,-0.0227527784984357
2025-04-01,2025-06-13,GE,sim,0.6575311187034778,1,0.1186390811500561
2025-04-01,2025-06-13,GOOG,sim,0.640776443287648,1,0.0410507221984315
2025-04-01,2025-06-13,INTC,sim,0.6483940972452426,1,0.1380338019312141
2025-04-01,2025-06-13,JPM,sim,0.6102458121655815,1,0.0815247201010103
2025-04-01,2025-06-13,MPWR,sim,0.5889973509310957,1,0.0662842821120861
2025-04-01,2025-06-13,NFLX,sim,0.6115864306963817,1,0.0396980921068699
2025-04-01,2025-06-13,SHOP,sim,0.5836600459376972,1,0.0921777772112426
2025-04-01,2025-06-13,SPOT,sim,0.6677591628014827,0,-0.0005485737169221
2025-04-01,2025-06-13,TSM,sim,0.632594881209487,1,0.1224537664487355
2025-04-01,2025-06-13,VRT,sim,0.6248804932581085,1,0.14778770249143
2025-04-01,2025-06-13,WDC,sim,0.6612857623428964,1,0.2123877532193614
2025-04-01,2025-06-16,AAPL,sim,0.6047492950416341,1,0.0591674508693826
2025-04-01,2025-06-16,AMAT,sim,0.5623845645956673,1,0.1034267583755452
2025-04-01,2025-06-16,CAT,sim,0.6352764462580512,1,0.139167868065448
2025-04-01,2025-06-16,COST,sim,0.6027969662878087,0,-0.0335141520635793
2025-04-01,2025-06-16,GE,sim,0.6334407567528607,1,0.125306503047855
2025-04-01,2025-06-16,JPM,sim,0.5738514802510422,1,0.0571830996090372
2025-04-01,2025-06-16,MPWR,sim,0.5690848392049253,1,0.0105294472871579
2025-04-01,2025-06-16,NFLX,sim,0.5990511488219091,1,0.0203696453525541
2025-04-01,2025-06-16,SHOP,sim,0.5656731050327255,1,0.1073174952354125
2025-04-01,2025-06-16,VRT,sim,0.5548381852308086,1,0.0768570615043868
2025-04-01,2025-06-16,WDC,sim,0.7079408805933848,1,0.1588573237436765
2025-04-01,2025-06-17,AAPL,sim,0.569261167020658,1,0.0735023764448721
2025-04-01,2025-06-17,AMAT,sim,0.5263294851412326,1,0.1058648303880687
2025-04-01,2025-06-17,CAT,sim,0.5910757117831095,1,0.1688381119577409
2025-04-01,2025-06-17,COST,sim,0.5620085556844671,0,-0.0243525736121262
2025-04-01,2025-06-17,GE,sim,0.5936226049389761,1,0.104050896200623
2025-04-01,2025-06-17,NFLX,sim,0.549661028469097,1,0.0438283763447082
2025-04-01,2025-06-17,SHOP,sim,0.5098467121348774,1,0.1898057021721537
2025-04-01,2025-06-17,SPOT,sim,0.6035351869180424,0,-0.0005130547600278
2025-04-01,2025-06-18,AAPL,sim,0.6395477798481518,1,0.0742699700312046
2025-04-01,2025-06-18,AMAT,sim,0.5751131873188702,1,0.1018283179612478
2025-04-01,2025-06-18,AMZN,sim,0.6124087740652081,1,0.0640410330168395
2025-04-01,2025-06-18,CAT,sim,0.6406743466024121,1,0.1498332559508854
2025-04-01,2025-06-18,COST,sim,0.6147605062630654,0,-0.0245666341237664
2025-04-01,2025-06-18,GE,sim,0.6387754101659402,1,0.1160710063795309
2025-04-01,2025-06-18,MPWR,sim,0.584792010870801,1,0.0461600606583316
2025-04-01,2025-06-18,SHOP,sim,0.556197275813106,1,0.1991129398043154
2025-04-01,2025-06-18,SPOT,sim,0.6491001396728742,0,-0.0207127978739322
2025-04-01,2025-06-18,TSM,sim,0.6024825106842099,1,0.1259952875713554
2025-04-01,2025-06-18,VRT,sim,0.5749679918701083,1,0.0838091667289209
2025-04-01,2025-06-20,COST,sim,0.5119733543910745,0,-0.0333880598622594
2025-04-01,2025-06-20,GOOG,sim,0.5405992106639405,1,0.1396291585614109
2025-04-01,2025-06-20,MRK,sim,0.547006914226196,1,0.0031621554227183
2025-04-01,2025-06-20,SHOP,sim,0.46917669694933106,1,0.2070487860335617
2025-04-01,2025-06-20,TSM,sim,0.49627268259177093,1,0.1400411071831819
2025-04-01,2025-06-23,AMZN,sim,0.535504726781005,1,0.0911402114872397
2025-04-01,2025-06-23,CAT,sim,0.5632518780901753,1,0.1391475027342326
2025-04-01,2025-06-23,GOOG,sim,0.5700718398367906,1,0.1572194865800136
2025-04-01,2025-06-23,MPWR,sim,0.5019500229245346,1,0.039502159256799
2025-04-01,2025-06-23,NFLX,sim,0.4902136707445825,0,-0.0506245770416166
2025-04-01,2025-06-23,VRT,sim,0.5212645102507932,1,0.0750815164858487
2025-04-01,2025-06-24,AAPL,sim,0.5913158256829318,1,0.0691462338178183
2025-04-01,2025-06-24,AMZN,sim,0.5626038007495351,1,0.0729425609908711
2025-04-01,2025-06-24,CAT,sim,0.6054894758590249,1,0.1462924479422969
2025-04-01,2025-06-24,COST,sim,0.544997703023647,0,-0.0606136033861256
2025-04-01,2025-06-24,GOOG,sim,0.598704546586815,1,0.1417073341793862
2025-04-01,2025-06-24,MPWR,sim,0.5186034623200614,1,0.0047866150241127
2025-04-01,2025-06-24,MRK,sim,0.5958771542797724,1,0.0455677748507912
2025-04-01,2025-06-24,RTX,sim,0.5955001417727311,1,0.1032076049328107
2025-04-01,2025-06-25,ANET,sim,0.32884612852062034,1,0.1840930724367102
2025-04-01,2025-06-25,ASML,sim,0.3331578509845663,0,-0.1105931679315816
2025-04-01,2025-06-25,CAT,sim,0.402385219571619,1,0.1559287489509018
2025-04-01,2025-06-25,MRK,sim,0.38088851714440525,1,0.0557299177036623
2025-04-01,2025-06-25,MU,sim,0.3833244620042734,0,-0.121964610161622
2025-04-01,2025-06-25,TSM,sim,0.3920459605271367,1,0.0846727132317071
2025-04-01,2025-06-25,VRT,sim,0.3500311031563361,1,0.0758796101105911
2025-04-01,2025-06-26,AAPL,sim,0.4062975151054322,1,0.0640796262826493
2025-04-01,2025-06-26,AMAT,sim,0.3766526111819154,1,0.0118243140716347
2025-04-01,2025-06-26,ANET,sim,0.3585765510438749,1,0.124913898010184
2025-04-01,2025-06-26,CAT,sim,0.42572394654206436,1,0.1358279942755966
2025-04-01,2025-06-26,MRK,sim,0.4147061494806473,1,0.0745908552180392
2025-04-01,2025-06-26,MU,sim,0.43992488208158137,0,-0.1169841100299169
2025-04-01,2025-06-26,PLTR,sim,0.36397835747733,1,0.1008665722825499
2025-04-01,2025-06-26,TSM,sim,0.4246701366382697,1,0.0963796800415566
2025-04-01,2025-06-26,VRT,sim,0.3761928743052003,1,0.1104200147978204
2025-04-01,2025-06-27,AAPL,sim,0.5897075951016768,1,0.0645016963526805
2025-04-01,2025-06-27,AMZN,sim,0.5343421785972998,1,0.0424988361158926
2025-04-01,2025-06-27,ASML,sim,0.5457710670864336,0,-0.0828695533149883
2025-04-01,2025-06-27,GLD,sim,0.6131717246209706,1,0.0139101069797029
2025-04-01,2025-06-27,MPWR,sim,0.5180539192531595,1,0.0034237169623378
2025-04-01,2025-06-27,PLTR,sim,0.6093732231019579,1,0.2075875650094529
2025-04-01,2025-06-27,RTX,sim,0.6010228971643614,1,0.0788746258347978
2025-04-01,2025-06-27,TSLA,sim,0.5371012244823282,1,0.0060562723650665
2025-04-01,2025-06-27,TSM,sim,0.5849132871229363,1,0.0620378537052213
2025-04-01,2025-06-27,VRT,sim,0.5738121521594243,1,0.1210286170684837
2025-04-01,2025-06-30,AMZN,sim,0.38276268899134225,1,0.0529650173185414
2025-04-01,2025-06-30,ANET,sim,0.3448450142943565,1,0.159417511261765
2025-04-01,2025-06-30,GOOG,sim,0.39076917851903825,1,0.1073340850760715
2025-04-01,2025-06-30,MU,sim,0.4224745153833636,0,-0.0916024415052928
2025-04-01,2025-06-30,PLTR,sim,0.34756863633599305,1,0.1461267392802312
2025-04-01,2025-06-30,RTX,sim,0.4240124000427778,1,0.0760169190518234
2025-04-01,2025-06-30,TSM,sim,0.40937986520216846,1,0.0655216388271866
2025-04-01,2025-06-30,VRT,sim,0.3616067139963858,1,0.1112841124413848
2025-07-01,2025-07-01,AMAT,sim,0.5741496016750423,1,0.0306378159072215
2025-07-01,2025-07-01,CAT,sim,0.6547564321147363,1,0.1105084933121212
2025-07-01,2025-07-01,GE,sim,0.630781225698292,1,0.0985060762173497
2025-07-01,2025-07-01,GOOG,sim,0.6025095343420905,1,0.1160476985716889
2025-07-01,2025-07-01,MPWR,sim,0.5698752472593536,0,-0.0219955196596667
2025-07-01,2025-07-01,OXY,sim,0.5779932583077828,1,0.0361642374005517
2025-07-01,2025-07-01,PLTR,sim,0.6333668375758951,1,0.2137282636972977
2025-07-01,2025-07-01,RTX,sim,0.6361593637701491,1,0.0985504626844886
2025-07-01,2025-07-01,VRT,sim,0.6123692020031336,1,0.1765137676825101
2025-07-01,2025-07-02,AMAT,sim,0.4544895409262098,0,-0.052365650417848
2025-07-01,2025-07-02,ANET,sim,0.47090579824655115,1,0.2184317667084536
2025-07-01,2025-07-02,CAT,sim,0.502370981470286,1,0.0993650002902934
2025-07-01,2025-07-02,CRWD,sim,0.47684558682213674,0,-0.0837129576060341
2025-07-01,2025-07-02,GOOG,sim,0.4861886458115285,1,0.0728749805509003
2025-07-01,2025-07-02,LLY,sim,0.48053957025756516,0,-0.0503157023131138
2025-07-01,2025-07-02,RTX,sim,0.5147819237265673,1,0.0902989390116186
2025-07-01,2025-07-02,TSM,sim,0.5017986238949247,1,0.0343321438532753
2025-07-01,2025-07-02,VRT,sim,0.47087395822415345,1,0.1710770044173537
2025-07-01,2025-07-03,AMAT,sim,0.45355918184976535,0,-0.0578905908501736
2025-07-01,2025-07-03,AMZN,sim,0.4868105442850217,0,-0.0387628285222489
2025-07-01,2025-07-03,ANET,sim,0.47343982983815736,1,0.1468006588427417
2025-07-01,2025-07-03,GOOG,sim,0.488728951582276,1,0.0520631057191935
2025-07-01,2025-07-03,LLY,sim,0.492138130732687,0,-0.0234925976684096
2025-07-01,2025-07-03,RTX,sim,0.5173212089560325,1,0.0758833451704545
2025-07-01,2025-07-03,SHOP,sim,0.4277965597419724,1,0.0178510289304789
2025-07-01,2025-07-03,TSM,sim,0.5043404330568548,1,0.0017461825246185
2025-07-01,2025-07-03,VRT,sim,0.4735492825668704,1,0.107556323481563
2025-07-01,2025-07-03,XLU,sim,0.6159155809483574,1,0.0483871809758837
2025-07-01,2025-07-07,AMAT,sim,0.4411417579193137,0,-0.0417234065730685
2025-07-01,2025-07-07,GOOG,sim,0.471270475281681,1,0.1024442593574808
2025-07-01,2025-07-07,LLY,sim,0.4934018563409674,0,-0.0050073041282974
2025-07-01,2025-07-07,PLTR,sim,0.4426593903422207,1,0.1548304291326181
2025-07-01,2025-07-07,RTX,sim,0.512971741808054,1,0.0785362312066291
2025-07-01,2025-07-07,TSLA,sim,0.4635611834655559,1,0.05211950465052
2025-07-01,2025-07-07,TSM,sim,0.49650907433393904,1,0.0428939298756199
2025-07-01,2025-07-07,VRT,sim,0.46644860435591423,1,0.1104070535098749
2025-07-01,2025-07-08,CAT,sim,0.5054992968988288,1,0.1012960044024444
2025-07-01,2025-07-08,CRWD,sim,0.4579711730954759,0,-0.1299166700778119
2025-07-01,2025-07-08,GOOG,sim,0.4582438410340803,1,0.1150947889964584
2025-07-01,2025-07-08,JPM,sim,0.5025604108546194,1,0.0303769586780249
2025-07-01,2025-07-08,LLY,sim,0.482733010996664,0,-0.0150579447854951
2025-07-01,2025-07-08,PLTR,sim,0.47600746821566237,1,0.2402118384213254
2025-07-01,2025-07-08,RTX,sim,0.5169090963941192,1,0.0788075210844216
2025-07-01,2025-07-08,SHOP,sim,0.4289984527580788,1,0.1290895822343638
2025-07-01,2025-07-08,TSM,sim,0.5013230836925896,1,0.0202317238567677
2025-07-01,2025-07-08,VRT,sim,0.4731297211234603,1,0.1022320691046549
2025-07-01,2025-07-09,ANET,sim,0.46595973783216543,1,0.3057960140504907
2025-07-01,2025-07-09,COST,sim,0.5066407391258938,0,-0.0137767708935977
2025-07-01,2025-07-09,CRWD,sim,0.46106960392266916,0,-0.1203871514645537
2025-07-01,2025-07-09,LLY,sim,0.47765721023998825,0,-0.051530001364317
2025-07-01,2025-07-09,RTX,sim,0.511829518158416,1,0.0654672855637943
2025-07-01,2025-07-09,SHOP,sim,0.4228262226621886,1,0.354968459674492
2025-07-01,2025-07-09,TSM,sim,0.4948400260364453,0,-0.0020272654767391
2025-07-01,2025-07-09,VRT,sim,0.46944136435732214,1,0.0886500375140142
2025-07-01,2025-07-10,AMAT,sim,0.4501093561705741,0,-0.0751401554034051
2025-07-01,2025-07-10,ANET,sim,0.43451679901562745,1,0.3103772469621852
2025-07-01,2025-07-10,GLD,sim,0.6191678043093187,1,0.0225995513856396
2025-07-01,2025-07-10,JPM,sim,0.5042142943758654,0,-0.0043374162511211
2025-07-01,2025-07-10,LLY,sim,0.48260308327316265,0,-0.1894517604973286
2025-07-01,2025-07-10,RTX,sim,0.5169090963941192,1,0.0639344330640463
2025-07-01,2025-07-10,SHOP,sim,0.4277965597419724,1,0.3118270451559972
2025-07-01,2025-07-10,TSLA,sim,0.4654993119959401,1,0.0400167621643874
2025-07-01,2025-07-10,TSM,sim,0.4992656625791882,1,0.0559714524626215
2025-07-01,2025-07-10,VRT,sim,0.4706740987474113,1,0.1546553841961315
2025-07-01,2025-07-11,GOOG,sim,0.48750324407270207,1,0.1146103306993946
2025-07-01,2025-07-11,JPM,sim,0.5013666511745184,1,0.0066235254517423
2025-07-01,2025-07-11,LLY,sim,0.4799207331042685,0,-0.2110439758522416
2025-07-01,2025-07-11,PLTR,sim,0.46973934859999883,1,0.3156931645567444
2025-07-01,2025-07-11,RTX,sim,0.5155738715940464,1,0.0544018911881138
2025-07-01,2025-07-11,SHOP,sim,0.42576772428404386,1,0.3344929069292812
2025-07-01,2025-07-11,TSLA,sim,0.47395336930444326,1,0.0514815592105826
2025-07-01,2025-07-11,TSM,sim,0.49739718342586975,1,0.0496094107524398
2025-07-01,2025-07-11,VRT,sim,0.46298932231098194,1,0.1348742028582321
2025-07-01,2025-07-14,ANET,sim,0.4180940888630561,1,0.2701853871718742
2025-07-01,2025-07-14,JPM,sim,0.49922443073488665,1,0.0029788199348803
2025-07-01,2025-07-14,LLY,sim,0.47738346189153774,0,-0.2053194518457648
2025-07-01,2025-07-14,RTX,sim,0.513640544400254,1,0.0369775208842411
2025-07-01,2025-07-14,SHOP,sim,0.4228262226621886,1,0.2634915427369293
2025-07-01,2025-07-14,TSLA,sim,0.46743376688232985,1,0.0698327715652822
2025-07-01,2025-07-14,TSM,sim,0.4941867090064118,1,0.0586871836113385
2025-07-01,2025-07-14,VRT,sim,0.46214968554532765,1,0.121151382797159
2025-07-01,2025-07-15,CAT,sim,0.6340101973677754,1,0.0199435955775457
2025-07-01,2025-07-15,GOOG,sim,0.6275359437563444,1,0.1150190980697591
2025-07-01,2025-07-15,INTC,sim,0.5434602563765599,0,-0.04842934584017
2025-07-01,2025-07-15,MPWR,sim,0.5852771959989618,1,0.1713163001002084
2025-07-01,2025-07-15,TSM,sim,0.6073001614896061,1,0.030976984310719
2025-07-01,2025-07-15,WDC,sim,0.716105072041774,1,0.1240930702546023
2025-07-01,2025-07-16,ANET,sim,0.468511443327787,1,0.2743304766194641
2025-07-01,2025-07-16,CAT,sim,0.4946334484730583,1,0.0019860669311209
2025-07-01,2025-07-16,GOOG,sim,0.4821364425810304,1,0.1048048868643476
2025-07-01,2025-07-16,LLY,sim,0.4724563284469539,0,-0.1637249931086222
2025-07-01,2025-07-16,RTX,sim,0.5087418438363502,1,0.0368915802921514
2025-07-01,2025-07-16,VRT,sim,0.44438999586735556,1,0.0956937178994292
2025-07-01,2025-07-17,AMAT,sim,0.4477005703661447,0,-0.0222314496380318
2025-07-01,2025-07-17,ANET,sim,0.4853917874899971,1,0.2187889947860808
2025-07-01,2025-07-17,CAT,sim,0.49728720498815376,0,-0.0013634255369501
2025-07-01,2025-07-17,JPM,sim,0.495794377280518,1,0.014694756313607
2025-07-01,2025-07-17,LLY,sim,0.48991596170539625,0,-0.1012081514434914
2025-07-01,2025-07-17,RTX,sim,0.5112827295296357,1,0.0236303751224731
2025-07-01,2025-07-17,VRT,sim,0.4607213475401256,1,0.0106773124421046
2025-07-01,2025-07-18,ANET,sim,0.490913540542803,1,0.2283056410015598
2025-07-01,2025-07-18,CAT,sim,0.5003428709477156,0,-0.0143094994861855
2025-07-01,2025-07-18,LLY,sim,0.47611765972123593,0,-0.0913296957369351
2025-07-01,2025-07-18,MRK,sim,0.4871842091287445,1,0.0531515763964698
2025-07-01,2025-07-18,PLTR,sim,0.40830639444848205,1,0.1540515453250728
2025-07-01,2025-07-18,RTX,sim,0.5139080278293162,1,0.0170956853986179
2025-07-01,2025-07-18,TSM,sim,0.49630162558040003,0,-0.0063227498014263
2025-07-01,2025-07-18,VRT,sim,0.4532186009701117,1,0.0310708960288368
2025-07-01,2025-07-21,CAT,sim,0.6285969841979724,1,0.0062672404182606
2025-07-01,2025-07-21,GOOG,sim,0.6208913626233983,1,0.0687418247931741
2025-07-01,2025-07-21,MRK,sim,0.6162947187772903,1,0.0619090129019597
2025-07-01,2025-07-21,NFLX,sim,0.6177952468408401,1,0.0095842692451715
2025-07-01,2025-07-21,PLTR,sim,0.6514217966109785,1,0.1465182586261821
2025-07-01,2025-07-21,RTX,sim,0.6352895460397451,1,0.0259963216209675
2025-07-01,2025-07-21,TSM,sim,0.6198398214688212,1,0.0107180133689603
2025-07-01,2025-07-22,AMAT,sim,0.6004607857275764,0,-0.1331623290062047
2025-07-01,2025-07-22,CAT,sim,0.61046653711429,0,-0.0026367029341027
2025-07-01,2025-07-22,GE,sim,0.6226327651797142,1,0.0267567284779199
2025-07-01,2025-07-22,MPWR,sim,0.5951914536470537,1,0.1733659417070923
2025-07-01,2025-07-22,NFLX,sim,0.6413273820677193,1,0.02022551101806
2025-07-01,2025-07-22,PLTR,sim,0.6718419222658141,1,0.0582276262783214
2025-07-01,2025-07-22,RTX,sim,0.6252689190261431,1,0.0300999232303993
2025-07-01,2025-07-22,VRT,sim,0.6469482265312051,1,0.0300103927588406
2025-07-01,2025-07-23,GE,sim,0.6520081139093862,1,0.0123869969463867
2025-07-01,2025-07-23,GLD,sim,0.6262094029425828,0,-0.0122365539555446
2025-07-01,2025-07-23,GOOG,sim,0.6237315421880398,1,0.0453240467001343
2025-07-01,2025-07-23,PLTR,sim,0.62805095459003,1,0.0089244621383106
2025-07-01,2025-07-23,RTX,sim,0.6362430539318237,1,0.0006389599413167
2025-07-01,2025-07-23,TSM,sim,0.6111673563643577,0,-0.0488078710030757
2025-07-01,2025-07-23,VRT,sim,0.615371210334201,0,-0.0203548773038204
2025-07-01,2025-07-24,COST,sim,0.6137505621822829,1,0.0384236510514577
2025-07-01,2025-07-24,GLD,sim,0.6249982678819656,0,-0.0096044753739257
2025-07-01,2025-07-24,GOOG,sim,0.64160389138847,1,0.0384057882305926
2025-07-01,2025-07-24,INTC,sim,0.5907889564841253,1,0.0384445811532203
2025-07-01,2025-07-24,PLTR,sim,0.5983224306930256,1,0.0085237767030039
2025-07-01,2025-07-24,RTX,sim,0.6386062649019869,1,0.0070867548954052
2025-07-01,2025-07-24,TSM,sim,0.6053932653493813,0,-0.0590645857283084
2025-07-01,2025-07-24,VRT,sim,0.5766921107014127,0,-0.0327805719125406
2025-07-01,2025-07-25,AMAT,sim,0.4781156045583761,0,-0.1249393970769258
2025-07-01,2025-07-25,ANET,sim,0.4815627334974541,1,0.1659958122447911
2025-07-01,2025-07-25,LLY,sim,0.4711849067661618,0,-0.12429094668592
2025-07-01,2025-07-25,PLTR,sim,0.5196972730013164,0,-0.000377818371793
2025-07-01,2025-07-25,RTX,sim,0.5086729537750938,0,-0.0040795472318254
2025-07-01,2025-07-25,TSLA,sim,0.4894443821405948,1,0.0757767904576129
2025-07-01,2025-07-28,AMAT,sim,0.4695049264224692,0,-0.148630883188507
2025-07-01,2025-07-28,ANET,sim,0.4861843960682147,1,0.1317736268161107
2025-07-01,2025-07-28,PLTR,sim,0.5467967110602959,0,-0.0044971287807736
2025-07-01,2025-07-28,RTX,sim,0.5111158746466351,1,0.0012814566467387
2025-07-01,2025-07-28,SPOT,sim,0.4712821516483513,0,-0.0088304981795157
2025-07-01,2025-07-28,TSLA,sim,0.49293087213901654,1,0.0645290395956184
2025-07-01,2025-07-28,VRT,sim,0.4308749725329226,0,-0.1229744372739615
2025-07-01,2025-07-29,AMAT,sim,0.4716008893832608,0,-0.1268510625271003
2025-07-01,2025-07-29,ANET,sim,0.49107264666043665,1,0.1319339164012103
2025-07-01,2025-07-29,CAT,sim,0.500472832740948,1,0.0028136774956468
2025-07-01,2025-07-29,GOOG,sim,0.4906874577700093,1,0.0586468701420528
2025-07-01,2025-07-29,MRK,sim,0.48746633024964575,1,0.0285610636427069
2025-07-01,2025-07-29,PLTR,sim,0.5557599977385975,1,0.029633829116999
2025-07-01,2025-07-29,SHOP,sim,0.47711408087589724,1,0.1281538472161936
2025-07-01,2025-07-29,TSLA,sim,0.44588440867307794,1,0.0948630138938584
2025-07-01,2025-07-29,VRT,sim,0.48502511057677666,0,-0.1035038329287668
2025-07-01,2025-07-30,GLD,sim,0.6312549025874603,1,0.039041734229162
2025-07-01,2025-07-30,INTC,sim,0.742953322106194,1,0.2217305897270616
2025-07-01,2025-07-30,MPWR,sim,0.5732316104601053,1,0.1858625583551469
2025-07-01,2025-07-30,NFLX,sim,0.6220402911795277,1,0.0331869647520937
2025-07-01,2025-07-30,PLTR,sim,0.6245859995521947,0,-0.0119160165334814
2025-07-01,2025-07-30,SPOT,sim,0.6177231805824547,1,0.0653681514079551
2025-07-01,2025-07-30,TSM,sim,0.5971892729289147,0,-0.0149026813280692
2025-07-01,2025-07-31,GOOG,sim,0.5264829247378595,1,0.1011614354718029
2025-07-01,2025-07-31,LLY,sim,0.48085497369603253,0,-0.0109584029501274
2025-07-01,2025-07-31,MRK,sim,0.48767301688213094,1,0.065156120826088
2025-07-01,2025-07-31,PLTR,sim,0.46865829973008316,0,-0.0014525480104987
2025-07-01,2025-07-31,RTX,sim,0.5140195601296315,1,0.0196103077632825
2025-07-01,2025-07-31,SPOT,sim,0.4916272205838328,1,0.097775101213017
2025-07-01,2025-07-31,TSM,sim,0.4960755889507495,0,-0.0138647086848163
2025-07-01,2025-07-31,VRT,sim,0.4894847057362555,0,-0.0780907273306908
2025-07-01,2025-08-01,AAPL,sim,0.6074735280024733,1,0.1470500730745034
2025-07-01,2025-08-01,AMZN,sim,0.5471721780264582,1,0.0663562281722933
2025-07-01,2025-08-01,COST,sim,0.5991078499811413,0,-0.0096586024633463
2025-07-01,2025-08-01,GOOG,sim,0.629490038396265,1,0.1241379426685633
2025-07-01,2025-08-01,MPWR,sim,0.5536484660117842,1,0.0638222231614131
2025-07-01,2025-08-01,NFLX,sim,0.6301521371319907,1,0.0428534119776884
2025-07-01,2025-08-01,OXY,sim,0.6037846720837947,1,0.0967519183990468
2025-07-01,2025-08-01,PLTR,sim,0.5992274776597633,1,0.0158164411345764
2025-07-01,2025-08-01,RTX,sim,0.6228120705611052,1,0.0114151429933733
2025-07-01,2025-08-01,SHOP,sim,0.6153491574796641,1,0.1912310337012748
2025-07-01,2025-08-04,AAPL,sim,0.5023672634407814,1,0.1296778673503644
2025-07-01,2025-08-04,ANET,sim,0.5073432322270599,1,0.1289571818848314
2025-07-01,2025-08-04,COST,sim,0.5185981183308205,0,-0.0173231186635065
2025-07-01,2025-08-04,GOOG,sim,0.5362202925240146,1,0.0829629910251037
2025-07-01,2025-08-04,MRK,sim,0.49374305641383603,1,0.0703731868723973
2025-07-01,2025-08-04,MU,sim,0.4872320222287321,1,0.0993783710445743
2025-07-01,2025-08-04,PLTR,sim,0.4736148296192144,0,-0.0222208841207732
2025-07-01,2025-08-04,RTX,sim,0.5279472030745831,1,0.0040029838891701
2025-07-01,2025-08-04,SHOP,sim,0.474183665311849,1,0.1104543910453172
2025-07-01,2025-08-04,SPOT,sim,0.47347204547997723,1,0.0471157579015821
2025-07-01,2025-08-04,TSLA,sim,0.4546929154055839,1,0.0649937753063205
2025-07-01,2025-08-04,TSM,sim,0.5085462595049599,0,-0.0443933079931028
2025-07-01,2025-08-05,AAPL,sim,0.598501697958202,1,0.1751922105881349
2025-07-01,2025-08-05,AMAT,sim,0.5982285452588926,0,-0.1278258145502162
2025-07-01,2025-08-05,INTC,sim,0.7903119262740564,1,0.1887072493888975
2025-07-01,2025-08-05,NFLX,sim,0.6548421150135602,1,0.0682219543803599
2025-07-01,2025-08-05,OXY,sim,0.5951440738818758,1,0.074744597705302
2025-07-01,2025-08-05,SPOT,sim,0.5953003846004106,1,0.0777898254866209
2025-07-01,2025-08-06,AMAT,sim,0.48096460764807597,0,-0.1117098572171699
2025-07-01,2025-08-06,ANET,sim,0.49965558269063376,1,0.0172214974107995
2025-07-01,2025-08-06,COST,sim,0.5145003410939735,0,-0.0130709229954186
2025-07-01,2025-08-06,GOOG,sim,0.53201271116914,1,0.1814950529427759
2025-07-01,2025-08-06,LLY,sim,0.48584633062345556,0,-0.0046357999320605
2025-07-01,2025-08-06,MRK,sim,0.47298882563930184,1,0.0580312244294281
2025-07-01,2025-08-06,MU,sim,0.48984502306910166,1,0.1418459319574145
2025-07-01,2025-08-06,RTX,sim,0.5190292024096607,1,0.0188121520114366
2025-07-01,2025-08-06,SPOT,sim,0.4669714602731372,1,0.0555480244191883
2025-07-01,2025-08-06,VRT,sim,0.49572576027567233,0,-0.1005366944669611
2025-07-01,2025-08-07,AMAT,sim,0.4863339105268132,0,-0.1113840817707827
2025-07-01,2025-08-07,ANET,sim,0.4948942566182646,1,0.0256318736035874
2025-07-01,2025-08-07,LLY,sim,0.4810628111892798,1,0.1347408772506273
2025-07-01,2025-08-07,MRK,sim,0.4931411510953863,1,0.054000201438032
2025-07-01,2025-08-07,RTX,sim,0.5095897418578763,1,0.0112994981233629
2025-07-01,2025-08-07,SPOT,sim,0.46326162054387315,1,0.0297783913822347
2025-07-01,2025-08-07,VRT,sim,0.4847739330845473,0,-0.1104096381163436
2025-07-01,2025-08-08,CAT,sim,0.6286936256057255,1,0.0150293141523623
2025-07-01,2025-08-08,GLD,sim,0.6197275811532578,1,0.0695416718739734
2025-07-01,2025-08-08,MPWR,sim,0.6084311485529654,1,0.0746372961703547
2025-07-01,2025-08-08,MRK,sim,0.573843744137869,1,0.0421364951494864
2025-07-01,2025-08-08,SPOT,sim,0.6093297666263935,1,0.0175523302374638
2025-07-01,2025-08-11,AMAT,sim,0.6077006381964918,0,-0.1132444100762625
2025-07-01,2025-08-11,AMZN,sim,0.5416438663596579,1,0.0765476828188036
2025-07-01,2025-08-11,GLD,sim,0.624688418369134,1,0.082677072678226
2025-07-01,2025-08-11,INTC,sim,0.6755726856995707,1,0.1835351566847676
2025-07-01,2025-08-11,NFLX,sim,0.6157413525190051,1,0.0368871274078375
2025-07-01,2025-08-11,SPOT,sim,0.6298097635292775,1,0.0434252622838977
2025-07-01,2025-08-12,AMZN,sim,0.5390922209228262,1,0.0400054208764926
2025-07-01,2025-08-12,GLD,sim,0.6241839182217517,1,0.0875531894567787
2025-07-01,2025-08-12,GOOG,sim,0.6214797296136388,1,0.1733933839219184
2025-07-01,2025-08-12,MPWR,sim,0.614976152179132,1,0.0173931607019739
2025-07-01,2025-08-12,MRK,sim,0.5826114973569938,1,0.046450754492934
2025-07-01,2025-08-12,NFLX,sim,0.6016564733871679,1,0.018306051249098
2025-07-01,2025-08-12,VRT,sim,0.6010018141705878,0,-0.0485666272491902
2025-07-01,2025-08-13,AMZN,sim,0.5501732335533888,1,0.0240024913085512
2025-07-01,2025-08-13,ASML,sim,0.6059282837085358,1,0.0643090188193009
2025-07-01,2025-08-13,CAT,sim,0.6505737675760271,1,0.0427362633649948
2025-07-01,2025-08-13,GLD,sim,0.6403994761191032,1,0.0826299893813709
2025-07-01,2025-08-13,GOOG,sim,0.618022383173778,1,0.1859331144509144
2025-07-01,2025-08-13,NFLX,sim,0.628602232853307,0,-0.0007804603785077
2025-07-01,2025-08-13,TSLA,sim,0.5445046534582976,1,0.086716931617534
2025-07-01,2025-08-13,TSM,sim,0.6212243818001348,1,0.0723575258617006
2025-07-01,2025-08-13,VRT,sim,0.6136156944829925,0,-0.0122997617007931
2025-07-01,2025-08-14,AMAT,sim,0.4635569789782084,0,-0.1085847951813225
2025-07-01,2025-08-14,CAT,sim,0.49670368802249365,1,0.0335808120087948
2025-07-01,2025-08-14,COST,sim,0.50181619903065,0,-0.0076789695628314
2025-07-01,2025-08-14,LLY,sim,0.5037725720192461,1,0.1036775458878385
2025-07-01,2025-08-14,RTX,sim,0.4937496721682744,1,0.004965206753736
2025-07-01,2025-08-14,TSLA,sim,0.46848880513859814,1,0.1798677462433904
2025-07-01,2025-08-15,AMAT,sim,0.48772213994888197,1,0.056688912465052
2025-07-01,2025-08-15,ANET,sim,0.5132593805901241,1,0.0592133244232973
2025-07-01,2025-08-15,CAT,sim,0.4996776486936615,1,0.0690306120959884
2025-07-01,2025-08-15,LLY,sim,0.49172235359695277,1,0.066968075068988
2025-07-01,2025-08-15,RTX,sim,0.5120584672807079,1,0.0277759678176099
2025-07-01,2025-08-15,TSLA,sim,0.4740312277997851,1,0.2404404996773386
2025-07-01,2025-08-15,XLU,sim,0.6093240133681561,1,0.0009342933788138
2025-07-01,2025-08-18,CAT,sim,0.6540166485303468,1,0.0679284552739702
2025-07-01,2025-08-18,GE,sim,0.6288761699206356,1,0.0913391242268293
2025-07-01,2025-08-18,GOOG,sim,0.6167264635636568,1,0.2307014852988969
2025-07-01,2025-08-18,NFLX,sim,0.5932120961941635,0,-0.0358046413267347
2025-07-01,2025-08-18,OXY,sim,0.6078329470161087,1,0.0802985593887373
2025-07-01,2025-08-18,PLTR,sim,0.5696430764691891,0,-0.0216629563805377
2025-07-01,2025-08-18,TSM,sim,0.6113543480650179,1,0.0855390977309591
2025-07-01,2025-08-19,AMZN,sim,0.5218246107074441,1,0.0158326419776451
2025-07-01,2025-08-19,CRWD,sim,0.5815012473665717,1,0.0642618096136202
2025-07-01,2025-08-19,GE,sim,0.6260239811729394,1,0.0886323768412051
2025-07-01,2025-08-19,GOOG,sim,0.6065614177549038,1,0.2338880899084692
2025-07-01,2025-08-19,MPWR,sim,0.6174039026241428,1,0.0388967635255403
2025-07-01,2025-08-19,SPOT,sim,0.6079359002474274,0,-0.0169041128202256
2025-07-01,2025-08-19,TSM,sim,0.594108584233434,1,0.129308173576695
2025-07-01,2025-08-20,AMZN,sim,0.5475234442819189,1,0.0331531131311626
2025-07-01,2025-08-20,COST,sim,0.581445221575833,0,-0.0424404734325516
2025-07-01,2025-08-20,CRWD,sim,0.5837285535808059,1,0.1991077338108937
2025-07-01,2025-08-20,GE,sim,0.6385853404508283,1,0.1150352560262595
2025-07-01,2025-08-20,GOOG,sim,0.6254116305240401,1,0.260452563833248
2025-07-01,2025-08-20,MPWR,sim,0.6233262707089029,1,0.110750732330261
2025-07-01,2025-08-20,PLTR,sim,0.5814995662081408,1,0.1343504099216461
2025-07-01,2025-08-20,SPOT,sim,0.62403885135353,1,0.043095267106326
2025-07-01,2025-08-21,AMAT,sim,0.6148581292278824,1,0.1893143797479664
2025-07-01,2025-08-21,AMZN,sim,0.5567499536010518,1,0.0429375936487137
2025-07-01,2025-08-21,CRWD,sim,0.5803010566032811,1,0.213712966130839
2025-07-01,2025-08-21,GE,sim,0.6160291748265476,1,0.1206878204183967
2025-07-01,2025-08-21,GOOG,sim,0.6107190076909593,1,0.2722560647261085
2025-07-01,2025-08-21,MPWR,sim,0.6176273179857257,1,0.1165046132209077
2025-07-01,2025-08-21,NFLX,sim,0.6159087579531718,1,0.0172109032515801
2025-07-01,2025-08-21,OXY,sim,0.5651594669757888,1,0.0345600774993051
2025-07-01,2025-08-21,PLTR,sim,0.5884185753890678,1,0.1678192338520423
2025-07-01,2025-08-22,AMZN,sim,0.5258638519224014,0,-0.0052874998883128
2025-07-01,2025-08-22,COST,sim,0.6189871421956349,0,-0.0159408773885098
2025-07-01,2025-08-22,GE,sim,0.6180257772779589,1,0.1294037834102674
2025-07-01,2025-08-22,GLD,sim,0.6263931565019073,1,0.1109859060821443
2025-07-01,2025-08-22,GOOG,sim,0.624772288088937,1,0.2232972300190099
2025-07-01,2025-08-22,INTC,sim,0.5926643205457365,1,0.1596774642599001
2025-07-01,2025-08-22,NFLX,sim,0.6014791681186207,1,0.0188602767849295
2025-07-01,2025-08-22,SHOP,sim,0.6228524226779636,1,0.1056223660711361
2025-07-01,2025-08-25,AMZN,sim,0.5279667390878514,0,-0.0317188543042048
2025-07-01,2025-08-25,COST,sim,0.6065080697383908,1,0.0021452860717423
2025-07-01,2025-08-25,GE,sim,0.6445752338238858,1,0.1463561819704413
2025-07-01,2025-08-25,GLD,sim,0.6254056055328289,1,0.1182261448869437
2025-07-01,2025-08-25,NFLX,sim,0.6036208140050023,1,0.0003283958704172
2025-07-01,2025-08-25,SHOP,sim,0.6167323822478755,1,0.0669608179310372
2025-07-01,2025-08-26,AMAT,sim,0.616031879824115,1,0.2244848894760358
2025-07-01,2025-08-26,AMZN,sim,0.5347209472014256,0,-0.0371649676467112
2025-07-01,2025-08-26,GLD,sim,0.6255309599460556,1,0.1001026086135106
2025-07-01,2025-08-26,GOOG,sim,0.6252943806230163,1,0.191776895734884
2025-07-01,2025-08-26,NFLX,sim,0.5961323093679757,0,-0.0180574386518194
2025-07-01,2025-08-26,SHOP,sim,0.6567889389627681,1,0.0566559842508938
2025-07-01,2025-08-27,AMAT,sim,0.6217194852005546,1,0.214185819360033
2025-07-01,2025-08-27,AMZN,sim,0.5275070182998065,0,-0.047878847130266
2025-07-01,2025-08-27,GLD,sim,0.6267091365042897,1,0.1024591775780356
2025-07-01,2025-08-27,GOOG,sim,0.6233177376193462,1,0.1842370653350384
2025-07-01,2025-08-27,MPWR,sim,0.6093989941404991,1,0.0289385066860592
2025-07-01,2025-08-27,SHOP,sim,0.6485112022748143,1,0.0254485493897085
2025-07-01,2025-08-28,AMAT,sim,0.4831126291731454,1,0.2338597016840802
2025-07-01,2025-08-28,COST,sim,0.5133746709103628,0,-0.030699721777716
2025-07-01,2025-08-28,GOOG,sim,0.538788284543389,1,0.1639120325796745
2025-07-01,2025-08-28,LLY,sim,0.49260656979728523,0,-0.0101372256989052
2025-07-01,2025-08-28,RTX,sim,0.5202500978086342,1,0.0167434481519352
2025-07-01,2025-08-28,SHOP,sim,0.5197033036025862,0,-0.0091139843671251
2025-07-01,2025-08-28,SPOT,sim,0.4524466637026479,1,0.0417709247074806
2025-07-01,2025-08-28,TSLA,sim,0.45252112544072853,1,0.2729058902593289
2025-07-01,2025-08-28,TSM,sim,0.49948186573395115,1,0.1472698218403365
2025-07-01,2025-08-28,VRT,sim,0.4895161888257434,1,0.0327050549756351
2025-07-01,2025-08-29,AMAT,sim,0.6232577813038036,1,0.2748818359752256
2025-07-01,2025-08-29,AMZN,sim,0.4939557886455081,0,-0.029825335506789
2025-07-01,2025-08-29,COST,sim,0.6010984021896667,0,-0.0280392782954516
2025-07-01,2025-08-29,NFLX,sim,0.591405145387826,0,-0.0015228480244776
2025-07-01,2025-08-29,SHOP,sim,0.6463447825883871,1,0.0546432707205997
2025-07-01,2025-08-29,TSM,sim,0.6165144638064521,1,0.1834799530689947
2025-07-01,2025-08-29,VRT,sim,0.5953790679437367,1,0.1235593424520795
2025-07-01,2025-09-02,AMAT,sim,0.4752911278169372,1,0.2993589895054553
2025-07-01,2025-09-02,ANET,sim,0.52409585748634,1,0.0724222562030174
2025-07-01,2025-09-02,CRWD,sim,0.5111382065675483,1,0.1859250420382405
2025-07-01,2025-09-02,PLTR,sim,0.4679205619930669,1,0.1612451615096575
2025-07-01,2025-09-02,RTX,sim,0.5109588156146753,1,0.0589836570357931
2025-07-01,2025-09-02,TSM,sim,0.4920516777257494,1,0.2228644392981265
2025-07-01,2025-09-02,VRT,sim,0.47118350099548584,1,0.2165147811595487
2025-07-01,2025-09-03,ANET,sim,0.516047165853113,1,0.0865482527809691
2025-07-01,2025-09-03,CAT,sim,0.4968295611567163,1,0.1582675201865049
2025-07-01,2025-09-03,CRWD,sim,0.5141190474556966,1,0.2099709019480289
2025-07-01,2025-09-03,GOOG,sim,0.5246069812584031,1,0.0624837161455942
2025-07-01,2025-09-03,LLY,sim,0.4955138358343987,1,0.1187129335911076
2025-07-01,2025-09-03,PLTR,sim,0.47848929063110207,1,0.1939961538787371
2025-07-01,2025-09-03,TSM,sim,0.49434933000537284,1,0.2466830977208094
2025-07-01,2025-09-03,VRT,sim,0.4733731527856139,1,0.2866470343955154
2025-07-01,2025-09-04,ASML,sim,0.498974403687452,1,0.3673069216247926
2025-07-01,2025-09-04,CAT,sim,0.49944354976158317,1,0.1674123218770047
2025-07-01,2025-09-04,GOOG,sim,0.528727205774424,1,0.0591850287841908
2025-07-01,2025-09-04,MRK,sim,0.47659192246890586,1,0.0649613192888334
2025-07-01,2025-09-04,MU,sim,0.5046958692764453,1,0.4793494996730127
2025-07-01,2025-09-04,PLTR,sim,0.4873891853372404,1,0.1979633904376625
2025-07-01,2025-09-04,TSM,sim,0.4950682114754388,1,0.2249053064398238
2025-07-01,2025-09-04,VRT,sim,0.4795196582349203,1,0.2859188807793271
2025-07-01,2025-09-04,XLU,sim,0.6260724073534911,1,0.0496834571352058
2025-07-01,2025-09-05,AMZN,sim,0.5031881133922117,0,-0.0551801627993838
2025-07-01,2025-09-05,ASML,sim,0.6376283394504432,1,0.3204809448432555
2025-07-01,2025-09-05,CRWD,sim,0.5929068288971507,1,0.1730000219219725
2025-07-01,2025-09-05,JPM,sim,0.6028100128773047,1,0.0531625573642964
2025-07-01,2025-09-05,MPWR,sim,0.6178482746316496,1,0.0611762093576526
2025-07-01,2025-09-05,NFLX,sim,0.5987970686682894,0,-0.0727597463975644
2025-07-01,2025-09-05,PLTR,sim,0.6239604796518782,1,0.1303638340689661
2025-07-01,2025-09-05,TSLA,sim,0.5059393323927001,1,0.2251453399238452
2025-07-01,2025-09-05,TSM,sim,0.6116920325572864,1,0.2004026048453253
2025-07-01,2025-09-05,VRT,sim,0.6159340082972432,1,0.2919354592600176
2025-07-01,2025-09-08,AMAT,sim,0.5111725670835395,1,0.3817340292835036
2025-07-01,2025-09-08,CAT,sim,0.5053605373741794,1,0.1717205315131638
2025-07-01,2025-09-08,COST,sim,0.5143660229273448,0,-0.0626742549515505
2025-07-01,2025-09-08,CRWD,sim,0.5011087725113161,1,0.1585992969108134
2025-07-01,2025-09-08,GOOG,sim,0.5375186103726673,1,0.0740945958890675
2025-07-01,2025-09-08,LLY,sim,0.4847189553987729,1,0.144062020787187
2025-07-01,2025-09-08,MRK,sim,0.47655085500998695,1,0.0560114986203761
2025-07-01,2025-09-08,PLTR,sim,0.4879877075766349,1,0.1500960394597548
2025-07-01,2025-09-08,RTX,sim,0.5297588000208234,1,0.0945402782755095
2025-07-01,2025-09-08,TSLA,sim,0.453402184707942,1,0.308458452616041
2025-07-01,2025-09-08,TSM,sim,0.5044321575563344,1,0.2233504223867835
2025-07-01,2025-09-09,ASML,sim,0.5257635386618269,1,0.2448921065099971
2025-07-01,2025-09-09,CAT,sim,0.5024237058159876,1,0.1641273307618926
2025-07-01,2025-09-09,CRWD,sim,0.4904831381273208,1,0.1442940755647817
2025-07-01,2025-09-09,GOOG,sim,0.5284727570877291,1,0.029965834659696
2025-07-01,2025-09-09,MU,sim,0.48922923086939446,1,0.3730404828384326
2025-07-01,2025-09-09,PLTR,sim,0.4613654304026162,1,0.1220127955415315
2025-07-01,2025-09-09,TSM,sim,0.4968277167862981,1,0.1718077511754381
2025-07-01,2025-09-09,VRT,sim,0.4707655629834711,1,0.2650899251531984
2025-07-01,2025-09-10,CAT,sim,0.6456726061892719,1,0.1872975119272992
2025-07-01,2025-09-10,CRWD,sim,0.6205397543934031,1,0.2002495306037721
2025-07-01,2025-09-10,GLD,sim,0.6503147361004896,1,0.1104813486500755
2025-07-01,2025-09-10,GOOG,sim,0.6165462625214791,1,0.024628524024886
2025-07-01,2025-09-10,MPWR,sim,0.5982875616175409,1,0.1470100245737913
2025-07-01,2025-09-10,NFLX,sim,0.6023805846356709,0,-0.0268171335610249
2025-07-01,2025-09-10,NVTS,sim,0.8113134277668579,1,0.3723404174371236
2025-07-01,2025-09-10,SHOP,sim,0.6014525013660155,1,0.1703937851444419
2025-07-01,2025-09-10,TSM,sim,0.6257240300606084,1,0.1692519818731868
2025-07-01,2025-09-10,VRT,sim,0.6759677402409972,1,0.2240748731809887
2025-07-01,2025-09-10,WDC,sim,0.7339909069184526,1,0.2753105092223582
2025-07-01,2025-09-11,CAT,sim,0.6429348964975412,1,0.159905372729292
2025-07-01,2025-09-11,CRWD,sim,0.6138609653442147,1,0.1747888669217285
2025-07-01,2025-09-11,INTC,sim,0.7055790701829868,1,0.5359609223723851
2025-07-01,2025-09-11,JPM,sim,0.6036197874908932,0,-9.817639591758188e-05
2025-07-01,2025-09-11,MPWR,sim,0.5753813884270058,1,0.1652466673532437
2025-07-01,2025-09-11,NFLX,sim,0.6218762026312781,1,0.0229082161955533
2025-07-01,2025-09-11,NVTS,sim,0.8376520437658292,1,0.3157894901951927
2025-07-01,2025-09-11,SHOP,sim,0.5967009160228227,1,0.1299041336031512
2025-07-01,2025-09-11,SPOT,sim,0.604484115860504,0,-0.0241196338933933
2025-07-01,2025-09-11,TSM,sim,0.6244739210423956,1,0.1582403176440066
2025-07-01,2025-09-11,VRT,sim,0.6488651901593493,1,0.2444182192023716
2025-07-01,2025-09-12,AMAT,sim,0.5191703642475923,1,0.2511918541710827
2025-07-01,2025-09-12,ANET,sim,0.5004438034920172,1,0.1055312919024202
2025-07-01,2025-09-12,CAT,sim,0.5079019952254147,1,0.1385335565009084
2025-07-01,2025-09-12,COST,sim,0.5184278287726026,0,-0.0391466202011668
2025-07-01,2025-09-12,CRWD,sim,0.4954021472438185,1,0.1319880686837939
2025-07-01,2025-09-12,LLY,sim,0.4883139756937792,1,0.1033902673737163
2025-07-01,2025-09-12,PLTR,sim,0.4799766947877162,1,0.0233915297027922
2025-07-01,2025-09-12,RTX,sim,0.5251365325278342,1,0.0118703289847663
2025-07-01,2025-09-12,SHOP,sim,0.4793516177949394,1,0.0532849709127347
2025-07-01,2025-09-12,SPOT,sim,0.4525819204001744,0,-0.015953541064371
2025-07-01,2025-09-12,TSLA,sim,0.4353472255061591,1,0.0443248666079552
2025-07-01,2025-09-12,TSM,sim,0.5040932523508278,1,0.082250484688549
2025-07-01,2025-09-15,CAT,sim,0.6393033099763098,1,0.1578657772601832
2025-07-01,2025-09-15,CRWD,sim,0.5930104880467036,1,0.143534856026287
2025-07-01,2025-09-15,GLD,sim,0.6384297957734297,1,0.1156058902139796
2025-07-01,2025-09-15,INTC,sim,0.6865592466010699,1,0.5026241636195548
2025-07-01,2025-09-15,MPWR,sim,0.5940263624333212,1,0.1552999935567978
2025-07-01,2025-09-15,MRK,sim,0.6413559147927838,1,0.0577635213414475
2025-07-01,2025-09-15,NVTS,sim,0.8022626709589479,1,0.631751235542801
2025-07-01,2025-09-15,RTX,sim,0.635211571146211,1,0.003030946524769
2025-07-01,2025-09-15,SPOT,sim,0.627613095805843,0,-0.0157303341525175
2025-07-01,2025-09-15,TSM,sim,0.6257889229160265,1,0.1588109610153065
2025-07-01,2025-09-15,VRT,sim,0.6885355433050404,1,0.2946622820178817
2025-07-01,2025-09-16,CAT,sim,0.6280907026399875,1,0.196972688475489
2025-07-01,2025-09-16,CRWD,sim,0.581892231550519,1,0.098790935254907
2025-07-01,2025-09-16,GLD,sim,0.6196770482495859,1,0.1213228088322053
2025-07-01,2025-09-16,MRK,sim,0.6226209188896337,1,0.0445184458426808
2025-07-01,2025-09-16,PLTR,sim,0.5928320730512364,1,0.0556796152483576
2025-07-01,2025-09-16,TSM,sim,0.6169911969633447,1,0.1292833900574135
2025-07-01,2025-09-16,VRT,sim,0.6669299438415228,1,0.2817416883982055
2025-07-01,2025-09-17,COST,sim,0.5935873059056008,0,-0.0083486898828795
2025-07-01,2025-09-17,GLD,sim,0.6177958473455541,1,0.1496276025909828
2025-07-01,2025-09-17,INTC,sim,0.8770561373190487,1,0.4919679556232736
2025-07-01,2025-09-17,NFLX,sim,0.5925059637459917,0,-0.0205209289789373
2025-07-01,2025-09-17,PLTR,sim,0.5633730671826458,1,0.0670705944473526
2025-07-01,2025-09-17,TSM,sim,0.6103016757862896,1,0.1595189373533216
2025-07-01,2025-09-17,VRT,sim,0.6320932241712811,1,0.319228181621406
2025-07-01,2025-09-18,ASML,sim,0.6686256635413172,1,0.0989330030935311
2025-07-01,2025-09-18,GLD,sim,0.6125506741381354,1,0.1812467015518664
2025-07-01,2025-09-18,NFLX,sim,0.6080192329398844,0,-0.0200284714162065
2025-07-01,2025-09-18,PLTR,sim,0.5542790042947953,1,0.0064982420102388
2025-07-01,2025-09-18,RTX,sim,0.6356187009236848,0,-0.0072065198309273
2025-07-01,2025-09-18,TSLA,sim,0.5524910765316435,1,0.028547424066798
2025-07-01,2025-09-18,VRT,sim,0.6418178292248212,1,0.2526063603436603
2025-07-01,2025-09-19,CAT,sim,0.6668664666387545,1,0.1297638089683634
2025-07-01,2025-09-19,GLD,sim,0.6198229484813982,1,0.1468541736959308
2025-07-01,2025-09-19,INTC,sim,0.6267661371026512,1,0.2511831783972584
2025-07-01,2025-09-19,MRK,sim,0.6692958744308293,1,0.0402404452623483
2025-07-01,2025-09-19,NFLX,sim,0.6044389490667572,0,-0.0225026008663896
2025-07-01,2025-09-19,RTX,sim,0.6445479418240316,0,-0.0018327131879074
2025-07-01,2025-09-19,VRT,sim,0.6281161756053417,1,0.2116991128438408
2025-07-01,2025-09-19,WDC,sim,0.7206208643551807,1,0.1835318409350976
2025-07-01,2025-09-22,CAT,sim,0.6631909778354933,1,0.1251429481221218
2025-07-01,2025-09-22,GLD,sim,0.6084165592612694,1,0.1683814176465812
2025-07-01,2025-09-22,INTC,sim,0.6311333871786423,1,0.324756542799318
2025-07-01,2025-09-22,MRK,sim,0.6603464235730993,1,0.0736318166242795
2025-07-01,2025-09-22,NFLX,sim,0.5968133304324195,1,0.0091170820563493
2025-07-01,2025-09-22,NVTS,sim,0.8270767524290096,1,1.3882682605992378
2025-07-01,2025-09-22,RTX,sim,0.6457073940404844,1,0.0080286903148079
2025-07-01,2025-09-22,VRT,sim,0.661502164852436,1,0.1564226636185239
2025-07-01,2025-09-23,CAT,sim,0.6648545371976258,1,0.1132920543692861
2025-07-01,2025-09-23,CRWD,sim,0.5859732317147249,1,0.0410039368999122
2025-07-01,2025-09-23,GLD,sim,0.6148520969231389,1,0.0888414233632739
2025-07-01,2025-09-23,MPWR,sim,0.6410638213908523,1,0.1251271746531903
2025-07-01,2025-09-23,MRK,sim,0.6293893724659542,1,0.0957979458456104
2025-07-01,2025-09-23,NFLX,sim,0.5977284773868737,1,0.0187776638888768
2025-07-01,2025-09-23,PLTR,sim,0.5601783889823541,0,-0.0056971160095078
2025-07-01,2025-09-23,VRT,sim,0.6529275028610737,1,0.225720512612281
2025-07-01,2025-09-24,AMAT,sim,0.5159634829581029,1,0.0949165750866638
2025-07-01,2025-09-24,CAT,sim,0.5283961574597503,1,0.0939142250731597
2025-07-01,2025-09-24,COST,sim,0.5169461316310541,0,-0.0006241886902975
2025-07-01,2025-09-24,CRWD,sim,0.4898160050914605,1,0.0499233712964848
2025-07-01,2025-09-24,LLY,sim,0.48740801496009684,1,0.0951405532285651
2025-07-01,2025-09-24,PLTR,sim,0.460415981332538,0,-0.0226664742747146
2025-07-01,2025-09-24,RTX,sim,0.5185103533513363,1,0.1028627484351658
2025-07-01,2025-09-24,TSLA,sim,0.44318479825614915,0,-0.0086271308080593
2025-07-01,2025-09-24,TSM,sim,0.5009448539021896,1,0.0291048187682405
2025-07-01,2025-09-24,VRT,sim,0.49032367703063345,1,0.2116226680837236
2025-07-01,2025-09-25,AMAT,sim,0.5100241846588418,1,0.1446392496712403
2025-07-01,2025-09-25,ANET,sim,0.48365031493410143,1,0.0678036985445167
2025-07-01,2025-09-25,ASML,sim,0.5274150630704008,1,0.0914749591947305
2025-07-01,2025-09-25,CAT,sim,0.5222451097448481,1,0.1224445756702932
2025-07-01,2025-09-25,CRWD,sim,0.48584473945122364,1,0.1033418260992802
2025-07-01,2025-09-25,MU,sim,0.5030617716714468,1,0.3180514206493843
2025-07-01,2025-09-25,SHOP,sim,0.4858111812866148,1,0.1643778482585993
2025-07-01,2025-09-25,TSM,sim,0.49591951940826284,1,0.0508566729486592
2025-07-01,2025-09-26,ANET,sim,0.4966697352711668,1,0.0794386478892543
2025-07-01,2025-09-26,ASML,sim,0.5314413822866293,1,0.0857364578570574
2025-07-01,2025-09-26,CAT,sim,0.5272612582451326,1,0.1223161488934887
2025-07-01,2025-09-26,GOOG,sim,0.5496863201065764,1,0.053928382089275
2025-07-01,2025-09-26,MU,sim,0.5081555609268521,1,0.392636855868725
2025-07-01,2025-09-26,NVO,sim,0.41562739519682124,0,-0.0476533266821367
2025-07-01,2025-09-26,PLTR,sim,0.45935892628049674,1,0.0397589529052795
2025-07-01,2025-09-26,SHOP,sim,0.4975599981773054,1,0.2331550584544897
2025-07-01,2025-09-26,TSM,sim,0.5002850885387458,1,0.0790167078613803
2025-07-01,2025-09-26,VRT,sim,0.49002920369791886,1,0.3422305880280916
2025-07-01,2025-09-29,AMAT,sim,0.5185744277484453,1,0.1287143463069895
2025-07-01,2025-09-29,ANET,sim,0.4958756957183845,1,0.0937434811964712
2025-07-01,2025-09-29,CAT,sim,0.5309291161598247,1,0.1175972173941852
2025-07-01,2025-09-29,COST,sim,0.5151185653197464,1,0.0141568385244092
2025-07-01,2025-09-29,CRWD,sim,0.4814635796870724,1,0.0844508116882103
2025-07-01,2025-09-29,GOOG,sim,0.5551367488149885,1,0.1046406613257575
2025-07-01,2025-09-29,LLY,sim,0.5002976365062922,1,0.1375066579070731
2025-07-01,2025-09-29,PLTR,sim,0.46287478874652394,1,0.0576987142469707
2025-07-01,2025-09-29,SHOP,sim,0.4893396678933203,1,0.1748993124737836
2025-07-01,2025-09-29,TSM,sim,0.5037953322546962,1,0.0915711598566815
2025-07-01,2025-09-29,VRT,sim,0.5052124512101569,1,0.3460330554929725
2025-07-01,2025-09-30,ANET,sim,0.48844926146605505,1,0.0759041730079144
2025-07-01,2025-09-30,CAT,sim,0.5283961574597503,1,0.0991721207417777
2025-07-01,2025-09-30,COST,sim,0.5111949895709024,0,-0.0015881418391006
2025-07-01,2025-09-30,CRWD,sim,0.47719921405288707,1,0.1153391186333343
2025-07-01,2025-09-30,GOOG,sim,0.5343191158070675,1,0.1021555709803709
2025-07-01,2025-09-30,PLTR,sim,0.45923447027032976,1,0.039359763220262
2025-07-01,2025-09-30,SHOP,sim,0.48528217508114463,1,0.2042258662194067
2025-07-01,2025-09-30,TSLA,sim,0.4613782195414286,1,0.0355954005414962
2025-07-01,2025-09-30,TSM,sim,0.5023448639012131,1,0.0796304542015073
2025-07-01,2025-09-30,VRT,sim,0.5058983793327652,1,0.2632242247992036
2025-10-01,2025-10-01,AMAT,sim,0.6744635151565711,1,0.0827133005073859
2025-10-01,2025-10-01,CAT,sim,0.6739639518112617,1,0.2176905730122351
2025-10-01,2025-10-01,COST,sim,0.6659312426715214,0,-0.0053633808634491
2025-10-01,2025-10-01,CRWD,sim,0.6719770004101993,1,0.091087305630962
2025-10-01,2025-10-01,GLD,sim,0.6698568173228437,1,0.019577005433814
2025-10-01,2025-10-01,GOOG,sim,0.664944568165664,1,0.1206728881313974
2025-10-01,2025-10-01,MPWR,sim,0.6777740429502365,1,0.1945799752012813
2025-10-01,2025-10-01,NFLX,sim,0.6598215198678391,0,-0.0602015218391344
2025-10-01,2025-10-01,PLTR,sim,0.6716056523060394,1,0.0749391772860113
2025-10-01,2025-10-01,SHOP,sim,0.6699994492350315,1,0.1968308199571118
2025-10-01,2025-10-01,TSM,sim,0.6682064033195881,1,0.0576142928098504
2025-10-01,2025-10-02,CAT,sim,0.680806874178811,1,0.1887192769790702
2025-10-01,2025-10-02,COST,sim,0.6782144058410189,1,0.003719551328996
2025-10-01,2025-10-02,CRWD,sim,0.6755486784971314,1,0.0842995288080907
2025-10-01,2025-10-02,GE,sim,0.6747349673064722,1,0.0377358067534698
2025-10-01,2025-10-02,GLD,sim,0.68046156561517,1,0.0432368329672065
2025-10-01,2025-10-02,NFLX,sim,0.6669122270815916,0,-0.0632499542412203
2025-10-01,2025-10-02,PLTR,sim,0.6728510196028792,1,0.0400962303001124
2025-10-01,2025-10-02,TSM,sim,0.6818732984764542,1,0.0524453043538315
2025-10-01,2025-10-03,AMAT,sim,0.6668045722443089,1,0.0715763683703041
2025-10-01,2025-10-03,CAT,sim,0.6804691963981248,1,0.1595058806639806
2025-10-01,2025-10-03,COST,sim,0.664260718583578,0,-0.0042932909336209
2025-10-01,2025-10-03,CRWD,sim,0.6642430962208561,1,0.1084551407553817
2025-10-01,2025-10-03,GE,sim,0.6643572910623311,1,0.0402357313368055
2025-10-01,2025-10-03,GLD,sim,0.6696205743723234,1,0.0293031541200776
2025-10-01,2025-10-03,MPWR,sim,0.6716418486330415,1,0.0937822897678912
2025-10-01,2025-10-03,NFLX,sim,0.6622566557956007,0,-0.029878950539519
2025-10-01,2025-10-03,PLTR,sim,0.6721392255683848,1,0.1583174018427982
2025-10-01,2025-10-03,TSM,sim,0.6678862401058356,1,0.0282007945704008
2025-10-01,2025-10-03,VRT,sim,0.6748707443009289,1,0.2038701890403984
2025-10-01,2025-10-06,AMAT,sim,0.6809322534870407,1,0.0616319182977758
2025-10-01,2025-10-06,CAT,sim,0.6817857430085459,1,0.1518228859286479
2025-10-01,2025-10-06,COST,sim,0.6697975755913665,1,0.0187717912706741
2025-10-01,2025-10-06,CRWD,sim,0.6799762693911255,1,0.1128540565087448
2025-10-01,2025-10-06,GLD,sim,0.6778494700933143,1,0.0120752890870052
2025-10-01,2025-10-06,MPWR,sim,0.6800357415364238,1,0.0370106579830846
2025-10-01,2025-10-06,NFLX,sim,0.6706724189266546,0,-0.0543449168883225
2025-10-01,2025-10-06,PLTR,sim,0.6877838169472903,1,0.1540132238873102
2025-10-01,2025-10-06,VRT,sim,0.6843127090376594,1,0.1756756161462354
2025-10-01,2025-10-07,CAT,sim,0.7020467283689303,1,0.1250642614769164
2025-10-01,2025-10-07,GLD,sim,0.6897988355747586,0,-0.0107573918428264
2025-10-01,2025-10-07,GOOG,sim,0.6854488973233914,1,0.1251567679547778
2025-10-01,2025-10-07,NFLX,sim,0.6777013750989295,0,-0.0823636505024321
2025-10-01,2025-10-07,PLTR,sim,0.6823274380073521,1,0.0470440105964697
2025-10-01,2025-10-07,TSM,sim,0.6904713420362482,1,6.798290567244791e-05
2025-10-01,2025-10-07,VRT,sim,0.697153700815977,1,0.1381633592349533
2025-10-01,2025-10-08,AMAT,sim,0.6035811166442178,1,0.1074893359995818
2025-10-01,2025-10-08,ANET,sim,0.5895122072795732,0,-0.1076512606488379
2025-10-01,2025-10-08,CAT,sim,0.5984835325594559,1,0.1334940451459838
2025-10-01,2025-10-08,CRWD,sim,0.602305816762272,1,0.0474360267915543
2025-10-01,2025-10-08,MU,sim,0.6213778604662298,1,0.2084054549357572
2025-10-01,2025-10-08,PLTR,sim,0.5980785149033777,1,0.023643475678873
2025-10-01,2025-10-08,TSM,sim,0.5935927650635291,0,-0.0357282764933565
2025-10-01,2025-10-08,VRT,sim,0.6091316854920461,1,0.1393834457549974
2025-10-01,2025-10-09,ANET,sim,0.5942102645142225,0,-0.1530050692585876
2025-10-01,2025-10-09,CAT,sim,0.5938028942711857,1,0.1387401990119905
2025-10-01,2025-10-09,COST,sim,0.5690793896845082,0,-0.0204795864401996
2025-10-01,2025-10-09,CRWD,sim,0.595520593427267,1,0.0459411435667029
2025-10-01,2025-10-09,GOOG,sim,0.5972248689985543,1,0.178068570366602
2025-10-01,2025-10-09,PLTR,sim,0.592715575324781,0,-0.0561815824681311
2025-10-01,2025-10-09,RTX,sim,0.5835038335045978,1,0.0796646566236018
2025-10-01,2025-10-09,TSLA,sim,0.5885968645757513,1,0.0238095121314623
2025-10-01,2025-10-09,TSM,sim,0.5866460250161385,0,-0.035480907280215
2025-10-01,2025-10-10,AMAT,sim,0.6836902860270783,1,0.0958323918477437
2025-10-01,2025-10-10,AMZN,sim,0.6825175859217218,1,0.1295928695184154
2025-10-01,2025-10-10,CAT,sim,0.6999437521039958,1,0.1461428650049649
2025-10-01,2025-10-10,CRWD,sim,0.6851974150803416,1,0.0934853817488365
2025-10-01,2025-10-10,GLD,sim,0.6968544337867031,0,-0.0021944017373987
2025-10-01,2025-10-10,GOOG,sim,0.6994149658090671,1,0.1777338234769723
2025-10-01,2025-10-10,MPWR,sim,0.6765061729738678,1,0.0595064428584972
2025-10-01,2025-10-10,SHOP,sim,0.6842325215165476,1,0.0092040746280253
2025-10-01,2025-10-13,AMZN,sim,0.6811710366980903,1,0.1287317018648905
2025-10-01,2025-10-13,CRWD,sim,0.6815599179167898,1,0.0961838055764829
2025-10-01,2025-10-13,GOOG,sim,0.6949783764122703,1,0.1878269991125027
2025-10-01,2025-10-13,MPWR,sim,0.6645750324708599,0,-0.0054600685004881
2025-10-01,2025-10-13,PLTR,sim,0.6801369269423062,1,0.0925455294574006
2025-10-01,2025-10-13,RTX,sim,0.6910795769541143,1,0.1270380352559181
2025-10-01,2025-10-13,SHOP,sim,0.6848011032727823,1,0.0339711121716594
2025-10-01,2025-10-14,AMZN,sim,0.6733594628836582,1,0.1511622847919465
2025-10-01,2025-10-14,CRWD,sim,0.6749500686563024,1,0.1386468231047788
2025-10-01,2025-10-14,GOOG,sim,0.6777905119579107,1,0.1850196488129518
2025-10-01,2025-10-14,MRK,sim,0.667554480099818,1,0.0737898491757822
2025-10-01,2025-10-14,PLTR,sim,0.6800650932460436,1,0.0624235054957191
2025-10-01,2025-10-14,RTX,sim,0.7003658366383987,1,0.1243413305090213
2025-10-01,2025-10-14,SHOP,sim,0.6773196867715159,1,0.0396389152606251
2025-10-01,2025-10-15,AMAT,sim,0.6146373686292134,1,0.0138412596499704
2025-10-01,2025-10-15,ANET,sim,0.6070588000089411,0,-0.0585856386470271
2025-10-01,2025-10-15,CRWD,sim,0.6087302315695169,1,0.1162324600524693
2025-10-01,2025-10-15,GOOG,sim,0.6019139285602895,1,0.1419092805576021
2025-10-01,2025-10-15,MU,sim,0.6219633187732798,1,0.2759195101669611
2025-10-01,2025-10-15,RTX,sim,0.5963965966223824,1,0.1317834550408041
2025-10-01,2025-10-15,SHOP,sim,0.5997456520765203,1,0.0024325562236193
2025-10-01,2025-10-16,AMAT,sim,0.6875189020196899,0,-0.0197172205739293
2025-10-01,2025-10-16,AMZN,sim,0.6793159877922783,1,0.1077540004607446
2025-10-01,2025-10-16,COST,sim,0.6808201715328178,0,-0.000583369017731
2025-10-01,2025-10-16,CRWD,sim,0.6929921873860241,1,0.0986044361139832
2025-10-01,2025-10-16,MRK,sim,0.6840293185366566,1,0.1073641841375139
2025-10-01,2025-10-16,PLTR,sim,0.6716576372301277,0,-0.0335728491548898
2025-10-01,2025-10-16,RTX,sim,0.7004269644790985,1,0.1076727369214789
2025-10-01,2025-10-17,CRWD,sim,0.6819105070334484,1,0.1091509224444211
2025-10-01,2025-10-17,GLD,sim,0.6765614987606257,0,-0.0334970027672074
2025-10-01,2025-10-17,JPM,sim,0.6782270890895775,1,0.0203319930185756
2025-10-01,2025-10-17,MPWR,sim,0.6830607387956282,0,-0.0840690986116439
2025-10-01,2025-10-17,NFLX,sim,0.6689479945167018,0,-0.0726970580813245
2025-10-01,2025-10-17,RTX,sim,0.6891011441868323,1,0.1115543571789392
2025-10-01,2025-10-17,SHOP,sim,0.6863340194702194,0,-0.0742900711764115
2025-10-01,2025-10-17,TSM,sim,0.6798908928889361,0,-0.0347701630572434
2025-10-01,2025-10-17,WDC,sim,0.7257496877630032,1,0.2506339591734281
2025-10-01,2025-10-20,AMZN,sim,0.6631974417004438,1,0.0757113807886287
2025-10-01,2025-10-20,CAT,sim,0.6787925133016769,1,0.0392898742515817
2025-10-01,2025-10-20,CRWD,sim,0.6794397899465061,1,0.051964902814712
2025-10-01,2025-10-20,MPWR,sim,0.6855730499770823,0,-0.1304587680316089
2025-10-01,2025-10-20,NVDA,sim,0.668561511065553,1,0.0216820342044505
2025-10-01,2025-10-20,PLTR,sim,0.6575946088077012,0,-0.0569414425156474
2025-10-01,2025-10-20,RTX,sim,0.6739237011037444,1,0.0928380159644279
2025-10-01,2025-10-20,SHOP,sim,0.6785213534349788,0,-0.1504463179406796
2025-10-01,2025-10-20,TSM,sim,0.6751062654336368,0,-0.0527040705342493
2025-10-01,2025-10-20,VRT,sim,0.6953150081299019,0,-0.0516701875138766
2025-10-01,2025-10-21,AMZN,sim,0.6750635806547348,1,0.0023420451079578
2025-10-01,2025-10-21,CAT,sim,0.6885793274491036,1,0.0423710653469935
2025-10-01,2025-10-21,CRWD,sim,0.6841337903470316,1,0.0192875691391627
2025-10-01,2025-10-21,JPM,sim,0.6949980408496484,1,0.007809106172596
2025-10-01,2025-10-21,PLTR,sim,0.6783288256249982,0,-0.0781223795103316
2025-10-01,2025-10-21,SHOP,sim,0.6805636435314623,0,-0.136436316556077
2025-10-01,2025-10-21,TSM,sim,0.6825116688323217,0,-0.0563648281996463
2025-10-01,2025-10-22,AMZN,sim,0.6888285936850843,1,0.0217481328723747
2025-10-01,2025-10-22,CAT,sim,0.6939607155643086,1,0.0762779752398514
2025-10-01,2025-10-22,COST,sim,0.6748058091013579,0,-0.0572469169550882
2025-10-01,2025-10-22,CRWD,sim,0.6799347861780458,1,0.0409510749710573
2025-10-01,2025-10-22,GOOG,sim,0.6773651486372015,1,0.1602185548277725
2025-10-01,2025-10-22,JPM,sim,0.6992031780547423,1,0.031144823767748
2025-10-01,2025-10-22,MPWR,sim,0.6909781725583028,0,-0.1165867756677083
2025-10-01,2025-10-22,PLTR,sim,0.6866434570593759,0,-0.0573822269588509
2025-10-01,2025-10-23,AMZN,sim,0.6804894854712737,0,-0.0178660139023451
2025-10-01,2025-10-23,CAT,sim,0.691771182798621,1,0.0492411236941643
2025-10-01,2025-10-23,GOOG,sim,0.687962938005286,1,0.1428684659645647
2025-10-01,2025-10-23,JPM,sim,0.7020309661686591,1,0.0130372656565771
2025-10-01,2025-10-23,MPWR,sim,0.6941398016444105,0,-0.1994863995575008
2025-10-01,2025-10-23,NFLX,sim,0.6751715554506349,0,-0.0510870511721427
2025-10-01,2025-10-23,PLTR,sim,0.706524711077664,0,-0.1370512034347156
2025-10-01,2025-10-23,SHOP,sim,0.6853286930634628,0,-0.1345267400162865
2025-10-01,2025-10-24,AMAT,sim,0.6779397451413516,0,-0.0207213354892418
2025-10-01,2025-10-24,AMZN,sim,0.6665256443922998,0,-0.0156995859553811
2025-10-01,2025-10-24,CAT,sim,0.6797396691655458,1,0.0529910532053119
2025-10-01,2025-10-24,CRWD,sim,0.6691038711635591,0,-0.069502376900997
2025-10-01,2025-10-24,GOOG,sim,0.6839521478629944,1,0.1502436860912666
2025-10-01,2025-10-24,JPM,sim,0.6842078525516074,0,-0.0080548975105482
2025-10-01,2025-10-24,MPWR,sim,0.6835470642079656,0,-0.1884437321755329
2025-10-01,2025-10-24,NFLX,sim,0.6638045372878498,0,-0.0471275349917248
2025-10-01,2025-10-24,PLTR,sim,0.6822862934887418,0,-0.1612955532238581
2025-10-01,2025-10-24,TSM,sim,0.6682806992009247,0,-0.0674667564177601
2025-10-01,2025-10-24,VRT,sim,0.6961339129041081,0,-0.1409760081248993
2025-10-01,2025-10-27,AMZN,sim,0.6769101157953898,0,-0.0030400600858934
2025-10-01,2025-10-27,CAT,sim,0.6757205815561672,1,0.0617184962332877
2025-10-01,2025-10-27,CRWD,sim,0.6680889574012664,0,-0.0431942691250494
2025-10-01,2025-10-27,GLD,sim,0.6702502055378896,1,0.0359390809254207
2025-10-01,2025-10-27,GOOG,sim,0.6855396427874806,1,0.1798244354536189
2025-10-01,2025-10-27,JPM,sim,0.6709632739738483,0,-0.0202202663813877
2025-10-01,2025-10-27,MPWR,sim,0.6779689687675333,0,-0.1919189799139913
2025-10-01,2025-10-27,NFLX,sim,0.6698871039185459,0,-0.02271232305149
2025-10-01,2025-10-27,PLTR,sim,0.6800357155039463,0,-0.1423511667110283
2025-10-01,2025-10-27,RTX,sim,0.6745133363940857,0,-0.0336420363450995
2025-10-01,2025-10-27,TSM,sim,0.6680057162535091,0,-0.0456328092256915
2025-10-01,2025-10-29,AMAT,sim,0.7184270505367796,1,0.0603181387940747
2025-10-01,2025-10-29,AMZN,sim,0.6923963836298709,0,-0.0049500624165959
2025-10-01,2025-10-29,CRWD,sim,0.6936235579555374,0,-0.0805866021174668
2025-10-01,2025-10-29,GLD,sim,0.6933913219172505,1,0.0554269837939049
2025-10-01,2025-10-29,GOOG,sim,0.7039531583403607,1,0.1639349607525797
2025-10-01,2025-10-29,JPM,sim,0.6950082811388426,1,0.0069719643046934
2025-10-01,2025-10-30,AMZN,sim,0.7009131823838475,1,0.0464865861167478
2025-10-01,2025-10-30,COST,sim,0.6930644041452974,0,-0.0071616051998149
2025-10-01,2025-10-30,CRWD,sim,0.6973686093092675,0,-0.0548006040971328
2025-10-01,2025-10-30,GLD,sim,0.6913039937137063,1,0.0479561228915226
2025-10-01,2025-10-30,MRK,sim,0.6905785608691052,1,0.2149977203779114
2025-10-01,2025-10-30,NFLX,sim,0.703149900819156,0,-0.012121209149024
2025-10-01,2025-10-31,GLD,sim,0.7021175921418322,1,0.0587580277347521
2025-10-01,2025-10-31,GOOG,sim,0.7379971165952334,1,0.1181604816107286
2025-10-01,2025-10-31,MPWR,sim,0.7055171578562018,0,-0.0762686810090174
2025-10-01,2025-10-31,MRK,sim,0.694464897897973,1,0.18434517161301
2025-10-01,2025-10-31,NFLX,sim,0.6997702735962376,0,-0.0246322533150422
2025-10-01,2025-11-03,COST,sim,0.7087427339186013,0,-0.0064759588732843
2025-10-01,2025-11-03,GLD,sim,0.7089258840940835,1,0.0500569215146775
2025-10-01,2025-11-04,CRWD,sim,0.7026752728226862,0,-0.0182611633055147
2025-10-01,2025-11-04,GLD,sim,0.702272781571876,1,0.0677853749782479
2025-10-01,2025-11-04,PLTR,sim,0.7163927198480488,0,-0.0768585678930096
2025-10-01,2025-11-04,SPOT,sim,0.7147057551624484,0,-0.1150412888888285
2025-10-01,2025-11-05,CRWD,sim,0.6992219285660165,0,-0.039353014106395
2025-10-01,2025-11-05,GLD,sim,0.6927940548094784,1,0.0562603873503304
2025-10-01,2025-11-05,GOOG,sim,0.7032665130915654,1,0.1181387696169886
2025-10-01,2025-11-05,NFLX,sim,0.7016996827833838,0,-0.0603208074047758
2025-10-01,2025-11-05,PLTR,sim,0.709539781568418,0,-0.0531133371565574
2025-10-01,2025-11-05,SPOT,sim,0.682353762388418,0,-0.0952097246723789
2025-10-01,2025-11-06,NFLX,sim,0.706438655664885,0,-0.0862518943607564
2025-10-01,2025-11-06,PLTR,sim,0.7233738649184329,1,0.0383318556875098
2025-10-01,2025-11-06,SHOP,sim,0.7133713796501182,1,0.0322332501180955
2025-10-01,2025-11-07,AMAT,sim,0.7105163243956646,1,0.1655582871530643
2025-10-01,2025-11-07,COST,sim,0.6945489772515475,0,-0.0381689003141385
2025-10-01,2025-11-07,GLD,sim,0.6918094398178065,1,0.0464554749601078
2025-10-01,2025-11-07,MPWR,sim,0.6905032403756252,1,0.0264228988647994
2025-10-01,2025-11-07,MRK,sim,0.6839786141413244,1,0.146615689671455
2025-10-01,2025-11-07,NFLX,sim,0.6882496569353466,0,-0.1230088680324725
2025-10-01,2025-11-07,SPOT,sim,0.6895720857667399,0,-0.0722309567009611
2025-10-01,2025-11-10,COST,sim,0.6794911450271427,0,-0.029621210176837
2025-10-01,2025-11-10,GLD,sim,0.6930900408410351,1,0.0238384399209081
2025-10-01,2025-11-10,LMT,sim,0.6896199083492061,1,0.0327140197860016
2025-10-01,2025-11-10,SPOT,sim,0.6932673569628818,0,-0.0533928533810956
2025-10-01,2025-11-10,VRT,sim,0.6934054553597643,0,-0.0503619657128894
2025-10-01,2025-11-11,COST,sim,0.6968129534673078,0,-0.0431685519000537
2025-10-01,2025-11-11,GLD,sim,0.6980308796744118,1,0.024166143137863
2025-10-01,2025-11-11,MRK,sim,0.7106038510759651,1,0.0733370645645608
2025-10-01,2025-11-11,NFLX,sim,0.6896785833549163,0,-0.1842068092032343
2025-10-01,2025-11-11,TSM,sim,0.6974220984465775,1,0.0651509439360975
2025-10-01,2025-11-11,VRT,sim,0.7062336898675601,1,0.0154705625537476
2025-10-01,2025-11-12,COST,sim,0.6925463592626571,0,-0.0322976143667943
2025-10-01,2025-11-12,GLD,sim,0.691334376217239,1,0.0187828704977499
2025-10-01,2025-11-12,GOOG,sim,0.7123536570793748,1,0.0913962363032947
2025-10-01,2025-11-12,MRK,sim,0.7116028990000622,1,0.0826681841473107
2025-10-01,2025-11-12,NFLX,sim,0.6929129230152532,0,-0.1871274614437095
2025-10-01,2025-11-12,TSM,sim,0.6944516878941527,1,0.0489643218822233
2025-10-01,2025-11-13,CMG,sim,0.6061307627359058,1,0.151688985219385
2025-10-01,2025-11-13,GLD,sim,0.5875068670690504,1,0.0328310065675723
2025-10-01,2025-11-13,GOOG,sim,0.5822308575919714,1,0.1124963974125221
2025-10-01,2025-11-13,MRK,sim,0.5887227053520061,1,0.0793070345677331
2025-10-01,2025-11-13,PGR,sim,0.5894865306178481,1,0.052431156294177
2025-10-01,2025-11-14,CMG,sim,0.6008057659170128,1,0.1384225205615448
2025-10-01,2025-11-14,DELL,sim,0.5697726627917238,0,-0.0242972498016506
2025-10-01,2025-11-14,GOOG,sim,0.5770732841731359,1,0.1167593149510235
2025-10-01,2025-11-14,MRK,sim,0.5840837088970998,1,0.0789927261291989
2025-10-01,2025-11-14,PGR,sim,0.5833932479804486,1,0.0496492064047071
2025-10-01,2025-11-14,VRT,sim,0.55784023018925,0,-0.0539860540541505
2025-10-01,2025-11-20,GLD,sim,0.601040711196745,1,0.0644790783422895
2025-10-01,2025-11-21,GLD,sim,0.610072254491732,1,0.0907366953523374
2025-10-01,2025-11-24,AMZN,sim,0.681517562409272,1,0.0258971214511414
2025-10-01,2025-11-24,CAT,sim,0.6922921998877893,1,0.0407791428159458
2025-10-01,2025-11-24,COST,sim,0.6860206130889894,0,-0.0353564046206862
2025-10-01,2025-11-24,CRWD,sim,0.6942043587981215,0,-0.0552069977151257
2025-10-01,2025-11-24,GLD,sim,0.685091263802538,1,0.0879537121718898
2025-10-01,2025-11-24,NFLX,sim,0.682996662162718,0,-0.1259231659997038
2025-10-01,2025-11-24,PLTR,sim,0.6747036328029512,1,0.1964869330219569
2025-10-01,2025-11-24,SHOP,sim,0.681561291140435,1,0.0915588271472243
2025-10-01,2025-11-25,AMZN,sim,0.670431039195666,1,0.0117995677949791
2025-10-01,2025-11-25,CAT,sim,0.6813703455404676,1,0.0302677765260728
2025-10-01,2025-11-25,CRWD,sim,0.684000612979858,0,-0.068763008270374
2025-10-01,2025-11-25,GE,sim,0.6726511013290187,1,0.0794370139199009
2025-10-01,2025-11-25,GLD,sim,0.668894492985246,1,0.0837981667773499
2025-10-01,2025-11-25,NFLX,sim,0.6688511569891007,0,-0.1030651530552253
2025-10-01,2025-11-25,NVTS,sim,0.72387849927686,0,-0.0460771977413475
2025-10-01,2025-11-25,PLTR,sim,0.6529856494040496,1,0.1872209999745298
2025-10-01,2025-11-25,SHOP,sim,0.6661712313808468,1,0.0767617856381019
2025-10-01,2025-11-25,TSM,sim,0.6681495922501661,1,0.0495995344965061
2025-10-01,2025-11-25,VRT,sim,0.683742272349874,0,-0.0159226991237242
2025-10-01,2025-11-26,AMAT,sim,0.6678587877882811,1,0.0477256975537958
2025-10-01,2025-11-26,CAT,sim,0.6707575437651245,1,0.0161574605595409
2025-10-01,2025-11-26,COST,sim,0.6644848912886663,0,-0.0384361678421755
2025-10-01,2025-11-26,CRWD,sim,0.6764849559195076,0,-0.0405750403892113
2025-10-01,2025-11-26,GE,sim,0.6624900765166762,1,0.062436854683155
2025-10-01,2025-11-26,GLD,sim,0.6595582423538829,1,0.0877531727544105
2025-10-01,2025-11-26,MPWR,sim,0.6551253956659474,1,0.0231039459810333
2025-10-01,2025-11-26,NFLX,sim,0.6586148697482388,0,-0.1099491071796958
2025-10-01,2025-11-26,NVTS,sim,0.7295012745830909,0,-0.1127098369331298
2025-10-01,2025-11-26,PLTR,sim,0.6452031546120565,1,0.1383845198176014
2025-10-01,2025-11-26,SHOP,sim,0.6609421999963465,1,0.0721099896902142
2025-10-01,2025-11-26,TSM,sim,0.6653684887905753,1,0.0444199381375962
2025-10-01,2025-11-26,VRT,sim,0.6740752965224455,0,-0.0258109657663638
2025-10-01,2025-11-28,AMAT,sim,0.6691646091488483,1,0.0428146195955154
2025-10-01,2025-11-28,CAT,sim,0.6729037545935723,1,0.0049499366708321
2025-10-01,2025-11-28,COST,sim,0.6612622336997019,0,-0.0500771666230521
2025-10-01,2025-11-28,CRWD,sim,0.6717435596844556,0,-0.0653036368938073
2025-10-01,2025-11-28,GE,sim,0.6606103855537344,1,0.0439938811465896
2025-10-01,2025-11-28,GLD,sim,0.6587378570995668,1,0.0276374164322852
2025-10-01,2025-11-28,GOOG,sim,0.6665433563289961,0,-0.0178994769341177
2025-10-01,2025-11-28,MPWR,sim,0.6602789393278468,1,0.0020147119079678
2025-10-01,2025-11-28,MRK,sim,0.6660839716235765,1,0.0170752731494951
2025-10-01,2025-11-28,NVTS,sim,0.6410137337098275,0,-0.1750571822698627
2025-10-01,2025-11-28,PLTR,sim,0.6493548692921655,1,0.093380801499048
2025-10-01,2025-11-28,SHOP,sim,0.6593016788213372,1,0.0582451180579555
2025-10-01,2025-11-28,TSM,sim,0.6640741304391129,1,0.0322802077008437
2025-10-01,2025-12-01,CAT,sim,0.6785996785481252,1,0.0164243515296662
2025-10-01,2025-12-01,COST,sim,0.667906113500836,0,-0.0507807320965899
2025-10-01,2025-12-01,CRWD,sim,0.6804120677547244,0,-0.0565330365658853
2025-10-01,2025-12-01,GE,sim,0.6675989340062447,1,0.0809152204893604
2025-10-01,2025-12-01,GLD,sim,0.6694138385256752,1,0.0234509676675753
2025-10-01,2025-12-01,NFLX,sim,0.6726041951065658,0,-0.1406579204659545
2025-10-01,2025-12-01,NVTS,sim,0.6471353061467807,0,-0.1277108909949132
2025-10-01,2025-12-01,PLTR,sim,0.675701960334609,1,0.0797061938437362
2025-10-01,2025-12-01,RTX,sim,0.6892815990458985,1,0.095167181453261
2025-10-01,2025-12-01,SHOP,sim,0.6712396913999198,1,0.0968649975355746
2025-10-01,2025-12-01,TSM,sim,0.6669156237827565,1,0.0413653858434841
2025-10-01,2025-12-02,AMZN,sim,0.6603168909820685,0,-0.0153570125110745
2025-10-01,2025-12-02,CAT,sim,0.6789550591993675,0,-0.016481494443995
2025-10-01,2025-12-02,CRWD,sim,0.6806023963430154,0,-0.092517624928292
2025-10-01,2025-12-02,GLD,sim,0.6569816371496616,1,0.0234221866360682
2025-10-01,2025-12-02,LMT,sim,0.6772572354226352,1,0.0947218446646871
2025-10-01,2025-12-02,MPWR,sim,0.6747913001783451,0,-0.048121161625605
2025-10-01,2025-12-02,NFLX,sim,0.6671459014753415,0,-0.1425696987236828
2025-10-01,2025-12-02,PGR,sim,0.6578269219031512,0,-0.0045462201045023
2025-10-01,2025-12-02,PLTR,sim,0.6634867479578548,1,0.0413615177082047
2025-10-01,2025-12-02,RTX,sim,0.6773291502427337,1,0.0864928351941431
2025-10-01,2025-12-02,SHOP,sim,0.6649399400707131,1,0.0263980063846984
2025-10-01,2025-12-02,SPOT,sim,0.6637890223119518,1,0.0067963107797386
2025-10-01,2025-12-02,TSLA,sim,0.6640818324139618,1,0.0477122622595009
2025-10-01,2025-12-03,ANET,sim,0.5895878191798857,1,0.045383434376045
2025-10-01,2025-12-03,ASML,sim,0.5901936523461945,1,0.020036448191858
2025-10-01,2025-12-03,CAT,sim,0.5828817975711329,1,0.0116992392507171
2025-10-01,2025-12-03,MU,sim,0.631455594512604,1,0.3470277096633565
2025-10-01,2025-12-03,NVO,sim,0.5978326678157336,1,0.1013243583297447
2025-10-01,2025-12-03,PLTR,sim,0.582537657634325,0,-0.04668333220822
2025-10-01,2025-12-03,RTX,sim,0.5816860485626842,1,0.1116058378887017
2025-10-01,2025-12-03,SHOP,sim,0.5944665613108432,0,-0.0175000190734863
2025-10-01,2025-12-03,SPOT,sim,0.5952546948878783,1,0.0320010367333785
2025-10-01,2025-12-03,TSM,sim,0.5808584483317004,1,0.0817734714717208
2025-10-01,2025-12-04,ANET,sim,0.5909086544371502,1,0.067211195523424
2025-10-01,2025-12-04,ASML,sim,0.6002812608626681,1,0.1063977281162114
2025-10-01,2025-12-04,CMG,sim,0.618509599414619,1,0.1200585151076527
2025-10-01,2025-12-04,MU,sim,0.6289512538862757,1,0.377233630277747
2025-10-01,2025-12-04,PLTR,sim,0.5863045279398574,0,-0.0218075816251314
2025-10-01,2025-12-04,RTX,sim,0.5832885881825718,1,0.0989434194723206
2025-10-01,2025-12-04,SHOP,sim,0.5965773791486669,1,0.0240281511548019
2025-10-01,2025-12-04,SPOT,sim,0.6001181427471601,1,0.0577928331968944
2025-10-01,2025-12-04,TSM,sim,0.5872171589940725,1,0.1000921996972517
2025-10-01,2025-12-05,COST,sim,0.6740052055432517,0,-0.0062368859653999
2025-10-01,2025-12-05,GE,sim,0.6769248332080172,1,0.1535535878306295
2025-10-01,2025-12-05,GLD,sim,0.6723421397972884,1,0.0691957097232174
2025-10-01,2025-12-05,GOOG,sim,0.6836699348009431,0,-0.0234096328065153
2025-10-01,2025-12-05,NFLX,sim,0.6860098925378586,0,-0.095670356566885
2025-10-01,2025-12-05,PLTR,sim,0.6759440686377494,0,-0.0112785423356274
2025-10-01,2025-12-05,RTX,sim,0.6811790742293492,1,0.1127994570689392
2025-10-01,2025-12-05,SHOP,sim,0.6822701540465614,1,0.0457536319431965
2025-10-01,2025-12-05,SPOT,sim,0.6766659408142441,1,0.0115058504315073
2025-10-01,2025-12-05,VRT,sim,0.6857475460099522,0,-0.0744366046248612
2025-10-01,2025-12-08,ANET,sim,0.5772766811690531,1,0.0075129828527422
2025-10-01,2025-12-08,ASML,sim,0.5949881201929799,1,0.0971519215044971
2025-10-01,2025-12-08,CMG,sim,0.6172119093283822,1,0.1565009885752031
2025-10-01,2025-12-08,JPM,sim,0.5654386830319983,1,0.0373719079300685
2025-10-01,2025-12-08,MU,sim,0.6346304496158338,1,0.3751417070748761
2025-10-01,2025-12-08,NVO,sim,0.5935541664539745,1,0.209536009004545
2025-10-01,2025-12-08,PLTR,sim,0.5781562318390481,1,0.0010468189810284
2025-10-01,2025-12-08,RTX,sim,0.5722086288286523,1,0.0828474294607959
2025-10-01,2025-12-08,SHOP,sim,0.5932591627866417,1,0.0525850744175393
2025-10-01,2025-12-08,VRT,sim,0.6204776576424688,0,-0.0758041445932415
2025-10-01,2025-12-09,GE,sim,0.6829649840974932,1,0.1020994887388413
2025-10-01,2025-12-09,GLD,sim,0.6788884096453184,1,0.0621837808916632
2025-10-01,2025-12-09,JPM,sim,0.6891806554751738,1,0.0974343543568916
2025-10-01,2025-12-09,MRK,sim,0.6960666590306503,1,0.1455258392294665
2025-10-01,2025-12-09,NFLX,sim,0.7080710870863094,0,-0.0639023923449505
2025-10-01,2025-12-09,RTX,sim,0.7001907874153632,1,0.0886407616029103
2025-10-01,2025-12-09,SHOP,sim,0.7009281979937354,1,0.0524735719662003
2025-10-01,2025-12-09,VRT,sim,0.7027778394937332,0,-0.0986658012207031
2025-10-01,2025-12-10,AMAT,sim,0.6922641363040661,1,0.0946029415108391
2025-10-01,2025-12-10,AMZN,sim,0.668143571678005,1,0.0673052298976413
2025-10-01,2025-12-10,COST,sim,0.6764906599152405,1,0.0577189571120537
2025-10-01,2025-12-10,GE,sim,0.6867923658337785,1,0.1339562391282476
2025-10-01,2025-12-10,GLD,sim,0.6707234523959393,1,0.0653386819825876
2025-10-01,2025-12-10,MPWR,sim,0.6974538955568258,0,-0.0204797128027319
2025-10-01,2025-12-10,NFLX,sim,0.6857152686138103,0,-0.0350555499093335
2025-10-01,2025-12-10,RTX,sim,0.6792521231984072,1,0.0788690400813942
2025-10-01,2025-12-10,SHOP,sim,0.6851918229457652,0,-0.023393910962129
2025-10-01,2025-12-10,VRT,sim,0.6925695759223707,0,-0.1003190229810009
2025-10-01,2025-12-11,AMZN,sim,0.6807946040668535,1,0.0703057257565948
2025-10-01,2025-12-11,GE,sim,0.6906903619981083,1,0.1239511765328913
2025-10-01,2025-12-11,GLD,sim,0.6745354284029192,1,0.0737209375238636
2025-10-01,2025-12-11,GOOG,sim,0.6959606420355035,1,0.0606630476212342
2025-10-01,2025-12-11,MPWR,sim,0.7001460199438053,0,-0.0145902184549699
2025-10-01,2025-12-11,NFLX,sim,0.7045523311804708,0,-0.0497395351039735
2025-10-01,2025-12-11,SHOP,sim,0.7085427526752857,1,0.0193019282293247
2025-10-01,2025-12-12,AMAT,sim,0.6925162365149367,1,0.1761506314081353
2025-10-01,2025-12-12,AMZN,sim,0.677776989552174,1,0.0725496418276061
2025-10-01,2025-12-12,COST,sim,0.6750764544451573,1,0.0649654865353737
2025-10-01,2025-12-12,GLD,sim,0.6792683330183844,1,0.0662300280186927
2025-10-01,2025-12-12,MPWR,sim,0.6896583706476995,1,0.0388479985968188
2025-10-01,2025-12-12,NFLX,sim,0.6894463624545132,0,-0.0511608637638153
2025-10-01,2025-12-12,PLTR,sim,0.6811917580789966,0,-0.0251130382220307
2025-10-01,2025-12-12,SHOP,sim,0.7003531950281293,1,0.0197941406399564
2025-10-01,2025-12-12,SPOT,sim,0.6858904655085861,0,-0.1056540221382622
2025-10-01,2025-12-15,AMAT,sim,0.6103129690414053,1,0.1554714561290084
2025-10-01,2025-12-15,ANET,sim,0.5953453405123666,0,-0.0063547784227219
2025-10-01,2025-12-15,CAT,sim,0.5978811150174551,1,0.0830676706171447
2025-10-01,2025-12-15,GOOG,sim,0.5952579334647418,1,0.087255882565931
2025-10-01,2025-12-15,LLY,sim,0.5862124507692023,1,0.0104502003112121
2025-10-01,2025-12-15,PLTR,sim,0.5884562578158967,0,-0.0264666090232775
2025-10-01,2025-12-15,RTX,sim,0.5848978465805347,1,0.0918675288093326
2025-10-01,2025-12-15,TSM,sim,0.5928058649799998,1,0.1368248990525062
2025-10-01,2025-12-16,AMAT,sim,0.5990516771949206,1,0.2327306099778239
2025-10-01,2025-12-16,ANET,sim,0.584556519040419,1,0.0353603360151646
2025-10-01,2025-12-16,CAT,sim,0.5872527530886814,1,0.0989081906583553
2025-10-01,2025-12-16,LLY,sim,0.5755355822672884,0,-0.0202222041084001
2025-10-01,2025-12-16,LMT,sim,0.5830744562900186,1,0.2113570989096806
2025-10-01,2025-12-16,RTX,sim,0.5756902282791928,1,0.1105986214934804
2025-10-01,2025-12-16,SHOP,sim,0.5715660835342912,0,-0.0315679411287967
2025-10-01,2025-12-16,SPOT,sim,0.5886252957591163,0,-0.1226621960745542
2025-10-01,2025-12-16,TSM,sim,0.5856163768605361,1,0.1909227889409495
2025-10-01,2025-12-16,VRT,sim,0.5924216923111594,1,0.0739449107010399
2025-10-01,2025-12-18,AMAT,sim,0.5997961499083377,1,0.2553452109914325
2025-10-01,2025-12-18,ANET,sim,0.584556519040419,1,0.0232706935690059
2025-10-01,2025-12-18,CAT,sim,0.5946173894632159,1,0.1116412721174635
2025-10-01,2025-12-18,COST,sim,0.570072416257143,1,0.1243834228125106
2025-10-01,2025-12-18,CRWD,sim,0.5832951052636367,0,-0.0723504967371014
2025-10-01,2025-12-18,GOOG,sim,0.6043017807372659,1,0.0606090655542694
2025-10-01,2025-12-18,NVDA,sim,0.5841850642465681,1,0.0225680943398689
2025-10-01,2025-12-18,RTX,sim,0.5766685652658692,1,0.1013517752239672
2025-10-01,2025-12-18,TSM,sim,0.578066759581527,1,0.1492202194718619
2025-10-01,2025-12-18,VRT,sim,0.5825733116101176,1,0.134658937549855
2025-10-01,2025-12-19,AMAT,sim,0.6109563030261124,1,0.268437212235167
2025-10-01,2025-12-19,ASML,sim,0.6115004054209529,1,0.2879395661684842
2025-10-01,2025-12-19,CAT,sim,0.6018217754340013,1,0.1200236675158896
2025-10-01,2025-12-19,GOOG,sim,0.6125436742878605,1,0.0640615030933895
2025-10-01,2025-12-19,MU,sim,0.6461447365530145,1,0.4632594979817337
2025-10-01,2025-12-19,NVO,sim,0.6284598712265774,1,0.2335204721689319
2025-10-01,2025-12-19,TSM,sim,0.5889616813316585,1,0.1286381081151302
2025-10-01,2025-12-19,VRT,sim,0.5911906471447449,1,0.1354648536122522
2025-10-01,2025-12-22,AMZN,sim,0.6847799362562076,1,0.0258722753211206
2025-10-01,2025-12-22,CAT,sim,0.7148470997268015,1,0.1133222352695211
2025-10-01,2025-12-22,COST,sim,0.6911127840517471,1,0.1484352740119485
2025-10-01,2025-12-22,GOOG,sim,0.7084257227078206,1,0.0626666579099226
2025-10-01,2025-12-22,NFLX,sim,0.6931351177032644,0,-0.1039365235707201
2025-10-01,2025-12-22,VRT,sim,0.6727395867603284,1,0.0894435796522556
2025-10-01,2025-12-22,WDC,sim,0.7280671146070972,1,0.3763860649855584
2025-10-01,2025-12-23,ANET,sim,0.5879757836272009,1,0.0382271453981717
2025-10-01,2025-12-23,CAT,sim,0.5987183949635433,1,0.0758902742075893
2025-10-01,2025-12-23,COST,sim,0.580802861433839,1,0.1502825551009758
2025-10-01,2025-12-23,GOOG,sim,0.6045526215263869,1,0.0403890024576085
2025-10-01,2025-12-23,LLY,sim,0.5793411371061786,0,-0.0068586236846976
2025-10-01,2025-12-23,LMT,sim,0.5897492764518352,1,0.2243705777021005
2025-10-01,2025-12-23,TSLA,sim,0.5958808886410858,0,-0.0751709370284265
2025-10-01,2025-12-23,TSM,sim,0.5898448106538503,1,0.1276982029006239
2025-10-01,2025-12-23,VRT,sim,0.600047420953544,1,0.0976182576841167
2025-10-01,2025-12-24,AMZN,sim,0.6727088979433744,1,0.0259918803650027
2025-10-01,2025-12-24,CAT,sim,0.690348860506252,1,0.0893517409071462
2025-10-01,2025-12-24,COST,sim,0.6733502147425845,1,0.1213612269588535
2025-10-01,2025-12-24,GLD,sim,0.6751527199580383,1,0.1281043392554905
2025-10-01,2025-12-24,GOOG,sim,0.6912246936030152,1,0.0567680873947142
2025-10-01,2025-12-24,INTC,sim,0.7980459616402228,1,0.1750553611107859
2025-10-01,2025-12-24,MPWR,sim,0.6790200117096752,1,0.1205245367410832
2025-10-01,2025-12-24,NVTS,sim,0.8691497082185445,1,0.2245431202730248
2025-10-01,2025-12-24,TSM,sim,0.6756243481428633,1,0.1134872993555971
2025-10-01,2025-12-24,VRT,sim,0.6759842780500971,1,0.0860550190599993
2025-10-01,2025-12-26,ANET,sim,0.5870167210800075,1,0.1126365785497807
2025-10-01,2025-12-26,ASML,sim,0.5969388578938778,1,0.3559449693034839
2025-10-01,2025-12-26,CAT,sim,0.5998878067719415,1,0.0959004685154909
2025-10-01,2025-12-26,CRWD,sim,0.5887018671008969,0,-0.0094141581419253
2025-10-01,2025-12-26,MU,sim,0.6702492108880791,1,0.440499940045
2025-10-01,2025-12-26,NVO,sim,0.6300121700613143,1,0.2001907930973783
2025-10-01,2025-12-26,PLTR,sim,0.5831419163223123,0,-0.1219331723119171
2025-10-01,2025-12-26,TSM,sim,0.5894465825230439,1,0.1172236178486518
2025-10-01,2025-12-26,VRT,sim,0.6107477128506404,1,0.1290727094311572
2025-10-01,2025-12-29,AMAT,sim,0.59671681713438,1,0.2801749311048676
2025-10-01,2025-12-29,ASML,sim,0.5916315668816186,1,0.3348218048267473
2025-10-01,2025-12-29,CAT,sim,0.5833230556879243,1,0.1117679362308603
2025-10-01,2025-12-29,CMG,sim,0.611812397640545,1,0.0543888123575651
2025-10-01,2025-12-29,CRWD,sim,0.5811680180113561,0,-0.0141203193229664
2025-10-01,2025-12-29,MU,sim,0.6602730639262043,1,0.4786833101179815
2025-10-01,2025-12-29,NVO,sim,0.6261145979833554,1,0.1721391179370663
2025-10-01,2025-12-29,PLTR,sim,0.5955367485384491,0,-0.1456726443653162
2025-10-01,2025-12-29,TSM,sim,0.5837887363441707,1,0.1375115396742188
2025-10-01,2025-12-29,VRT,sim,0.5965974867916531,1,0.1699070173848118
2025-10-01,2025-12-30,AMZN,sim,0.6735037401317288,1,0.0395647744228229
2025-10-01,2025-12-30,CAT,sim,0.6991764547155613,1,0.1521501469668258
2025-10-01,2025-12-30,COST,sim,0.6805784134677919,1,0.1007797467497626
2025-10-01,2025-12-30,GE,sim,0.6790299150112926,0,-0.0414702935918372
2025-10-01,2025-12-30,GLD,sim,0.6796840162819032,1,0.2431998187107962
2025-10-01,2025-12-30,MPWR,sim,0.6795488693737207,1,0.2805901644152695
2025-10-01,2025-12-30,OXY,sim,0.6791088459049387,1,0.0955137282179954
2025-10-01,2025-12-30,SHOP,sim,0.688603422226223,0,-0.1227556212849569
2025-10-01,2025-12-30,VRT,sim,0.6771683211390203,1,0.1871729977550991
2025-10-01,2025-12-31,AMAT,sim,0.6169209803403541,1,0.2542123023167661
2025-10-01,2025-12-31,ASML,sim,0.6157103123476516,1,0.3300805895010583
2025-10-01,2025-12-31,CAT,sim,0.6104066592300481,1,0.1474854521174415
2025-10-01,2025-12-31,CMG,sim,0.628319077486285,1,0.0505405116725612
2025-10-01,2025-12-31,COST,sim,0.5884868540307446,1,0.090347160885748
2025-10-01,2025-12-31,MU,sim,0.6852144013164738,1,0.4536281123978394
2025-10-01,2025-12-31,NVO,sim,0.6410444591851245,1,0.168042434307623
2026-01-01,2026-01-02,AMZN,sim,0.6295780267785088,1,0.0726711113195019
2026-01-01,2026-01-02,CAT,sim,0.6352785901012125,1,0.1545763007824385
2026-01-01,2026-01-02,CRWD,sim,0.6423590359507209,0,-0.0324749347520058
2026-01-01,2026-01-02,GOOG,sim,0.6877149243009653,1,0.0938094186387952
2026-01-01,2026-01-02,LLY,sim,0.6390673920228311,0,-0.0335351002998878
2026-01-01,2026-01-02,LMT,sim,0.6586061809241143,1,0.2794978385915021
2026-01-01,2026-01-02,SHOP,sim,0.6004160750517248,0,-0.159033081967751
2026-01-01,2026-01-02,TSLA,sim,0.6252882335782411,0,-0.0371173773455594
2026-01-01,2026-01-05,ASML,sim,0.6493224805885768,1,0.1365343077835021
2026-01-01,2026-01-05,COST,sim,0.6442781841562306,1,0.1166784591490845
2026-01-01,2026-01-05,DELL,sim,0.6405578152727116,0,-0.0553181234753592
2026-01-01,2026-01-05,GLD,sim,0.6417832516804383,1,0.1113856485261435
2026-01-01,2026-01-05,GOOG,sim,0.6353790856981705,1,0.0736795800553609
2026-01-01,2026-01-05,LMT,sim,0.6471316887612563,1,0.2281017275656103
2026-01-01,2026-01-05,META,sim,0.6350810637824486,1,0.0499552744840352
2026-01-01,2026-01-05,TSM,sim,0.6386584119386892,1,0.0418929402637704
2026-01-01,2026-01-06,AMAT,sim,0.6480474644698091,1,0.0053714276052676
2026-01-01,2026-01-06,ASML,sim,0.6581838131222699,1,0.0780396461484942
2026-01-01,2026-01-06,CAT,sim,0.6290244650501939,1,0.1103050562622671
2026-01-01,2026-01-06,CRWD,sim,0.6339170547638364,0,-0.0937336823314065
2026-01-01,2026-01-06,MU,sim,0.796286357305175,1,0.1047375068800731
2026-01-01,2026-01-06,NVO,sim,0.7115364946404232,0,-0.1612157832459928
2026-01-01,2026-01-06,RTX,sim,0.6396431842253969,1,0.0332983813020844
2026-01-01,2026-01-06,TSM,sim,0.6369428371024382,0,-0.0051614161170618
2026-01-01,2026-01-06,VRT,sim,0.6678845713735064,1,0.0434981465738633
2026-01-01,2026-01-07,AMAT,sim,0.6486278543756131,1,0.0403489990924101
2026-01-01,2026-01-07,ANET,sim,0.6159534331188634,0,-0.0108395113950002
2026-01-01,2026-01-07,ASML,sim,0.6581838131222699,1,0.0990582320924884
2026-01-01,2026-01-07,CAT,sim,0.629548391089626,1,0.1371118744541297
2026-01-01,2026-01-07,MU,sim,0.7846765047970258,1,0.1276396065780281
2026-01-01,2026-01-07,NVO,sim,0.692264566321945,0,-0.2338695353298152
2026-01-01,2026-01-07,RTX,sim,0.6352868334033882,1,0.0551338272154267
2026-01-01,2026-01-07,TSM,sim,0.6369359470583832,1,0.0378122837564087
2026-01-01,2026-01-07,VRT,sim,0.7351447778155358,1,0.0362015096007888
2026-01-01,2026-01-08,AMAT,sim,0.6636839368562919,1,0.1451143054661612
2026-01-01,2026-01-08,ASML,sim,0.6728574212066869,1,0.1831084410471972
2026-01-01,2026-01-08,CAT,sim,0.63616891130275,1,0.1941525765481198
2026-01-01,2026-01-08,GOOG,sim,0.6662809048470865,0,-0.0089261175268864
2026-01-01,2026-01-08,MU,sim,0.7884085324574238,1,0.2069292878145907
2026-01-01,2026-01-08,NVO,sim,0.7031779452987982,0,-0.1691663888581568
2026-01-01,2026-01-08,RTX,sim,0.6421160406551063,1,0.06138807290468
2026-01-01,2026-01-08,TSM,sim,0.6437838612086532,1,0.0969780679564766
2026-01-01,2026-01-09,ANET,sim,0.6392108986816787,1,0.1533892602908046
2026-01-01,2026-01-09,ASML,sim,0.6517697950417314,1,0.1221543510810325
2026-01-01,2026-01-09,CAT,sim,0.6222464177738024,1,0.2015802613002795
2026-01-01,2026-01-09,CRWD,sim,0.6224661914949218,0,-0.1329550556814016
2026-01-01,2026-01-09,GOOG,sim,0.6579958146032392,0,-0.0144012290848806
2026-01-01,2026-01-09,MU,sim,0.7796340683369675,1,0.1113043092228633
2026-01-01,2026-01-09,NVO,sim,0.6774418401668745,0,-0.1605169566565168
2026-01-01,2026-01-09,RTX,sim,0.626781784053968,1,0.0407957689199269
2026-01-01,2026-01-09,TSM,sim,0.6300976377625991,1,0.0981985548305526
2026-01-01,2026-01-09,VRT,sim,0.6571271708785213,1,0.234869774660019
2026-01-01,2026-01-12,AMAT,sim,0.6497388244383339,1,0.0710520042432982
2026-01-01,2026-01-12,ASML,sim,0.6584562930982119,1,0.1033304064583326
2026-01-01,2026-01-12,CAT,sim,0.6270935395578285,1,0.1787953889417406
2026-01-01,2026-01-12,CRWD,sim,0.639823837636357,0,-0.1147775684850044
2026-01-01,2026-01-12,GOOG,sim,0.6627250314939246,0,-0.0423767187748357
2026-01-01,2026-01-12,MU,sim,0.867454668384311,1,0.0791627064196061
2026-01-01,2026-01-12,NVO,sim,0.6878912600427135,0,-0.1794186697119667
2026-01-01,2026-01-12,RTX,sim,0.6314603771996619,1,0.0069125421495992
2026-01-01,2026-01-12,TSM,sim,0.6348420530896373,1,0.0908461152198893
2026-01-01,2026-01-13,AMAT,sim,0.6267764061996484,1,0.1148358655372683
2026-01-01,2026-01-13,ASML,sim,0.6435762492561349,1,0.130274899422411
2026-01-01,2026-01-13,CMG,sim,0.6439756420041046,0,-0.0555696177413913
2026-01-01,2026-01-13,DELL,sim,0.6319044646217455,1,0.0376065507461198
2026-01-01,2026-01-13,GOOG,sim,0.6354957037998289,0,-0.0746069216477515
2026-01-01,2026-01-13,LMT,sim,0.6480733515436806,1,0.1260971269090705
2026-01-01,2026-01-13,TSM,sim,0.6376001068548058,1,0.1294647081582027
2026-01-01,2026-01-13,XOM,sim,0.6489965899919828,1,0.22933456956776
2026-01-01,2026-01-14,ANET,sim,0.6315212748425646,1,0.0801822613552889
2026-01-01,2026-01-14,ASML,sim,0.6716400537979748,1,0.1132766971581646
2026-01-01,2026-01-14,CAT,sim,0.6427473141188452,1,0.1871467366377202
2026-01-01,2026-01-14,COST,sim,0.6479642236153154,1,0.0503480681677566
2026-01-01,2026-01-14,NVO,sim,0.6261790173586071,0,-0.1694109585484025
2026-01-01,2026-01-14,TSM,sim,0.649528433804297,1,0.1253095979564762
2026-01-01,2026-01-14,VRT,sim,0.750125050407146,1,0.3842326680438217
2026-01-01,2026-01-15,AMAT,sim,0.6331214931425366,1,0.1122916466016865
2026-01-01,2026-01-15,ANET,sim,0.6014691709646601,1,0.0842330983112857
2026-01-01,2026-01-15,ASML,sim,0.6419430808234976,1,0.0563307383154754
2026-01-01,2026-01-15,CAT,sim,0.6145224499613202,1,0.1962669133297565
2026-01-01,2026-01-15,CMG,sim,0.6377130004173771,0,-0.1005946806712808
2026-01-01,2026-01-15,COST,sim,0.6222626366889896,1,0.0645204917363471
2026-01-01,2026-01-15,CRWD,sim,0.6413840910384527,0,-0.0557362315418955
2026-01-01,2026-01-15,GOOG,sim,0.6102336796442897,0,-0.0814624035001598
2026-01-01,2026-01-15,NVO,sim,0.6578159593799963,0,-0.1321778602633356
2026-01-01,2026-01-15,TSM,sim,0.6222111802852305,1,0.0723567780213418
2026-01-01,2026-01-15,VRT,sim,0.7276293722449221,1,0.359279053583609
2026-01-01,2026-01-16,ASML,sim,0.6751961651025367,1,0.045054789541759
2026-01-01,2026-01-16,CAT,sim,0.6494581049057476,1,0.1822102559138214
2026-01-01,2026-01-16,CMG,sim,0.675458458469571,0,-0.0520520036039152
2026-01-01,2026-01-16,COST,sim,0.6563650644284031,1,0.0502693031182459
2026-01-01,2026-01-16,GOOG,sim,0.6319137865536476,0,-0.0833080744649608
2026-01-01,2026-01-16,TSM,sim,0.6563156877614625,1,0.0636682789110607
2026-01-01,2026-01-21,AMAT,sim,0.6648241524671151,1,0.1370987506971639
2026-01-01,2026-01-21,ANET,sim,0.6378773464774264,1,0.0780893608336772
2026-01-01,2026-01-21,CAT,sim,0.6488066940378691,1,0.1784220514160046
2026-01-01,2026-01-21,GOOG,sim,0.627114406039041,0,-0.0755831870246672
2026-01-01,2026-01-21,SPOT,sim,0.6515299782244374,0,-0.0336525892875698
2026-01-01,2026-01-21,TSM,sim,0.6566264921518323,1,0.1050840796159569
2026-01-01,2026-01-22,CAT,sim,0.7045283358455815,1,0.1716969536263257
2026-01-01,2026-01-22,GE,sim,0.7181859973355645,1,0.1634576312566207
2026-01-01,2026-01-22,JPM,sim,0.7079464638088204,1,0.0235813442247672
2026-01-01,2026-01-22,MPWR,sim,0.7320880069490066,1,0.1183556024031979
2026-01-01,2026-01-22,NFLX,sim,0.6913907358998522,0,-0.0582954595787759
2026-01-01,2026-01-22,VRT,sim,0.7434264815499264,1,0.3457928808041868
2026-01-01,2026-01-23,AMAT,sim,0.6487931374581231,1,0.1587256719868743
2026-01-01,2026-01-23,ASML,sim,0.6357339818780816,1,0.0697963690357761
2026-01-01,2026-01-23,DELL,sim,0.653148128905878,1,0.0321406833116528
2026-01-01,2026-01-23,JPM,sim,0.6536905364795291,0,-0.0001679020313173
2026-01-01,2026-01-23,XOM,sim,0.6707998670430764,1,0.1169889097082617
2026-01-01,2026-01-26,AMAT,sim,0.6289145371021084,1,0.1830276178071115
2026-01-01,2026-01-26,AMZN,sim,0.629779614205201,0,-0.125241174564529
2026-01-01,2026-01-26,GLD,sim,0.648048106438805,1,0.0213255280486548
2026-01-01,2026-01-26,GOOG,sim,0.6354192329049039,0,-0.0679576221080503
2026-01-01,2026-01-26,JPM,sim,0.6333998372008951,0,-0.0124236667744945
2026-01-01,2026-01-26,TSM,sim,0.6376519879511907,1,0.1594181416462909
2026-01-01,2026-01-26,VRT,sim,0.613801568051,1,0.3968437889115759
2026-01-01,2026-01-26,XOM,sim,0.6509051917966866,1,0.1069415496927985
2026-01-01,2026-01-27,CAT,sim,0.642879202622436,1,0.1998716839221157
2026-01-01,2026-01-27,CMG,sim,0.6305397506834574,0,-0.054224500457475
2026-01-01,2026-01-27,COST,sim,0.6495563490915574,1,0.0252298096730794
2026-01-01,2026-01-27,CRWD,sim,0.6249393776390377,0,-0.2378005396564931
2026-01-01,2026-01-27,JPM,sim,0.6538369724988115,1,0.0099563459714377
2026-01-01,2026-01-27,NVO,sim,0.48567920962188876,0,-0.3932262646246238
2026-01-01,2026-01-27,RTX,sim,0.6536365226957868,0,-0.0263314938588073
2026-01-01,2026-01-28,AAPL,sim,0.6263174632573741,1,0.0643815692109008
2026-01-01,2026-01-28,AMAT,sim,0.6469982828888637,1,0.1157238343599202
2026-01-01,2026-01-28,CAT,sim,0.622211093897308,1,0.1704544807628445
2026-01-01,2026-01-28,CMG,sim,0.5860783127027681,0,-0.0283452659519077
2026-01-01,2026-01-28,COST,sim,0.6292898951761894,1,0.0270196716687567
2026-01-01,2026-01-28,GOOG,sim,0.6009243921239722,0,-0.0866242565378702
2026-01-01,2026-01-28,JPM,sim,0.6360404609146948,1,0.0178209797018578
2026-01-01,2026-01-28,RTX,sim,0.6333528447787903,0,-0.0091747807553215
2026-01-01,2026-01-28,TSM,sim,0.6290513298226594,1,0.1008180280348052
2026-01-01,2026-01-28,VRT,sim,0.7142586178610193,1,0.3378923324504035
2026-01-01,2026-01-29,CAT,sim,0.7041807054902687,1,0.1166346401215785
2026-01-01,2026-01-29,COST,sim,0.6970556302223505,1,0.0607624830660735
2026-01-01,2026-01-29,GE,sim,0.7046971953866039,1,0.1452185857635277
2026-01-01,2026-01-29,JPM,sim,0.6996550990918137,0,-0.019972669429469
2026-01-01,2026-01-29,NFLX,sim,0.6874481574146984,1,0.1572870806356141
2026-01-01,2026-01-29,RTX,sim,0.7111503660161673,1,0.0137081757426482
2026-01-01,2026-01-29,VRT,sim,0.7551948846862969,1,0.306458182550797
2026-01-01,2026-01-30,AMAT,sim,0.636894944792888,1,0.1546909413581911
2026-01-01,2026-01-30,AMZN,sim,0.6367066932349549,0,-0.1291684215124054
2026-01-01,2026-01-30,DELL,sim,0.6394772835088602,1,0.341751134009072
2026-01-01,2026-01-30,GLD,sim,0.6568750383803361,1,0.1012473009485106
2026-01-01,2026-01-30,JPM,sim,0.638980955340131,0,-0.0272320660725637
2026-01-01,2026-01-30,TSM,sim,0.6440686283053281,1,0.1166202446687021
2026-01-01,2026-01-30,XOM,sim,0.6581892800690587,1,0.090664836475198
2026-01-01,2026-02-02,CAT,sim,0.7013137876491862,1,0.0452591810028897
2026-01-01,2026-02-02,COST,sim,0.6989332065700825,1,0.0406977103307089
2026-01-01,2026-02-02,GE,sim,0.7019261131525699,1,0.0823751219502069
2026-01-01,2026-02-02,GLD,sim,0.6966911109892364,1,0.09601294523169
2026-01-01,2026-02-02,GOOG,sim,0.6794425988083274,0,-0.1198608207290896
2026-01-01,2026-02-02,JPM,sim,0.6962841936138097,0,-0.0255728062186371
2026-01-01,2026-02-02,TSM,sim,0.7027985082295728,1,0.0344797868418238
2026-01-01,2026-02-03,CAT,sim,0.7170146593770217,1,0.0413719862975039
2026-01-01,2026-02-03,MPWR,sim,0.7379499824198291,0,-0.0564974622959884
2026-01-01,2026-02-03,NFLX,sim,0.7021420385177176,1,0.2341756398421972
2026-01-01,2026-02-03,RTX,sim,0.7238767732494303,1,0.0261425421337531
2026-01-01,2026-02-03,TSM,sim,0.7157526219410439,1,0.0646016453951041
2026-01-01,2026-02-04,ASML,sim,0.7133755654386732,1,0.0218275898248638
2026-01-01,2026-02-04,CAT,sim,0.6921476451515259,1,0.0206123118942151
2026-01-01,2026-02-04,CRWD,sim,0.6763382502551505,1,0.0260015858326017
2026-01-01,2026-02-04,GLD,sim,0.6824144628096589,1,0.0267859189581067
2026-01-01,2026-02-04,NVTS,sim,0.696929334540919,1,0.0926829568975251
2026-01-01,2026-02-04,PGR,sim,0.6835178746743604,1,0.0245208169190978
2026-01-01,2026-02-04,SPOT,sim,0.6957520999311831,1,0.2533085071325565
2026-01-01,2026-02-04,TSLA,sim,0.6441402985319348,0,-0.001133031111528
2026-01-01,2026-02-04,WDC,sim,0.8239907329473146,0,-0.0385286542508308
2026-01-01,2026-02-06,AMZN,sim,0.6692668072849061,1,0.0150722615944882
2026-01-01,2026-02-06,CAT,sim,0.6290526868668335,0,-0.0294409315938117
2026-01-01,2026-02-06,CMG,sim,0.5891159140506405,0,-0.104087294685223
2026-01-01,2026-02-06,CRWD,sim,0.6305275983866646,1,0.0976738429401073
2026-01-01,2026-02-06,NVO,sim,0.6207232107977985,0,-0.1649874204670842
2026-01-01,2026-02-06,RTX,sim,0.6458356430442036,1,0.0481727166466119
2026-01-01,2026-02-06,SHOP,sim,0.6166854894518344,1,0.1914323638022042
2026-01-01,2026-02-06,TSM,sim,0.6372091142293747,0,-0.0004299667302853
2026-01-01,2026-02-06,VRT,sim,0.792329329286835,1,0.3516208386779014
2026-01-01,2026-02-09,AMZN,sim,0.6989462918511605,1,0.0268781169870704
2026-01-01,2026-02-09,COST,sim,0.7136907027386497,0,-0.0002305972370547
2026-01-01,2026-02-09,CRWD,sim,0.7050055348776124,1,0.0693313827931392
2026-01-01,2026-02-09,GLD,sim,0.7064253340497478,1,0.0231890598046646
2026-01-01,2026-02-09,RTX,sim,0.7297527103854202,1,0.0550996351703612
2026-01-01,2026-02-10,CMG,sim,0.6123864417372087,0,-0.1194068760813809
2026-01-01,2026-02-10,CRWD,sim,0.6534618455130371,1,0.0692807835603284
2026-01-01,2026-02-10,GOOG,sim,0.6461204966067055,0,-0.0320434086514646
2026-01-01,2026-02-10,NVO,sim,0.6574107764214858,0,-0.2094869162171466
2026-01-01,2026-02-10,RTX,sim,0.6688813392698332,1,0.0618371428580362
2026-01-01,2026-02-10,SHOP,sim,0.6742120837267558,1,0.0179189440975353
2026-01-01,2026-02-11,AMAT,sim,0.6569822978906268,0,-0.007679227467472
2026-01-01,2026-02-11,CMG,sim,0.6021674058442513,0,-0.1252014963615865
2026-01-01,2026-02-11,CRWD,sim,0.6273376165202279,1,0.0618792504687248
2026-01-01,2026-02-11,GOOG,sim,0.6365418576311699,0,-0.0260816351376506
2026-01-01,2026-02-11,NVO,sim,0.6434176188655454,0,-0.2199425697894301
2026-01-01,2026-02-11,RTX,sim,0.6464481234037207,1,0.033229855792753
2026-01-01,2026-02-11,SHOP,sim,0.667312660278356,1,0.0628422133098005
2026-01-01,2026-02-11,VRT,sim,0.7989213091901087,1,0.0678846354226307
2026-01-01,2026-02-12,GLD,sim,0.676875360897555,1,0.0209352918380643
2026-01-01,2026-02-13,GLD,sim,0.676875360897555,0,-0.0047339122055273
2026-01-01,2026-02-17,GLD,sim,0.6764853406494638,1,0.024698742760246
2026-01-01,2026-02-18,AMZN,sim,0.6780307025553346,1,0.0248059084798977
2026-01-01,2026-02-18,COST,sim,0.6820772222721465,0,-0.0162236305341219
2026-01-01,2026-02-18,GE,sim,0.6711037169019736,0,-0.0868377822781181
2026-01-01,2026-02-18,GLD,sim,0.6807335066385851,0,-0.0295452748995982
2026-01-01,2026-02-18,GOOG,sim,0.6650086159513157,1,0.0077646421418893
2026-01-01,2026-02-18,MPWR,sim,0.7022890770740263,0,-0.0951174030020595
2026-01-01,2026-02-18,NFLX,sim,0.6821236363537926,1,0.2142582323654009
2026-01-01,2026-02-18,SHOP,sim,0.698865091317612,1,0.017346272779833
2026-01-01,2026-02-18,SPOT,sim,0.6719307887826625,1,0.0819548248069998
2026-01-01,2026-02-18,TSM,sim,0.6834086878350073,0,-0.0626345769053731
2026-01-01,2026-02-20,AMZN,sim,0.6770530422974211,0,-0.022559637710698
2026-01-01,2026-02-20,CRWD,sim,0.6808041722516094,1,0.0524961234587582
2026-01-01,2026-02-20,GLD,sim,0.6795108535260297,0,-0.1178780052280125
2026-01-01,2026-02-20,NFLX,sim,0.6824412389981268,1,0.1671539574418068
2026-01-01,2026-02-20,NVTS,sim,0.8201489036942804,1,0.1104060752441762
2026-01-01,2026-02-20,OXY,sim,0.7401293433458163,1,0.1711033739540213
2026-01-01,2026-02-20,PLTR,sim,0.7356445685840552,1,0.1141673066805488
2026-01-01,2026-02-20,RTX,sim,0.6861620203285349,0,-0.032988456798944
2026-01-01,2026-02-20,SHOP,sim,0.6998388339507491,0,-0.0746434104337474
2026-01-01,2026-02-20,SPOT,sim,0.675041026786111,0,-0.0327354206253416
2026-01-01,2026-02-24,AMZN,sim,0.6698175501113998,0,-0.0063290759535938
2026-01-01,2026-02-24,COST,sim,0.6794589806383158,0,-0.0246486839659213
2026-01-01,2026-02-24,CRWD,sim,0.6950724455254901,1,0.1220270956013562
2026-01-01,2026-02-24,GOOG,sim,0.6476570380643768,0,-0.069857198902223
2026-01-01,2026-02-24,NVTS,sim,0.8238727419746066,1,0.1234866193493355
2026-01-01,2026-02-24,OXY,sim,0.7414934825735147,1,0.1790182694991424
2026-01-01,2026-02-24,RTX,sim,0.6814580085029445,0,-0.0224730754962508
2026-01-01,2026-02-24,SHOP,sim,0.7067936564987323,0,-0.0066706472014124
2026-01-01,2026-02-24,SPOT,sim,0.671632523645073,1,0.0412103300487254
2026-01-01,2026-02-25,AMZN,sim,0.6206350749155379,1,0.0050797917172389
2026-01-01,2026-02-25,CRWD,sim,0.7208362534728077,1,0.0620681730326784
2026-01-01,2026-02-25,GOOG,sim,0.6172091746800136,0,-0.0748810099121928
2026-01-01,2026-02-25,MU,sim,0.705183211884043,0,-0.1093473278837048
2026-01-01,2026-02-25,PLTR,sim,0.6924037096501097,1,0.1547805640850934
2026-01-01,2026-02-25,RTX,sim,0.6485056344215961,0,-0.005000488564667
2026-01-01,2026-02-25,SHOP,sim,0.8419191574421567,0,-0.01570941258417
2026-01-01,2026-02-25,SPOT,sim,0.6472547244464801,1,0.0214341061603047
2026-01-01,2026-02-26,AMZN,sim,0.6429474361188141,0,-0.0018276495101915
2026-01-01,2026-02-26,CRWD,sim,0.7094498104641364,1,0.0302282572269043
2026-01-01,2026-02-26,MU,sim,0.7572936132268767,0,-0.144624137204259
2026-01-01,2026-02-26,PLTR,sim,0.7121728358210271,1,0.0854788502905612
2026-01-01,2026-02-26,RTX,sim,0.6522736790597192,0,-0.0241866045701473
2026-01-01,2026-02-26,SPOT,sim,0.6600635796887417,0,-0.0352466487154878
2026-01-01,2026-03-02,AMZN,sim,0.6445410251922441,0,-0.0357023007975296
2026-01-01,2026-03-02,CRWD,sim,0.7038214994243673,0,-0.0124720365215003
2026-01-01,2026-03-02,MU,sim,0.7576685667803824,0,-0.2202002148883506
2026-01-01,2026-03-02,PLTR,sim,0.6660381057949073,0,-0.0524901509492308
2026-01-01,2026-03-02,SPOT,sim,0.6600635796887417,0,-0.0636334940407161
2026-01-01,2026-03-02,VRT,sim,0.7463916049212964,0,-0.0912900049633244
2026-01-01,2026-03-19,GLD,sim,0.7320165688143561,1,0.0457775118923797
2026-01-01,2026-03-20,GLD,sim,0.6326152252747178,1,0.069451814591799
2026-01-01,2026-03-23,GLD,sim,0.6607569836361318,1,0.0631868088292508
2026-01-01,2026-03-25,GLD,sim,0.722231085966804,1,0.0354320298283314
2026-01-01,2026-03-25,XLU,sim,0.7229531614781204,1,0.0185635392837102
2026-01-01,2026-03-26,GLD,sim,0.7449109196277598,1,0.0813947288320109
2026-04-01,2026-04-23,GLD,live,0.7102283149884673,0,-0.0325956246102909
2026-04-01,2026-04-23,PANW,live,0.5432957904301832,1,0.4601927623428499
2026-04-01,2026-04-23,SHOP,live,0.41096053359893125,0,-0.1559204879913652
2026-04-01,2026-04-23,SPOT,live,0.6796913507449155,0,-0.0504128573914539
2026-04-01,2026-04-23,TSM,live,0.738440126123575,1,0.0639993466785198
2026-04-01,2026-04-24,APP,live,0.6184099900761747,1,0.0744829987160275
2026-04-01,2026-04-24,GLD,live,0.736726591881882,0,-0.0448470690727784
2026-04-01,2026-04-24,JNJ,live,0.7554966762215346,1,0.0300659179687499
2026-04-01,2026-04-24,NET,live,0.6294104507309027,1,0.0439464457567642
2026-04-01,2026-04-24,NVDA,live,0.6880842818421706,1,0.033898292667041
2026-04-01,2026-04-24,PANW,live,0.607619588968403,1,0.459504852532695
2026-04-01,2026-04-25,APP,live,0.6298199138622487,1,0.0744829987160275
2026-04-01,2026-04-25,FTNT,live,0.6531689913038453,1,0.5879772171108313
2026-04-01,2026-04-25,GLD,live,0.6579942654532617,0,-0.0448470690727784
2026-04-01,2026-04-25,JNJ,live,0.7326234844737256,1,0.0300659179687499
2026-04-01,2026-04-25,NET,live,0.7525057503997234,1,0.0439464457567642
2026-04-01,2026-04-25,NFLX,live,0.6815793048485228,0,-0.0415405004961912
2026-04-01,2026-04-25,NVDA,live,0.7448706621508573,1,0.033898292667041
2026-04-01,2026-04-25,PANW,live,0.6713658517913849,1,0.459504852532695
2026-04-01,2026-04-25,RTX,live,0.7215437216437071,1,0.0157810173688035
2026-04-01,2026-04-26,APP,live,0.6506498025892874,1,0.0744829987160275
2026-04-01,2026-04-26,FTNT,live,0.6824669723293093,1,0.5879772171108313
2026-04-01,2026-04-26,GLD,live,0.6378216359083438,0,-0.0448470690727784
2026-04-01,2026-04-26,IBM,live,0.6682769763346379,1,0.0942322657684078
2026-04-01,2026-04-26,JNJ,live,0.7388912547260302,1,0.0300659179687499
2026-04-01,2026-04-26,NET,live,0.751361727036951,1,0.0439464457567642
2026-04-01,2026-04-26,NFLX,live,0.6861188964596968,0,-0.0415405004961912
2026-04-01,2026-04-26,NVDA,live,0.7330110679563572,1,0.033898292667041
2026-04-01,2026-04-26,PANW,live,0.6827631242397117,1,0.459504852532695
2026-04-01,2026-04-26,RTX,live,0.7309092570098399,1,0.0157810173688035
2026-04-01,2026-04-27,FTNT,live,0.7479248409984405,1,0.5636746769819194
2026-04-01,2026-04-27,MU,live,0.7589114702369832,1,0.707869469750678
2026-04-01,2026-04-27,NET,live,0.7505288976590782,1,0.0243925064084256
2026-04-01,2026-04-27,NVDA,live,0.7399104416651868,0,-0.0080790360328191
2026-04-01,2026-04-27,NVTS,live,0.7786597920743309,1,0.7371585923974957
2026-04-01,2026-04-27,SMCI,live,0.8064346637639991,1,0.3321363722065134
2026-04-01,2026-05-03,GTLB,live,0.7455387568046652,1,0.404989687627834
2026-04-01,2026-05-03,LITE,live,0.7860189307608303,0,-0.0472982146286607
2026-04-01,2026-05-03,NET,live,0.7570859874517083,1,0.2451494589619252
2026-04-01,2026-05-03,NFLX,live,0.7631694293179474,0,-0.0674559987960042
2026-04-01,2026-05-03,WMT,live,0.7543003589115487,0,-0.1291793832898643
2026-04-01,2026-05-04,AAPL,live,0.4016198004362788,1,0.1386050193111909
2026-04-01,2026-05-04,ABBV,live,0.4176065218674396,1,0.0347808902142754
2026-04-01,2026-05-04,ADI,live,0.3849934153054686,1,0.0659413226482605
2026-04-01,2026-05-04,AMAT,live,0.396616101787968,1,0.2521078789901394
2026-04-01,2026-05-04,ASML,live,0.40202238956242087,1,0.2302393166788658
2026-04-01,2026-05-04,AVGO,live,0.4032083420672261,1,0.1562305097820377
2026-04-01,2026-05-04,AXP,live,0.3939704378466156,0,-0.0258136977380126
2026-04-01,2026-05-04,BLK,live,0.38877410445140453,0,-0.0316369475194523
2026-04-01,2026-05-04,COST,live,0.4002719415183187,0,-0.0577809415236075
2026-04-01,2026-05-04,CRWD,live,0.39252838799370315,1,0.6387137247679118
2026-04-01,2026-05-04,CSCO,live,0.39656119139667834,1,0.381841776911819
2026-04-01,2026-05-04,DLR,live,0.3952013777257458,0,-0.0566722095174537
2026-04-01,2026-05-04,DOCU,live,0.394249598042362,1,0.1372548525586068
2026-04-01,2026-05-04,EQIX,live,0.3849934153054686,0,-0.0105242825495116
2026-04-01,2026-05-04,GE,live,0.39982754310071117,1,0.1326109142447535
2026-04-01,2026-05-04,GLD,live,0.39069044619634113,0,-0.006655203165863
2026-04-01,2026-05-04,GS,live,0.39031352035361316,1,0.1785844022667209
2026-04-01,2026-05-04,HD,live,0.40283220851363166,0,-0.0028808154899804
2026-04-01,2026-05-04,HON,live,0.3991871024752325,1,0.1223341173831082
2026-04-01,2026-05-04,HPE,live,0.39726182118136066,1,0.9557646574864134
2026-04-01,2026-05-04,IBM,live,0.4026001079039041,1,0.4346784779324379
2026-04-01,2026-05-04,JNJ,live,0.40097268561643573,0,-0.0058429865139389
2026-04-01,2026-05-04,JPM,live,0.39216831563522925,0,-0.0217454983719493
2026-04-01,2026-05-04,KLAC,live,0.40103080256578333,1,0.1937058074274782
2026-04-01,2026-05-04,LLY,live,0.4014112638401575,1,0.0994080485844715
2026-04-01,2026-05-04,LMT,live,0.40309083957808567,0,-0.0091093920985891
2026-04-01,2026-05-04,LRCX,live,0.41496562873878823,1,0.2933054654045606
2026-04-01,2026-05-04,META,live,0.3933048655633084,0,-0.0209366963581585
2026-04-01,2026-05-04,MPWR,live,0.3963379011790427,1,0.0328544713672076
2026-04-01,2026-05-04,MRK,live,0.39692766402985874,1,0.0224560242403082
2026-04-01,2026-05-04,MSFT,live,0.3913137533064783,1,0.0669455122293134
2026-04-01,2026-05-04,NEE,live,0.39692766402985874,0,-0.1029211769572959
2026-04-01,2026-05-04,PANW,live,0.4023983221478969,1,0.610208044034207
2026-04-01,2026-05-04,PG,live,0.3954039472780343,0,-0.0181285098167679
2026-04-01,2026-05-04,PGR,live,0.39928620491430206,0,-0.0121461458654112
2026-04-01,2026-05-04,RTX,live,0.40202747719414694,1,0.0078658221998886
2026-04-01,2026-05-04,SOFI,live,0.42349448323846217,1,0.0950616626945937
2026-04-01,2026-05-04,TSLA,live,0.39767241239226164,1,0.0795648001114621
2026-04-01,2026-05-04,TXN,live,0.39338599050707057,1,0.0969417887739123
2026-04-01,2026-05-04,UNH,live,0.3787217318337063,1,0.0193392135609828
2026-04-01,2026-05-04,UNP,live,0.3842157211655432,1,0.0048213393417699
2026-04-01,2026-05-04,V,live,0.3974708355829431,0,-0.0291571014267586
2026-04-01,2026-05-04,ZM,live,0.3949022547441379,1,0.0492356760314154
2026-04-01,2026-05-06,AAPL,live,0.3845727530331475,1,0.0825014796529672
2026-04-01,2026-05-06,ABBV,live,0.4033534404727221,1,0.0971077587701756
2026-04-01,2026-05-06,ADI,live,0.3721141317814985,1,0.0315906087832
2026-04-01,2026-05-06,AMAT,live,0.378978002273722,1,0.1705007184041034
2026-04-01,2026-05-06,ASML,live,0.385590814073043,1,0.1377124835335386
2026-04-01,2026-05-06,AVGO,live,0.3861998280089554,0,-0.0153488123867623
2026-04-01,2026-05-06,AXP,live,0.3750517991085088,0,-0.0291084041467881
2026-04-01,2026-05-06,BLK,live,0.3720033899176659,0,-0.0475143225709618
2026-04-01,2026-05-06,COST,live,0.3838823766046678,0,-0.0234998989847476
2026-04-01,2026-05-06,CRWD,live,0.37552062153814714,1,0.536287340789549
2026-04-01,2026-05-06,CSCO,live,0.3791071886870653,1,0.4185945096665362
2026-04-01,2026-05-06,CVX,live,0.3822394332051574,1,0.0172283558992984
2026-04-01,2026-05-06,DLR,live,0.37658373318009497,0,-0.054987961389638
2026-04-01,2026-05-06,DOCU,live,0.37537593504000355,1,0.094777562069791
2026-04-01,2026-05-06,EQIX,live,0.3720033899176659,1,0.0010938485967231
2026-04-01,2026-05-06,GE,live,0.3823367398614461,1,0.0713468537496169
2026-04-01,2026-05-06,GLD,live,0.3721141317814985,0,-0.0456887015774378
2026-04-01,2026-05-06,GS,live,0.3721141317814985,1,0.1656371833461369
2026-04-01,2026-05-06,HD,live,0.38580735966187546,0,-0.0405509242561333
2026-04-01,2026-05-06,HON,live,0.38444556389549334,1,0.0035967911934267
2026-04-01,2026-05-06,HPE,live,0.37576203538034575,1,0.7678629286486458
2026-04-01,2026-05-06,IBM,live,0.383858809159791,1,0.3368033209461856
2026-04-01,2026-05-06,JNJ,live,0.3858322545000675,1,0.0158044837010424
2026-04-01,2026-05-06,JPM,live,0.37269915051459584,0,-0.0127341356804377
2026-04-01,2026-05-06,KLAC,live,0.38328387353881405,1,0.1733258630970833
2026-04-01,2026-05-06,LLY,live,0.3836582825543025,1,0.1400334668432947
2026-04-01,2026-05-06,LMT,live,0.3854418875787836,1,0.0093143117029979
2026-04-01,2026-05-06,LRCX,live,0.3866754510928455,1,0.1320455916186085
2026-04-01,2026-05-06,META,live,0.3738954893160566,1,0.0239688068208638
2026-04-01,2026-05-06,MPWR,live,0.39340310912041954,1,0.0001512996663501
2026-04-01,2026-05-06,MRK,live,0.38166330053631925,1,0.0589996893420123
2026-04-01,2026-05-06,MSFT,live,0.372484219903253,1,0.0340370968903636
2026-04-01,2026-05-06,NEE,live,0.37927963488732175,0,-0.1017926317916128
2026-04-01,2026-05-06,PANW,live,0.37895077746132494,1,0.5203071163711992
2026-04-01,2026-05-06,PG,live,0.375721345096917,0,-0.0481406045369467
2026-04-01,2026-05-06,PGR,live,0.37877329509464025,0,-0.0072154377384427
2026-04-01,2026-05-06,RTX,live,0.38212372988359344,1,0.0151069259135481
2026-04-01,2026-05-06,SOFI,live,0.4113438624866195,1,0.0521472651076646
2026-04-01,2026-05-06,TSLA,live,0.38484120155929386,1,0.0494570277565069
2026-04-01,2026-05-06,TXN,live,0.37612940298573616,1,0.055037287663809
2026-04-01,2026-05-06,UNH,live,0.34624580615978956,1,0.0794761558985597
2026-04-01,2026-05-06,UNP,live,0.3654489549224396,0,-0.0161429255209792
2026-04-01,2026-05-06,V,live,0.38067504562872073,1,0.0043287482297793
2026-04-01,2026-05-06,XOM,live,0.3822394332051574,1,0.0225300342304231
2026-04-01,2026-05-06,ZM,live,0.37723378983974554,1,0.0007609800546446
2026-04-01,2026-05-08,AAPL,live,0.36492837266642886,1,0.0280240045528745
2026-04-01,2026-05-08,ABBV,live,0.38271213365913326,1,0.1067725326053934
2026-04-01,2026-05-08,ADI,live,0.3554910172151491,0,-0.0303226128358027
2026-04-01,2026-05-08,AMAT,live,0.35912432114492715,1,0.1302820380953901
2026-04-01,2026-05-08,ASML,live,0.364953027718018,1,0.0986294252615507
2026-04-01,2026-05-08,AVGO,live,0.36492837266642886,0,-0.0776744044104288
2026-04-01,2026-05-08,AXP,live,0.3554910172151491,0,-0.0118027117701982
2026-04-01,2026-05-08,BLK,live,0.35538242238744716,0,-0.0830175605133247
2026-04-01,2026-05-08,COST,live,0.3640132626516998,0,-0.03374337450686
2026-04-01,2026-05-08,CRWD,live,0.3560752289852445,1,0.248251991677098
2026-04-01,2026-05-08,CSCO,live,0.35928023670956694,1,0.2855959606317868
2026-04-01,2026-05-08,CVX,live,0.3620230164195878,1,0.0419557900057196
2026-04-01,2026-05-08,DLR,live,0.3593787578701729,0,-0.0673800820573014
2026-04-01,2026-05-08,DOCU,live,0.3563928107788847,0,-0.0363257123807548
2026-04-01,2026-05-08,EQIX,live,0.35538242238744716,0,-0.0087120048906464
2026-04-01,2026-05-08,GE,live,0.362043932106005,1,0.0837624605744
2026-04-01,2026-05-08,GLD,live,0.3554910172151491,0,-0.0841459781092637
2026-04-01,2026-05-08,GS,live,0.3554910172151491,1,0.1158807681899734
2026-04-01,2026-05-08,HD,live,0.36492837266642886,0,-0.0243818568414648
2026-04-01,2026-05-08,HON,live,0.3635624977995514,0,-0.0061936738590999
2026-04-01,2026-05-08,HPE,live,0.360147364805604,1,0.5907495478488667
2026-04-01,2026-05-08,IBM,live,0.3635624977995514,1,0.2222319552495621
2026-04-01,2026-05-08,JNJ,live,0.3635624977995514,1,0.0489788359802951
2026-04-01,2026-05-08,JPM,live,0.3554910172151491,1,0.029824492108615
2026-04-01,2026-05-08,KLAC,live,0.36269667197246613,1,0.1277932826358758
2026-04-01,2026-05-08,LLY,live,0.36269667197246613,1,0.2116084238746594
2026-04-01,2026-05-08,LMT,live,0.36492837266642886,1,0.0267714305683086
2026-04-01,2026-05-08,LRCX,live,0.3632058552010692,1,0.1033838655877319
2026-04-01,2026-05-08,META,live,0.3554910172151491,0,-0.039761806407535
2026-04-01,2026-05-08,MPWR,live,0.3589863589200807,0,-0.0260237831381398
2026-04-01,2026-05-08,MRK,live,0.3643618908173202,1,0.0730831351263894
2026-04-01,2026-05-08,MSFT,live,0.3554910172151491,0,-0.008142235793432
2026-04-01,2026-05-08,NEE,live,0.3620230164195878,0,-0.097636911781662
2026-04-01,2026-05-08,ON,live,0.34115914665472963,1,0.1715116773357443
2026-04-01,2026-05-08,PANW,live,0.36185573806282595,1,0.2811717352152407
2026-04-01,2026-05-08,PG,live,0.3616708637881689,0,-0.0090151077853902
2026-04-01,2026-05-08,PGR,live,0.35774869554471145,1,0.0322680129218346
2026-04-01,2026-05-08,RTX,live,0.3643618908173202,1,0.0145948513695648
2026-04-01,2026-05-08,SOFI,live,0.3971557475238637,1,0.0476190476190476
2026-04-01,2026-05-08,SPOT,live,0.35244461539666977,1,0.2041500635469442
2026-04-01,2026-05-08,TSLA,live,0.3636824831229651,0,-0.0452900516401443
2026-04-01,2026-05-08,TXN,live,0.35996874091776127,1,0.0107713906706126
2026-04-01,2026-05-08,UNH,live,0.35083448246635396,1,0.069977355568968
2026-04-01,2026-05-08,UNP,live,0.3541632589683602,1,0.0151899475683434
2026-04-01,2026-05-08,V,live,0.35990325240139215,1,0.002760453148545
2026-04-01,2026-05-08,XOM,live,0.3620230164195878,1,0.0496644691985046
2026-04-01,2026-05-08,ZM,live,0.35774869554471145,0,-0.0738027435780805
2026-04-01,2026-05-09,AAPL,live,0.5670174074433331,1,0.0280240045528745
2026-04-01,2026-05-09,ADI,live,0.5894780322345957,0,-0.0303226128358027
2026-04-01,2026-05-09,AMAT,live,0.6257224788384578,1,0.1302820380953901
2026-04-01,2026-05-09,AMZN,live,0.574290117874561,0,-0.1007040934159342
2026-04-01,2026-05-09,ASML,live,0.47217746734660065,1,0.0986294252615507
2026-04-01,2026-05-09,AVGO,live,0.5896106745762291,0,-0.0776744044104288
2026-04-01,2026-05-09,AXP,live,0.4788046776996449,0,-0.0118027117701982
2026-04-01,2026-05-09,BLK,live,0.49526583115513645,0,-0.0830175605133247
2026-04-01,2026-05-09,CAT,live,0.46912575399169415,1,0.0202685410819405
2026-04-01,2026-05-09,COST,live,0.509517252287774,0,-0.03374337450686
2026-04-01,2026-05-09,CRWD,live,0.5720740632962226,1,0.248251991677098
2026-04-01,2026-05-09,CSCO,live,0.633906309330923,1,0.2855959606317868
2026-04-01,2026-05-09,CVX,live,0.6910993974594621,1,0.0419557900057196
2026-04-01,2026-05-09,DLR,live,0.5854059819966217,0,-0.0673800820573014
2026-04-01,2026-05-09,DOCU,live,0.5659724707480509,0,-0.0363257123807548
2026-04-01,2026-05-09,EQIX,live,0.4989054057695466,0,-0.0087120048906464
2026-04-01,2026-05-09,GE,live,0.5241774748833234,1,0.0837624605744
2026-04-01,2026-05-09,GLD,live,0.6334519383445567,0,-0.0841459781092637
2026-04-01,2026-05-09,GOOG,live,0.5370587793354509,0,-0.0903663908030216
2026-04-01,2026-05-09,HON,live,0.5024494767662405,0,-0.0061936738590999
2026-04-01,2026-05-09,HPE,live,0.5987724378837347,1,0.5907495478488667
2026-04-01,2026-05-09,IBM,live,0.44903961475622145,1,0.2222319552495621
2026-04-01,2026-05-09,JNJ,live,0.5627940687187292,1,0.0489788359802951
2026-04-01,2026-05-09,JPM,live,0.5494853623527698,1,0.029824492108615
2026-04-01,2026-05-09,KLAC,live,0.6009134451126276,1,0.1277932826358758
2026-04-01,2026-05-09,LLY,live,0.6700617840120361,1,0.2116084238746594
2026-04-01,2026-05-09,LRCX,live,0.5229108787774022,1,0.1033838655877319
2026-04-01,2026-05-09,META,live,0.6680316366693824,0,-0.039761806407535
2026-04-01,2026-05-09,MPWR,live,0.6671288408601963,0,-0.0260237831381398
2026-04-01,2026-05-09,MRK,live,0.6182790756560002,1,0.0730831351263894
2026-04-01,2026-05-09,MSFT,live,0.5791100808614027,0,-0.008142235793432
2026-04-01,2026-05-09,NEE,live,0.48692689491312824,0,-0.097636911781662
2026-04-01,2026-05-09,PG,live,0.5293952049171173,0,-0.0090151077853902
2026-04-01,2026-05-09,PGR,live,0.48960614205940717,1,0.0322680129218346
2026-04-01,2026-05-09,PYPL,live,0.5488182943548687,0,-0.0905885101853765
2026-04-01,2026-05-09,TXN,live,0.4829776704789348,1,0.0107713906706126
2026-04-01,2026-05-09,UNH,live,0.4434418891492319,1,0.069977355568968
2026-04-01,2026-05-09,UNP,live,0.4188338935022705,1,0.0151899475683434
2026-04-01,2026-05-09,V,live,0.5812737856269563,1,0.002760453148545
2026-04-01,2026-05-09,VRT,live,0.5766099746497585,0,-0.1158925603877223
2026-04-01,2026-05-09,XOM,live,0.6357269811182642,1,0.0496644691985046
2026-04-01,2026-05-09,ZM,live,0.5796518483024861,0,-0.0738027435780805
2026-04-01,2026-05-17,AAPL,live,0.6268333205617551,0,-0.0126902621962308
2026-04-01,2026-05-17,AMZN,live,0.634988702241946,0,-0.0686000203342676
2026-04-01,2026-05-17,ASML,live,0.6285700573086024,1,0.2602526020846589
2026-04-01,2026-05-17,AVGO,live,0.9510602367387938,0,-0.0734965540595147
2026-04-01,2026-05-17,AXP,live,0.6264007612520758,1,0.06986089424834
2026-04-01,2026-05-17,BLK,live,0.6345797298027157,0,-0.0360754491321996
2026-04-01,2026-05-17,CAT,live,0.627441837281586,1,0.0513559402039469
2026-04-01,2026-05-17,COST,live,0.6341168214593087,0,-0.0662566778207093
2026-04-01,2026-05-17,CRWD,live,0.9514628765105947,1,0.1663579874960534
2026-04-01,2026-05-17,DLR,live,0.681009662559168,0,-0.0191501815052074
2026-04-01,2026-05-17,EQIX,live,0.9533085941185468,1,0.0046629009191454
2026-04-01,2026-05-17,GLD,live,0.897604310651966,0,-0.0497016950496201
2026-04-01,2026-05-17,GOOG,live,0.6355323264760623,0,-0.0666379067542602
2026-04-01,2026-05-17,HON,live,0.9410718974996142,1,0.066450947775787
2026-04-01,2026-05-17,HPE,live,0.6419636937114199,1,0.4809668494724999
2026-04-01,2026-05-17,IBM,live,0.8149529446524323,1,0.2253077415218223
2026-04-01,2026-05-17,JNJ,live,0.8145705751756087,1,0.0394777322711568
2026-04-01,2026-05-17,JPM,live,0.6387603291946745,1,0.0724958749366457
2026-04-01,2026-05-17,KLAC,live,0.681463430081474,1,0.4211448285940251
2026-04-01,2026-05-17,LRCX,live,0.8220880942221838,1,0.365973629391283
2026-04-01,2026-05-17,META,live,0.9721064872584192,0,-0.0337821348026102
2026-04-01,2026-05-17,MPWR,live,0.9587803943794966,1,0.065979805578368
2026-04-01,2026-05-17,MRK,live,0.891568811057379,1,0.0316035586215002
2026-04-01,2026-05-17,MSFT,live,0.6366227022021405,0,-0.0525218120896389
2026-04-01,2026-05-17,NEE,live,0.6234755576910552,0,-0.0775492482480423
2026-04-01,2026-05-17,PG,live,0.9292355361329646,1,0.0627957825084297
2026-04-01,2026-05-17,PGR,live,0.7542940606269758,1,0.0188755036955179
2026-04-01,2026-05-17,PYPL,live,0.6394488254490328,0,-0.0432334648849856
2026-04-01,2026-05-17,UNH,live,0.8790740650917853,1,0.0436460636664004
2026-04-01,2026-05-17,UNP,live,0.5934542729205946,0,-0.0119751266396036
2026-04-01,2026-05-17,V,live,0.6414837571794838,0,-0.005924766464409
2026-04-01,2026-05-18,AAPL,live,0.04558107831256077,1,0.0047004899063192
2026-04-01,2026-05-18,AEP,live,0.39366240222062715,1,0.0162124035861261
2026-04-01,2026-05-18,AMAT,live,0.5253239311284764,1,0.3739632236514805
2026-04-01,2026-05-18,AMZN,live,0.5448229554744418,0,-0.0712073789724357
2026-04-01,2026-05-18,ASML,live,0.09359766289751743,1,0.2251441511433722
2026-04-01,2026-05-18,AVGO,live,0.8587819789621639,0,-0.104585108254312
2026-04-01,2026-05-18,AXP,live,0.6772356095530695,1,0.0912759444381459
2026-04-01,2026-05-18,BAC,live,0.8615131322211366,1,0.1213257386564303
2026-04-01,2026-05-18,BLK,live,0.7143538356510957,0,-0.0309887135436239
2026-04-01,2026-05-18,BMY,live,0.08762831550249307,0,-0.0242541122149319
2026-04-01,2026-05-18,C,live,0.8613186796959357,1,0.1681235292489824
2026-04-01,2026-05-18,CAT,live,0.2536279166495222,1,0.0943457475709745
2026-04-01,2026-05-18,CME,live,0.857728797546211,0,-0.1426323731978205
2026-04-01,2026-05-18,COST,live,0.4528297725133419,0,-0.0834115028482355
2026-04-01,2026-05-18,CRWD,live,0.9028005546296765,1,0.0980236437621357
2026-04-01,2026-05-18,CVS,live,0.8787167501253959,1,0.0492760023148086
2026-04-01,2026-05-18,D,live,0.8706599899189291,1,0.0139135949581852
2026-04-01,2026-05-18,DLR,live,0.36269626233028146,1,0.0103448113965103
2026-04-01,2026-05-18,DUK,live,0.8839307234079926,1,0.0262129706667038
2026-04-01,2026-05-18,EMR,live,0.7841046128495025,1,0.1254726681646176
2026-04-01,2026-05-18,EOG,live,0.8601285839083871,0,-0.0765088609072699
2026-04-01,2026-05-18,ETN,live,0.14499273587220854,1,0.0676669983719482
2026-04-01,2026-05-18,FDX,live,0.24690740803294867,1,0.1269429383065998
2026-04-01,2026-05-18,GILD,live,0.7101621887253188,0,-0.0188169572489134
2026-04-01,2026-05-18,GLD,live,0.10679854716550125,0,-0.0497096005474099
2026-04-01,2026-05-18,GM,live,0.8620576680701086,1,0.1287278229621402
2026-04-01,2026-05-18,GOOG,live,0.3351371173181315,0,-0.0559893670173834
2026-04-01,2026-05-18,HLT,live,0.17633679699354982,1,0.1008360630388347
2026-04-01,2026-05-18,HPE,live,0.8818750861275212,1,0.4660606384277344
2026-04-01,2026-05-18,IBM,live,0.7090597781696221,1,0.2157575647972782
2026-04-01,2026-05-18,JNJ,live,0.2401650107089989,1,0.0273457738813014
2026-04-01,2026-05-18,JPM,live,0.862015551617296,1,0.1011206150073658
2026-04-01,2026-05-18,KLAC,live,0.14734192229689397,1,0.3511913009658267
2026-04-01,2026-05-18,KMI,live,0.1604651120547744,0,-0.069271708993471
2026-04-01,2026-05-18,KO,live,0.02264875303757073,0,-0.011330027136968
2026-04-01,2026-05-18,LHX,live,0.8690572329101015,0,-0.0022817568026805
2026-04-01,2026-05-18,LRCX,live,0.8677220851301037,1,0.3287523661389258
2026-04-01,2026-05-18,MCD,live,0.8877873589931915,1,0.0193294559828747
2026-04-01,2026-05-18,MMM,live,0.04795950266708339,1,0.0596604351691032
2026-04-01,2026-05-18,MO,live,0.8600043198455177,0,-0.0478838676186229
2026-04-01,2026-05-18,MPWR,live,0.8870387394397903,1,0.0083696513185964
2026-04-01,2026-05-18,MRK,live,0.3908807586166169,1,0.0231876391876511
2026-04-01,2026-05-18,MS,live,0.842487238258231,1,0.1460376720800829
2026-04-01,2026-05-18,MSFT,live,0.6442677135098709,0,-0.0701469079030466
2026-04-01,2026-05-18,NEE,live,0.7805270157567709,0,-0.0315588222113745
2026-04-01,2026-05-18,NEM,live,0.5541626627481469,0,-0.0128356490878515
2026-04-01,2026-05-18,PG,live,0.07678308031039179,1,0.0709319906370467
2026-04-01,2026-05-18,PH,live,0.860923378158006,1,0.0932866020212426
2026-04-01,2026-05-18,PM,live,0.8603903894536811,0,-0.0388511876835835
2026-04-01,2026-05-18,PNC,live,0.24849469555717524,1,0.0981190394016886
2026-04-01,2026-05-18,PYPL,live,0.8485426807941038,0,-0.0165595769617887
2026-04-01,2026-05-18,ROST,live,0.032783599557326605,1,0.1109058340867668
2026-04-01,2026-05-18,SCHW,live,0.038021714316960366,1,0.0138543001163855
2026-04-01,2026-05-18,SO,live,0.023907653588228724,1,0.0064027156118124
2026-04-01,2026-05-18,SPG,live,0.18955374424745136,1,0.0738948093698192
2026-04-01,2026-05-18,T,live,0.33347444984478153,0,-0.0519852821080238
2026-04-01,2026-05-18,TJX,live,0.2102056836299476,1,0.1069551236220882
2026-04-01,2026-05-18,UNH,live,0.8588524980724501,1,0.0422365679120462
2026-04-01,2026-05-18,UNP,live,0.4059057754633658,0,-0.0279140498654533
2026-04-01,2026-05-18,V,live,0.017667180567341473,1,0.0014429426635795
2026-04-01,2026-05-18,VLO,live,0.416991700864859,0,-0.055662945777467
2026-04-01,2026-05-18,VTR,live,0.08231077077015546,0,-0.0482187432429134
2026-04-01,2026-05-18,WELL,live,0.8656456802380346,1,0.0041860655053547
2026-04-01,2026-05-18,WFC,live,0.8769411169656754,1,0.1436062916599343
2026-04-01,2026-05-18,WMB,live,0.021749628666448112,0,-0.0799330530225718
2026-04-01,2026-05-18,XLE,live,0.014871310928230318,0,-0.08616706937812
2026-04-01,2026-05-18,XLF,live,0.009392839664707433,1,0.0504444667758974
2026-04-01,2026-05-18,XLK,live,0.2895555599161292,1,0.0692819556593733
2026-04-01,2026-05-18,XLU,live,0.015467933419361297,1,0.025489366900008
2026-04-01,2026-05-19,AAPL,live,0.04198364379638417,0,-0.0101013111728306
2026-04-01,2026-05-19,AEP,live,0.4026555768584215,0,-0.0050418391693783
2026-04-01,2026-05-19,AMAT,live,0.37819890480123314,1,0.4571280567545499
2026-04-01,2026-05-19,AMZN,live,0.47457378443583986,0,-0.0842137604931388
2026-04-01,2026-05-19,ASML,live,0.1553850792274508,1,0.279826530069426
2026-04-01,2026-05-19,AVGO,live,0.8430099398161585,0,-0.0442017493468048
2026-04-01,2026-05-19,AXP,live,0.6929409173687348,1,0.1009667040600978
2026-04-01,2026-05-19,BAC,live,0.8659304272105942,1,0.1149900972115767
2026-04-01,2026-05-19,BLK,live,0.7787520118432918,1,0.0203415565583782
2026-04-01,2026-05-19,BMY,live,0.09067570196913835,0,-0.0519636858623371
2026-04-01,2026-05-19,C,live,0.8646198659880615,1,0.1984662608679284
2026-04-01,2026-05-19,CAT,live,0.31525109736333773,1,0.1113409937543541
2026-04-01,2026-05-19,CME,live,0.8622475001117197,0,-0.1647981037660248
2026-04-01,2026-05-19,COST,live,0.44096319357815866,0,-0.1176346276700233
2026-04-01,2026-05-19,CRWD,live,0.9056542142008279,1,0.107119725986899
2026-04-01,2026-05-19,CVS,live,0.8826600436237851,1,0.0528775041494655
2026-04-01,2026-05-19,D,live,0.8748279191352154,0,-0.0016145694229576
2026-04-01,2026-05-19,DLR,live,0.5367494167377256,1,0.0042946266748995
2026-04-01,2026-05-19,EMR,live,0.7903902564227654,1,0.1404516414907342
2026-04-01,2026-05-19,EOG,live,0.864583099912323,0,-0.0765765961057837
2026-04-01,2026-05-19,ETN,live,0.14970770403011754,1,0.1015381555067043
2026-04-01,2026-05-19,FDX,live,0.2942302760606217,1,0.0786972901453402
2026-04-01,2026-05-19,GILD,live,0.7178258971577394,0,-0.0386973413927801
2026-04-01,2026-05-19,GLD,live,0.12420649126403896,0,-0.0556500459209826
2026-04-01,2026-05-19,GM,live,0.8664602863768355,1,0.0956905526705036
2026-04-01,2026-05-19,GOOG,live,0.4090414407586277,0,-0.0592361344622431
2026-04-01,2026-05-19,HLT,live,0.18185424065003195,1,0.1075175863837363
2026-04-01,2026-05-19,HPE,live,0.8881340619005225,1,0.4776211631271958
2026-04-01,2026-05-19,IBM,live,0.3408254001615766,1,0.1800027164254312
2026-04-01,2026-05-19,JNJ,live,0.19664462678884026,1,0.0182608562967052
2026-04-01,2026-05-19,JPM,live,0.8716174135287832,1,0.1276969147421258
2026-04-01,2026-05-19,KLAC,live,0.3988057589415232,1,0.371554295517734
2026-04-01,2026-05-19,KMI,live,0.14314243288996145,0,-0.0868551830459783
2026-04-01,2026-05-19,KO,live,0.023494583317037833,0,-0.0242919666534356
2026-04-01,2026-05-19,LHX,live,0.8732692925600554,1,0.0162908311883216
2026-04-01,2026-05-19,LRCX,live,0.8658084036384289,1,0.3687174847925614
2026-04-01,2026-05-19,MCD,live,0.8920118100419531,1,0.0107550557782667
2026-04-01,2026-05-19,MMM,live,0.04970250725230271,1,0.0660819166902404
2026-04-01,2026-05-19,MO,live,0.8644621697029261,0,-0.0682432844832137
2026-04-01,2026-05-19,MPWR,live,0.8710696968670957,0,-0.0135548593856182
2026-04-01,2026-05-19,MRK,live,0.327448986536859,1,0.0105042419474457
2026-04-01,2026-05-19,MS,live,0.8474039077863916,1,0.1866230854578301
2026-04-01,2026-05-19,MSFT,live,0.7021851597190527,0,-0.0922572194116706
2026-04-01,2026-05-19,NEE,live,0.7513794865268714,0,-0.0480789953257885
2026-04-01,2026-05-19,NEM,live,0.5634153941447106,1,0.0055190965007729
2026-04-01,2026-05-19,PG,live,0.03384938694926332,1,0.0655342838417634
2026-04-01,2026-05-19,PH,live,0.8653565444803694,1,0.1095641050624258
2026-04-01,2026-05-19,PM,live,0.864837877891694,0,-0.0633189143344516
2026-04-01,2026-05-19,PNC,live,0.2555693566445957,1,0.0931213964106252
2026-04-01,2026-05-19,PYPL,live,0.8620913079473762,0,-0.0399269889776751
2026-04-01,2026-05-19,ROST,live,0.03399475642297806,1,0.0967181118704314
2026-04-01,2026-05-19,SCHW,live,0.03941850132631687,1,0.0294086118008396
2026-04-01,2026-05-19,SO,live,0.024799305267321346,0,-0.0171021948246219
2026-04-01,2026-05-19,SPG,live,0.19538663556651523,1,0.0448073283513481
2026-04-01,2026-05-19,T,live,0.3418678885134908,0,-0.1016813072347766
2026-04-01,2026-05-19,TJX,live,0.21650430272634888,1,0.0892620975630897
2026-04-01,2026-05-19,UNH,live,0.8618527872037802,1,0.0264361545655313
2026-04-01,2026-05-19,UNP,live,0.4368880195071489,0,-0.0497496313414496
2026-04-01,2026-05-19,V,live,0.02436353984968596,1,0.0014246346442543
2026-04-01,2026-05-19,VLO,live,0.4261432617278728,0,-0.0870078107896176
2026-04-01,2026-05-19,VTR,live,0.08519049970353629,0,-0.0701754052667952
2026-04-01,2026-05-19,WELL,live,0.8699510580146622,0,-0.0525229217809274
2026-04-01,2026-05-19,WFC,live,0.8809343192232086,1,0.1242118595274504
2026-04-01,2026-05-19,WMB,live,0.02256265581848697,0,-0.102644853517069
2026-04-01,2026-05-19,XLE,live,0.017922975308069217,0,-0.1080111379946954
2026-04-01,2026-05-19,XLF,live,0.012061935940940445,1,0.0577299579457608
2026-04-01,2026-05-19,XLK,live,0.3115686867234493,1,0.0725005608423936
2026-04-01,2026-05-19,XLU,live,0.017832707748115524,1,0.0027063358473571
2026-04-01,2026-05-20,AAPL,live,0.050246117470111804,0,-0.014028090105459
2026-04-01,2026-05-20,AEP,live,0.2629780471627669,0,-0.0091564578295221
2026-04-01,2026-05-20,AFRM,live,0.885706876005804,1,0.1013110122780731
2026-04-01,2026-05-20,AMAT,live,0.3102360629990612,1,0.4457302952501465
2026-04-01,2026-05-20,AMZN,live,0.3266873511734082,0,-0.0778084208751695
2026-04-01,2026-05-20,ASML,live,0.13591689794334913,1,0.2448504626273706
2026-04-01,2026-05-20,AVGO,live,0.8393593633461806,0,-0.0153437464387881
2026-04-01,2026-05-20,AXP,live,0.6767427447602192,1,0.0909560131999209
2026-04-01,2026-05-20,BAC,live,0.8608406897425207,1,0.0970134933654573
2026-04-01,2026-05-20,BLK,live,0.7655490066670918,0,-0.001407400880914
2026-04-01,2026-05-20,BMY,live,0.05051762027816289,0,-0.077553823787576
2026-04-01,2026-05-20,C,live,0.8298535809757663,1,0.1461304110588446
2026-04-01,2026-05-20,CAT,live,0.29927669182865885,1,0.1298019735978319
2026-04-01,2026-05-20,CME,live,0.7870334201344127,0,-0.1507651694834312
2026-04-01,2026-05-20,COST,live,0.47850565775360643,0,-0.1141143904099546
2026-04-01,2026-05-20,CRWD,live,0.8988021657680906,1,0.0534524938594938
2026-04-01,2026-05-20,CVS,live,0.8706227297346946,1,0.0540308853074937
2026-04-01,2026-05-20,D,live,0.8652774714394901,1,0.0100398681747027
2026-04-01,2026-05-20,DLR,live,0.5180425158788177,0,-0.0131130347759539
2026-04-01,2026-05-20,EMR,live,0.8163673757307436,1,0.1339756357819175
2026-04-01,2026-05-20,EOG,live,0.7825990823405533,0,-0.082256645863374
2026-04-01,2026-05-20,ETN,live,0.12496431813365177,1,0.1108272177347082
2026-04-01,2026-05-20,FDX,live,0.2461734910035373,1,0.0464641706028066
2026-04-01,2026-05-20,GILD,live,0.6599024729181455,0,-0.053026246657871
2026-04-01,2026-05-20,GLD,live,0.11626895098669965,0,-0.0725443201295454
2026-04-01,2026-05-20,GM,live,0.8533204589006058,1,0.041371178764511
2026-04-01,2026-05-20,GOOG,live,0.39102844907235657,0,-0.0453104773134825
2026-04-01,2026-05-20,HLT,live,0.15776974633142513,1,0.077098840884189
2026-04-01,2026-05-20,HPE,live,0.8834001118149679,1,0.402662749040203
2026-04-01,2026-05-20,IBM,live,0.3241685890482518,1,0.1071111382378471
2026-04-01,2026-05-20,JNJ,live,0.1850560160030529,0,-0.0040555028120832
2026-04-01,2026-05-20,JPM,live,0.8629811104158018,1,0.0769587038508556
2026-04-01,2026-05-20,KLAC,live,0.3809529475870421,1,0.4187714951647738
2026-04-01,2026-05-20,KMI,live,0.12502178818547577,0,-0.0595415299468498
2026-04-01,2026-05-20,KO,live,0.03257797971318456,0,-0.0264868618182451
2026-04-01,2026-05-20,LHX,live,0.8627044111049927,0,-0.0463528606022353
2026-04-01,2026-05-20,LRCX,live,0.8568455086137033,1,0.3319182903302144
2026-04-01,2026-05-20,MCD,live,0.8845657446686694,0,-0.0059228733977236
2026-04-01,2026-05-20,MMM,live,0.04016161713207166,1,0.0722393337722093
2026-04-01,2026-05-20,MO,live,0.8565924371043917,0,-0.0574116866132377
2026-04-01,2026-05-20,MPWR,live,0.8624023653404684,1,0.0067148219623607
2026-04-01,2026-05-20,MRK,live,0.32226413989590524,1,0.0076991393502834
2026-04-01,2026-05-20,MS,live,0.827241414008411,1,0.128431983353207
2026-04-01,2026-05-20,MSFT,live,0.6862538459059854,0,-0.0989407778075903
2026-04-01,2026-05-20,NEE,live,0.7370944754597418,0,-0.0172198561331405
2026-04-01,2026-05-20,NEM,live,0.5685138667621615,0,-0.0335226603462305
2026-04-01,2026-05-20,PG,live,0.031478660000158094,1,0.0557427850696115
2026-04-01,2026-05-20,PH,live,0.8522643893218645,1,0.1091757619185764
2026-04-01,2026-05-20,PM,live,0.8623491230548036,0,-0.0542332116922945
2026-04-01,2026-05-20,PNC,live,0.2211200785242137,1,0.0701470798627263
2026-04-01,2026-05-20,PYPL,live,0.8529223161727975,0,-0.0420282068386883
2026-04-01,2026-05-20,ROST,live,0.030442420314065913,1,0.0689196484151815
2026-04-01,2026-05-20,SCHW,live,0.02614555631168543,1,0.0176450596728547
2026-04-01,2026-05-20,SO,live,0.029833470095915582,0,-0.0056612517960085
2026-04-01,2026-05-20,SPG,live,0.14001740087893744,1,0.0354237898644262
2026-04-01,2026-05-20,T,live,0.21747343523887747,0,-0.1171279599097203
2026-04-01,2026-05-20,TJX,live,0.1869330353763593,1,0.0288925987736039
2026-04-01,2026-05-20,TXN,live,0.8819845606635975,1,0.0589739575596668
2026-04-01,2026-05-20,UNH,live,0.8526706472910106,1,0.0460735826363971
2026-04-01,2026-05-20,UNP,live,0.4185171994296599,0,-0.0335590042129874
2026-04-01,2026-05-20,V,live,0.022641608752397985,0,-0.0106122744236583
2026-04-01,2026-05-20,VLO,live,0.1457527000590673,0,-0.0688418683318711
2026-04-01,2026-05-20,VTR,live,0.07904275464702726,0,-0.0790067733696926
2026-04-01,2026-05-20,WELL,live,0.8571272080762851,0,-0.0547093302249451
2026-04-01,2026-05-20,WFC,live,0.870811484099698,1,0.0842896662107077
2026-04-01,2026-05-20,WMB,live,0.03414768270361773,0,-0.0611196029109648
2026-04-01,2026-05-20,XLE,live,0.01664847355392179,0,-0.1008361012747276
2026-04-01,2026-05-20,XLF,live,0.011199459486659617,1,0.0369725097377791
2026-04-01,2026-05-20,XLK,live,0.2957002975350659,1,0.0807271260078454
2026-04-01,2026-05-20,XLU,live,0.01656451664823164,1,0.0056167155566719
2026-04-01,2026-05-21,AAPL,live,0.07256247905048198,0,-0.0261647290870682
2026-04-01,2026-05-21,AEP,live,0.43892941734043806,1,0.0053236821090727
2026-04-01,2026-05-21,AFRM,live,0.8757738776376217,1,0.0747245701140559
2026-04-01,2026-05-21,AMAT,live,0.12047431760415529,1,0.4979876792843507
2026-04-01,2026-05-21,AMZN,live,0.21032558355416156,0,-0.1328689536776434
2026-04-01,2026-05-21,ASML,live,0.2172937851359254,1,0.2118404522613064
2026-04-01,2026-05-21,AVGO,live,0.8271539037866302,0,-0.0541283789105776
2026-04-01,2026-05-21,AXP,live,0.7826899125799163,1,0.0916047594412829
2026-04-01,2026-05-21,BAC,live,0.8842020562327961,1,0.1141968743783707
2026-04-01,2026-05-21,BLK,live,0.6579944755605721,0,-0.0112902559488836
2026-04-01,2026-05-21,BMY,live,0.09402929694208186,0,-0.0814441399875406
2026-04-01,2026-05-21,C,live,0.8001646886102817,1,0.1633125439138001
2026-04-01,2026-05-21,CAT,live,0.29945833655248805,1,0.1805300708887436
2026-04-01,2026-05-21,CME,live,0.8586675054756541,0,-0.1524076542375062
2026-04-01,2026-05-21,COST,live,0.5627982123223668,0,-0.0943405018729185
2026-04-01,2026-05-21,CRWD,live,0.9072674177312667,1,0.0419758770690921
2026-04-01,2026-05-21,CVS,live,0.8757673099572402,1,0.0855122522827889
2026-04-01,2026-05-21,D,live,0.8770455273208357,0,-0.0036608580560606
2026-04-01,2026-05-21,DLR,live,0.49356730426950174,1,0.0065372367619385
2026-04-01,2026-05-21,EMR,live,0.6543420074179861,1,0.1134915753156442
2026-04-01,2026-05-21,EOG,live,0.8677617273780557,0,-0.0510786834884702
2026-04-01,2026-05-21,ETN,live,0.15096737425095613,1,0.1422504983473744
2026-04-01,2026-05-21,FDX,live,0.5443611508667895,1,0.0491269872107051
2026-04-01,2026-05-21,GILD,live,0.7040901212994304,0,-0.0431417414055016
2026-04-01,2026-05-21,GLD,live,0.2208223250506105,0,-0.0776996922114928
2026-04-01,2026-05-21,GM,live,0.8674521154680392,1,0.0417044587344217
2026-04-01,2026-05-21,GOOG,live,0.22652771759537182,0,-0.0904634060838587
2026-04-01,2026-05-21,HLT,live,0.3817165874466594,1,0.0624921994667271
2026-04-01,2026-05-21,HPE,live,0.8911846737818692,1,0.4247865701100231
2026-04-01,2026-05-21,IBM,live,0.13056875321743489,0,-0.0029647784179186
2026-04-01,2026-05-21,JNJ,live,0.20494997893207825,0,-0.0018987720602368
2026-04-01,2026-05-21,JPM,live,0.8685377140876706,1,0.0939934355984426
2026-04-01,2026-05-21,KLAC,live,0.19577833338998604,1,0.4610950084863543
2026-04-01,2026-05-21,KMI,live,0.37065227456681027,0,-0.0373134328358208
2026-04-01,2026-05-21,KO,live,0.02590503161323832,0,-0.0202045019914252
2026-04-01,2026-05-21,LHX,live,0.8635964934269272,0,-0.0669212969627571
2026-04-01,2026-05-21,MCD,live,0.890404696970474,0,-0.0495460163809962
2026-04-01,2026-05-21,MMM,live,0.1317636737866541,1,0.0766490412226839
2026-04-01,2026-05-21,MO,live,0.85915919324418,0,-0.0569800162855643
2026-04-01,2026-05-21,MPWR,live,0.882873155934757,0,-0.0149687718925139
2026-04-01,2026-05-21,MRK,live,0.3743478637952899,0,-0.0034517941488177
2026-04-01,2026-05-21,MS,live,0.8361253447965249,1,0.1325619797478399
2026-04-01,2026-05-21,MSFT,live,0.7977335322999028,0,-0.1234818307576033
2026-04-01,2026-05-21,NEE,live,0.844602919397389,0,-0.0402497548454182
2026-04-01,2026-05-21,NEM,live,0.4993069694539095,0,-0.0602787655213067
2026-04-01,2026-05-21,PG,live,0.12518781393072326,1,0.0298465757424402
2026-04-01,2026-05-21,PH,live,0.7226216385244034,1,0.1126479205993109
2026-04-01,2026-05-21,PM,live,0.8646155893327734,0,-0.0811313169914941
2026-04-01,2026-05-21,PNC,live,0.4795809011827951,1,0.0748271830473361
2026-04-01,2026-05-21,PYPL,live,0.8631955717802657,0,-0.044243772420496
2026-04-01,2026-05-21,ROST,live,0.1012205719215696,1,0.0910723263361679
2026-04-01,2026-05-21,SCHW,live,0.14301116688795723,1,0.0179183171282895
2026-04-01,2026-05-21,SO,live,0.06837359604062718,0,-0.0085950506892482
2026-04-01,2026-05-21,SPG,live,0.27862646558661963,1,0.0471938199891781
2026-04-01,2026-05-21,T,live,0.25591354280029543,0,-0.1278610793846926
2026-04-01,2026-05-21,TJX,live,0.15762849772410667,1,0.0426139411213881
2026-04-01,2026-05-21,TXN,live,0.9021572914220434,1,0.1135761334734626
2026-04-01,2026-05-21,UNH,live,0.4695816569778576,1,0.0632712324679318
2026-04-01,2026-05-21,UNP,live,0.6830345495712793,0,-0.0208333285429259
2026-04-01,2026-05-21,V,live,0.08538625432622439,0,-0.0136506072732701
2026-04-01,2026-05-21,VLO,live,0.22568675541803263,1,0.0111576692615489
2026-04-01,2026-05-21,VTR,live,0.12496237596141758,0,-0.0563636259599165
2026-04-01,2026-05-21,WELL,live,0.7936999963333637,0,-0.0211101230246522
2026-04-01,2026-05-21,WFC,live,0.8874426490046796,1,0.1043203155948566
2026-04-01,2026-05-21,WMB,live,0.12431864294435253,0,-0.0331527322770348
2026-04-01,2026-05-21,XLE,live,0.08126057061189701,0,-0.0857432708141472
2026-04-01,2026-05-21,XLF,live,0.0365209620320801,1,0.0380823746015048
2026-04-01,2026-05-21,XLK,live,0.5283447296960274,1,0.0758677902010553
2026-04-01,2026-05-21,XLU,live,0.043671403978806464,0,-0.0062221950954861
2026-04-01,2026-05-22,AAPL,live,0.162933863189759,0,-0.0470177423317199
2026-04-01,2026-05-22,AEP,live,0.23297076741790115,1,0.0163386975842201
2026-04-01,2026-05-22,AFRM,live,0.4008409752892191,1,0.1013492868235843
2026-04-01,2026-05-22,AMAT,live,0.15898515974984406,1,0.3557015918134141
2026-04-01,2026-05-22,ASML,live,0.16749772032313384,1,0.0891419770635799
2026-04-01,2026-05-22,AVGO,live,0.2804996700806305,0,-0.0820737420913243
2026-04-01,2026-05-22,AXP,live,0.28019148001817773,1,0.0833921358066489
2026-04-01,2026-05-22,BAC,live,0.4043291879812798,1,0.1179536814738047
2026-04-01,2026-05-22,BLK,live,0.27933696924581564,0,-0.0537464891986544
2026-04-01,2026-05-22,BMY,live,0.13520883152015958,0,-0.0660948598332901
2026-04-01,2026-05-22,C,live,0.2877680879977935,1,0.1589256172740865
2026-04-01,2026-05-22,CAT,live,0.1836265689103705,1,0.1185943400296807
2026-04-01,2026-05-22,CME,live,0.3201440684771082,0,-0.1681489360029969
2026-04-01,2026-05-22,COST,live,0.24281564596355712,0,-0.0686221098466618
2026-04-01,2026-05-22,CRWD,live,0.521607842562675,1,0.0263165230145843
2026-04-01,2026-05-22,CVS,live,0.3812048707480403,1,0.0891056977079503
2026-04-01,2026-05-22,D,live,0.3784751645793191,1,0.011526508059739
2026-04-01,2026-05-22,DLR,live,0.21623450020300955,1,0.015466339840561
2026-04-01,2026-05-22,EMR,live,0.19922059504496678,1,0.0492596489583656
2026-04-01,2026-05-22,EOG,live,0.30710298885643256,0,-0.0447529193427894
2026-04-01,2026-05-22,ETN,live,0.16840679765943362,1,0.0355947168992674
2026-04-01,2026-05-22,FDX,live,0.20143795484988086,0,-0.0012815291575984
2026-04-01,2026-05-22,GILD,live,0.25982953497220346,0,-0.0692914373050135
2026-04-01,2026-05-22,GLD,live,0.17653869557609606,0,-0.0882025986032208
2026-04-01,2026-05-22,GM,live,0.32259881867464163,1,0.0020306641814407
2026-04-01,2026-05-22,GOOG,live,0.17998287765684737,0,-0.0877748375822626
2026-04-01,2026-05-22,HLT,live,0.19917982399089457,1,0.070854618635284
2026-04-01,2026-05-22,HPE,live,0.47500904380728654,1,0.3017561411750566
2026-04-01,2026-05-22,IBM,live,0.15233898907559631,1,0.0437283574836655
2026-04-01,2026-05-22,JNJ,live,0.17385531650823607,1,0.0202270443255001
2026-04-01,2026-05-22,JPM,live,0.356525232187679,1,0.0906064668816848
2026-04-01,2026-05-22,KLAC,live,0.18134023428178644,1,0.2947076796625512
2026-04-01,2026-05-22,KMI,live,0.20335137096762101,0,-0.0369931922501248
2026-04-01,2026-05-22,KO,live,0.12133779789229898,0,-0.0143594225593546
2026-04-01,2026-05-22,LHX,live,0.32788966187590063,0,-0.0583691946002729
2026-04-01,2026-05-22,MCD,live,0.43492395688941815,0,-0.0375880744128579
2026-04-01,2026-05-22,MMM,live,0.1548246283698917,1,0.0616635643265452
2026-04-01,2026-05-22,MO,live,0.3123465878005288,0,-0.0309878331291428
2026-04-01,2026-05-22,MPWR,live,0.4227368983056365,0,-0.1044464701493981
2026-04-01,2026-05-22,MRK,live,0.19177397535086346,0,-0.0229556825743163
2026-04-01,2026-05-22,MS,live,0.289641189743815,1,0.1243595490812619
2026-04-01,2026-05-22,MSFT,live,0.28672977039609215,0,-0.1066249470861936
2026-04-01,2026-05-22,NEE,live,0.2965166936536243,0,-0.0239413063073852
2026-04-01,2026-05-22,NEM,live,0.24297410613052817,0,-0.0910442503467745
2026-04-01,2026-05-22,PG,live,0.15706889975797061,1,0.0444475080339994
2026-04-01,2026-05-22,PH,live,0.26414653103014035,1,0.0929915948531825
2026-04-01,2026-05-22,PM,live,0.3258438073082876,0,-0.0545002526714587
2026-04-01,2026-05-22,PNC,live,0.22812935503319984,1,0.0886740082117525
2026-04-01,2026-05-22,PYPL,live,0.3232959116424649,0,-0.0572009677929323
2026-04-01,2026-05-22,ROST,live,0.15870515351846481,0,-0.0245304483059696
2026-04-01,2026-05-22,SCHW,live,0.18151532098297324,1,0.0334996848801989
2026-04-01,2026-05-22,SO,live,0.15056621551669647,1,0.0040190083675613
2026-04-01,2026-05-22,SPG,live,0.19919304218120154,1,0.0603199530852522
2026-04-01,2026-05-22,T,live,0.19849923698926242,0,-0.0969913199026089
2026-04-01,2026-05-22,TJX,live,0.1716326800323698,1,0.0384153766786281
2026-04-01,2026-05-22,TXN,live,0.4742104389546406,0,-0.0156851532535947
2026-04-01,2026-05-22,UNH,live,0.2827994106947001,1,0.0534919008263163
2026-04-01,2026-05-22,UNP,live,0.2644580360918952,0,-0.0273432352856104
2026-04-01,2026-05-22,V,live,0.14987907589801983,0,-0.0012162305112677
2026-04-01,2026-05-22,VLO,live,0.13909382675005297,0,-0.0132815595599097
2026-04-01,2026-05-22,VTR,live,0.16177134745372895,0,-0.0318666086285873
2026-04-01,2026-05-22,WELL,live,0.2906256722925942,1,0.0069389832664368
2026-04-01,2026-05-22,WFC,live,0.4222035299919302,1,0.1011779525281906
2026-04-01,2026-05-22,WMB,live,0.14760187226832763,0,-0.0341531829168457
2026-04-01,2026-05-22,XLE,live,0.1399500758796693,0,-0.0845520667688065
2026-04-01,2026-05-22,XLF,live,0.12544300685837304,1,0.037350837364263
2026-04-01,2026-05-22,XLK,live,0.23459625735928205,1,0.0210654862498762
2026-04-01,2026-05-22,XLU,live,0.1270114820490358,0,-0.0061741739518834
2026-04-01,2026-05-30,AAPL,live,0.15744932284051438,0,-0.0971608266404787
2026-04-01,2026-05-30,ADI,live,0.30178006507466887,0,-0.0533285175757576
2026-04-01,2026-05-30,AEP,live,0.18594097508345775,1,0.0892082041138622
2026-04-01,2026-05-30,AFRM,live,0.38338025528092623,1,0.1105227321249713
2026-04-01,2026-05-30,AMAT,live,0.2450313602633425,1,0.5434386935444127
2026-04-01,2026-05-30,AMZN,live,0.1883652700325597,0,-0.1126958823823915
2026-04-01,2026-05-30,ANET,live,0.27501465524234475,1,0.0290337044420327
2026-04-01,2026-05-30,ASML,live,0.17132973999174836,1,0.1676318695583394
2026-04-01,2026-05-30,AVGO,live,0.26919690682643366,0,-0.1663495280216019
2026-04-01,2026-05-30,AXP,live,0.23302171865058158,1,0.0771321249026888
2026-04-01,2026-05-30,BLK,live,0.27243924567515637,0,-0.0923792808359941
2026-04-01,2026-05-30,BMY,live,0.12116124779678811,1,0.0241343312478143
2026-04-01,2026-05-30,C,live,0.2522312533546499,1,0.1317712769358072
2026-04-01,2026-05-30,CME,live,0.3089118146557585,0,-0.2009212729290437
2026-04-01,2026-05-30,CRWD,live,0.5135907353707585,1,0.0162927129200154
2026-04-01,2026-05-30,CVS,live,0.39406051772389455,1,0.1384919543769267
2026-04-01,2026-05-30,DLR,live,0.16300958872536278,1,0.0030526412160774
2026-04-01,2026-05-30,EMR,live,0.17268528901788588,0,-0.0069531355101773
2026-04-01,2026-05-30,EOG,live,0.2907941029328919,0,-0.0108712862044444
2026-04-01,2026-05-30,ETN,live,0.14092844650760342,1,0.0191213268731953
2026-04-01,2026-05-30,FDX,live,0.15665186616493,0,-0.0192558759344366
2026-04-01,2026-05-30,FTNT,live,0.39694652724416357,1,0.1264767470743757
2026-04-01,2026-05-30,GILD,live,0.31393173975463445,0,-0.0602543426768024
2026-04-01,2026-05-30,GLD,live,0.13597068149725886,0,-0.1163694119513135
2026-04-01,2026-05-30,GM,live,0.3154795262687759,0,-0.0708794050611923
2026-04-01,2026-05-30,GOOG,live,0.1760408417858313,0,-0.0668118757427121
2026-04-01,2026-05-30,HLT,live,0.14137345915298802,1,0.014893501886928
2026-04-01,2026-05-30,IBM,live,0.13384183615011877,0,-0.0664875372887313
2026-04-01,2026-05-30,JNJ,live,0.16860390815430132,1,0.1472507329913734
2026-04-01,2026-05-30,JPM,live,0.30393368981598784,1,0.1004978695506326
2026-04-01,2026-05-30,KLAC,live,0.16263222233397892,1,0.4486577425542826
2026-04-01,2026-05-30,KMI,live,0.14719274603295285,1,0.0382883055655978
2026-04-01,2026-05-30,KO,live,0.10574279479423004,1,0.0460701087360089
2026-04-01,2026-05-30,LHX,live,0.30470186181765735,0,-0.0818579490846953
2026-04-01,2026-05-30,LRCX,live,0.38154411660891946,1,0.2914388494590798
2026-04-01,2026-05-30,MCD,live,0.3461682605001534,0,-0.0430516440032852
2026-04-01,2026-05-30,MMM,live,0.11285435290954414,1,0.0607326291152792
2026-04-01,2026-05-30,MO,live,0.30312260001621866,1,0.0642426143011121
2026-04-01,2026-05-30,MPWR,live,0.39651753382464566,0,-0.1618173474356824
2026-04-01,2026-05-30,MRK,live,0.18408374807216563,1,0.0897911350446518
2026-04-01,2026-05-30,MS,live,0.26901917220984206,1,0.0178846212533803
2026-04-01,2026-05-30,MSFT,live,0.23897545758563685,0,-0.1813921123879788
2026-04-01,2026-05-30,NEE,live,0.27434060884012257,1,0.0189633546186509
2026-04-01,2026-05-30,NEM,live,0.21029990201965904,0,-0.139331534127385
2026-04-01,2026-05-30,NVDA,live,0.2548348598384872,0,-0.0765842484403174
2026-04-01,2026-05-30,PG,live,0.10503477532184613,1,0.0340624092561201
2026-04-01,2026-05-30,PH,live,0.21650023387464742,1,0.1410794933351484
2026-04-01,2026-05-30,PLTR,live,0.25624257562579017,0,-0.2608917726426686
2026-04-01,2026-05-30,PM,live,0.3221850572444706,1,0.0309504458408489
2026-04-01,2026-05-30,PNC,live,0.14082955546132703,1,0.1158194698619587
2026-04-01,2026-05-30,PYPL,live,0.29404367190367997,0,-0.0082681325560841
2026-04-01,2026-05-30,ROST,live,0.11174523586629068,0,-0.0988218802860958
2026-04-01,2026-05-30,SCHW,live,0.12851536291005275,1,0.0366342831543926
2026-04-01,2026-05-30,SO,live,0.10771472237033115,1,0.0510591721067024
2026-04-01,2026-05-30,SPG,live,0.14487131904941095,1,0.1105363012624487
2026-04-01,2026-05-30,T,live,0.18608516626675436,0,-0.120161275560972
2026-04-01,2026-05-30,TJX,live,0.1537955428118844,0,-0.0227463927138025
2026-04-01,2026-05-30,TSM,live,0.17870946209676508,1,0.0875851184785041
2026-04-01,2026-05-30,TXN,live,0.4202769750487456,0,-0.0660821191227853
2026-04-01,2026-05-30,UNH,live,0.2267090007076193,1,0.1038889590577689
2026-04-01,2026-05-30,UNP,live,0.1913084846384766,1,0.038303369621951
2026-04-01,2026-05-30,V,live,0.09488400629937774,1,0.0468501324647723
2026-04-01,2026-05-30,VLO,live,0.1367387819073075,1,0.0878196199525769
2026-04-01,2026-05-30,VTR,live,0.12361257488485346,1,0.0578062661532685
2026-04-01,2026-05-30,WELL,live,0.25105260717424044,1,0.1090926493777322
2026-04-01,2026-05-30,WMB,live,0.11470097014397636,1,0.0514077349813995
2026-04-01,2026-05-30,XLE,live,0.13341000623650712,0,-0.0481435253223653
2026-04-01,2026-05-30,XLF,live,0.11718260418195488,1,0.0414889358991843
2026-04-01,2026-05-30,XLK,live,0.3148599365123546,0,-0.0293686550354681
2026-04-01,2026-05-30,XLU,live,0.13224121809257242,1,0.0360198639075348
2026-04-01,2026-05-30,ZM,live,0.22869955614225476,0,-0.1520818732668829
2026-04-01,2026-06-01,AAPL,live,0.14844259858583114,0,-0.0553361377105848
2026-04-01,2026-06-01,ADI,live,0.28981826685339485,0,-0.0137077875790448
2026-04-01,2026-06-01,AEP,live,0.18326364272503534,1,0.1051780963468211
2026-04-01,2026-06-01,AFRM,live,0.3888450713399837,1,0.1185022487406424
2026-04-01,2026-06-01,AMAT,live,0.23944015968796376,1,0.5780168470454394
2026-04-01,2026-06-01,AMZN,live,0.1826504869817289,0,-0.0877287474967783
2026-04-01,2026-06-01,ANET,live,0.23741634147559373,0,-0.0046870624988154
2026-04-01,2026-06-01,ASML,live,0.16673068679217504,1,0.2215870407896714
2026-04-01,2026-06-01,AXP,live,0.23234491340677288,1,0.0788096918468312
2026-04-01,2026-06-01,BLK,live,0.2929245659838091,0,-0.0579683011593169
2026-04-01,2026-06-01,BMY,live,0.1194109216458538,1,0.0485895929367496
2026-04-01,2026-06-01,C,live,0.2393358349497642,1,0.08420490111042
2026-04-01,2026-06-01,CAT,live,0.1714707548156567,1,0.2305861634929127
2026-04-01,2026-06-01,CME,live,0.2774671147102422,0,-0.1432728372727402
2026-04-01,2026-06-01,COST,live,0.2727762721611621,0,-0.0112460652706077
2026-04-01,2026-06-01,CRWD,live,0.49633951053925157,0,-0.0243297092416094
2026-04-01,2026-06-01,CVS,live,0.3845740809657553,1,0.1415801568395347
2026-04-01,2026-06-01,DLR,live,0.18744114106199572,0,-0.0292972873997043
2026-04-01,2026-06-01,EMR,live,0.19976968628907665,1,0.0105894815717124
2026-04-01,2026-06-01,EOG,live,0.30314559562165183,0,-0.0504318521146077
2026-04-01,2026-06-01,ETN,live,0.1435096748313431,1,0.0650870061460031
2026-04-01,2026-06-01,FDX,live,0.2743103490242992,0,-0.0749209314402559
2026-04-01,2026-06-01,FTNT,live,0.39952345186620986,1,0.0440396612370446
2026-04-01,2026-06-01,GE,live,0.1348232152202875,1,0.1513555266759447
2026-04-01,2026-06-01,GLD,live,0.13217060764582658,0,-0.1042649512828869
2026-04-01,2026-06-01,GM,live,0.31676836391762286,0,-0.0677309924220033
2026-04-01,2026-06-01,GOOG,live,0.18295108406457242,0,-0.0516667579949742
2026-04-01,2026-06-01,HLT,live,0.1604948064127305,0,-0.006583503627202
2026-04-01,2026-06-01,IBM,live,0.18176286711494669,0,-0.1223707019833186
2026-04-01,2026-06-01,JNJ,live,0.161586430939171,1,0.1362802893046268
2026-04-01,2026-06-01,JPM,live,0.3134756428809624,1,0.1036819792036349
2026-04-01,2026-06-01,KLAC,live,0.1673766725176271,1,0.5551740936898657
2026-04-01,2026-06-01,KMI,live,0.1737157513466107,1,0.036304665090296
2026-04-01,2026-06-01,KO,live,0.10995465061307756,1,0.0334435055166615
2026-04-01,2026-06-01,LHX,live,0.29636744337164306,0,-0.0613714920531965
2026-04-01,2026-06-01,LRCX,live,0.36628188911856463,1,0.3664543177485049
2026-04-01,2026-06-01,MCD,live,0.37430754552587686,0,-0.0210060776526563
2026-04-01,2026-06-01,MMM,live,0.1153736717090662,1,0.0727490327910815
2026-04-01,2026-06-01,MO,live,0.3099378309263846,1,0.0480698521342244
2026-04-01,2026-06-01,MPWR,live,0.38041793160227405,0,-0.103754580733169
2026-04-01,2026-06-01,MRK,live,0.17562487944700936,1,0.1157419644263657
2026-04-01,2026-06-01,MS,live,0.26142270435283277,0,-0.0093360564522421
2026-04-01,2026-06-01,MSFT,live,0.2511918274597038,0,-0.1900026102827912
2026-04-01,2026-06-01,NEE,live,0.2625738873391139,1,0.0491273344614793
2026-04-01,2026-06-01,NEM,live,0.21952112596379592,0,-0.1367039521376972
2026-04-01,2026-06-01,NVDA,live,0.25430841335272003,0,-0.1081743813800879
2026-04-01,2026-06-01,PG,live,0.10340718736986153,1,0.0453379003827749
2026-04-01,2026-06-01,PH,live,0.23681345537424917,1,0.1880481107976774
2026-04-01,2026-06-01,PLTR,live,0.24898952344898284,0,-0.2737628222748505
2026-04-01,2026-06-01,PM,live,0.31925927714845154,1,0.0477817666223674
2026-04-01,2026-06-01,PNC,live,0.14421454484398877,1,0.1395380796708334
2026-04-01,2026-06-01,PYPL,live,0.2701307259481531,0,-0.0444788312152153
2026-04-01,2026-06-01,ROST,live,0.1104715474064383,0,-0.050073641513602
2026-04-01,2026-06-01,SCHW,live,0.11478850097905285,1,0.0397791172444697
2026-04-01,2026-06-01,SO,live,0.10969093864229296,1,0.0750308929211078
2026-04-01,2026-06-01,SPG,live,0.1470868092105795,1,0.1033546978966732
2026-04-01,2026-06-01,T,live,0.17778075043717448,0,-0.1568227533102794
2026-04-01,2026-06-01,TJX,live,0.1575194240917105,0,-0.0081833060556464
2026-04-01,2026-06-01,TSM,live,0.17043909807114838,1,0.0962743657950935
2026-04-01,2026-06-01,TXN,live,0.4049440579221444,1,0.0166098053016066
2026-04-01,2026-06-01,UNH,live,0.21870139528268712,1,0.0941663268326213
2026-04-01,2026-06-01,UNP,live,0.194718236050448,1,0.032258064516129
2026-04-01,2026-06-01,V,live,0.10099055957745068,1,0.0629550702229568
2026-04-01,2026-06-01,VLO,live,0.13620115861631762,1,0.0313638445863475
2026-04-01,2026-06-01,VTR,live,0.13835224054193518,1,0.086770334680281
2026-04-01,2026-06-01,WELL,live,0.30676657760525144,1,0.1500304039257209
2026-04-01,2026-06-01,WMB,live,0.11400705047108597,1,0.061393423274642
2026-04-01,2026-06-01,XLE,live,0.1322699801361618,0,-0.073123886256511
2026-04-01,2026-06-01,XLF,live,0.11682819533150864,1,0.0423877171347477
2026-04-01,2026-06-01,XLK,live,0.28674275393034404,0,-0.0267674212372948
2026-04-01,2026-06-01,XLU,live,0.1310648465856901,1,0.0519721985561503
2026-04-01,2026-06-01,ZM,live,0.22119919745879996,0,-0.2267515191291581
2026-04-01,2026-06-02,AAPL,live,0.1562525675255838,0,-0.0660533201710146
2026-04-01,2026-06-02,ADI,live,0.2597793144764161,0,-0.0808601139736322
2026-04-01,2026-06-02,AEP,live,0.17185317736933908,1,0.0624655998999312
2026-04-01,2026-06-02,AFRM,live,0.3371224853956301,1,0.1808195458614054
2026-04-01,2026-06-02,AMAT,live,0.30440973669235416,1,0.3282521974462755
2026-04-01,2026-06-02,AMZN,live,0.18007952262014335,0,-0.0577732445818864
2026-04-01,2026-06-02,ANET,live,0.25455812339567896,0,-0.0496777883015139
2026-04-01,2026-06-02,ASML,live,0.16876710222208544,1,0.0807273754900632
2026-04-01,2026-06-02,AXP,live,0.21152690451375913,1,0.1190790064441482
2026-04-01,2026-06-02,BLK,live,0.28577542615209556,0,-0.0378621498958857
2026-04-01,2026-06-02,BMY,live,0.11255076333463505,1,0.0363569514418309
2026-04-01,2026-06-02,C,live,0.23426138815458292,1,0.067575885625339
2026-04-01,2026-06-02,CAT,live,0.1655907576279914,1,0.0896890293631691
2026-04-01,2026-06-02,CME,live,0.2963100357420296,0,-0.0779547314671155
2026-04-01,2026-06-02,COST,live,0.2688772238407467,0,-0.0310185125962918
2026-04-01,2026-06-02,CRWD,live,0.47089828823206237,1,0.0049287703585123
2026-04-01,2026-06-02,CVS,live,0.38599404055847003,1,0.1710614252356843
2026-04-01,2026-06-02,DLR,live,0.14749339502443953,0,-0.0584213793844676
2026-04-01,2026-06-02,EMR,live,0.17072375000949283,0,-0.0176722842245198
2026-04-01,2026-06-02,EOG,live,0.2844221408872549,0,-0.0720883631199763
2026-04-01,2026-06-02,ETN,live,0.1278458147083706,0,-0.012714902592496
2026-04-01,2026-06-02,FDX,live,0.14069982712264462,0,-0.0459270071476063
2026-04-01,2026-06-02,FTNT,live,0.3816589084733619,1,0.0679833069709376
2026-04-01,2026-06-02,GE,live,0.13380717577993548,1,0.1800956848824744
2026-04-01,2026-06-02,GILD,live,0.2766018290045189,0,-0.0125421217993936
2026-04-01,2026-06-02,GLD,live,0.1265793918285649,0,-0.1003762710965392
2026-04-01,2026-06-02,GM,live,0.28259399418045056,0,-0.0759819706203445
2026-04-01,2026-06-02,GOOG,live,0.1896521099922506,0,-0.0013951281552597
2026-04-01,2026-06-02,HLT,live,0.11804877812999433,0,-0.0021932130777881
2026-04-01,2026-06-02,IBM,live,0.16811108672633043,0,-0.1305470630018383
2026-04-01,2026-06-02,JNJ,live,0.15342550757809365,1,0.1394858289875096
2026-04-01,2026-06-02,JPM,live,0.2868629678530116,1,0.110014675735006
2026-04-01,2026-06-02,KLAC,live,0.2007116155082111,1,0.3015352869188714
2026-04-01,2026-06-02,KMI,live,0.13968741004248744,1,0.0089058134395882
2026-04-01,2026-06-02,KO,live,0.09754275523768235,1,0.036729972183507
2026-04-01,2026-06-02,LHX,live,0.2721156171785821,0,-0.0515707658791046
2026-04-01,2026-06-02,LRCX,live,0.34241403049093855,1,0.170000913492281
2026-04-01,2026-06-02,MCD,live,0.3227723327837065,0,-0.0250759626686384
2026-04-01,2026-06-02,MMM,live,0.10111816915490443,1,0.0461740555867029
2026-04-01,2026-06-02,MO,live,0.2795111691522711,1,0.0332178382830556
2026-04-01,2026-06-02,MPWR,live,0.4237629243999884,0,-0.180468809979148
2026-04-01,2026-06-02,MRK,live,0.1642386973572471,1,0.0840467020532471
2026-04-01,2026-06-02,MS,live,0.23360635173306102,0,-0.0145129555269957
2026-04-01,2026-06-02,MSFT,live,0.21813829766251375,0,-0.1292288846724458
2026-04-01,2026-06-02,NEE,live,0.2554717207569619,1,0.0080532497543019
2026-04-01,2026-06-02,NEM,live,0.1832206908459855,0,-0.1479451776095176
2026-04-01,2026-06-02,NFLX,live,0.36405834584830365,0,-0.1096843776408297
2026-04-01,2026-06-02,NVDA,live,0.2235655415386386,0,-0.1132753104008208
2026-04-01,2026-06-02,PG,live,0.0957350941428882,1,0.046939248741437
2026-04-01,2026-06-02,PH,live,0.24548346371060298,1,0.1524416361175855
2026-04-01,2026-06-02,PLTR,live,0.24539769378960052,0,-0.1737530073612603
2026-04-01,2026-06-02,PM,live,0.34563096396679094,1,0.0232062575971037
2026-04-01,2026-06-02,PNC,live,0.13445275565142975,1,0.1385520141049208
2026-04-01,2026-06-02,PYPL,live,0.2664629398326413,0,-0.0103300942529224
2026-04-01,2026-06-02,ROST,live,0.11014348869900521,0,-0.0532571398340963
2026-04-01,2026-06-02,SCHW,live,0.1132883914832993,1,0.0932541731768916
2026-04-01,2026-06-02,SO,live,0.10524883912283954,1,0.050933604038732
2026-04-01,2026-06-02,SPG,live,0.13546127526681412,1,0.0956615798038496
2026-04-01,2026-06-02,T,live,0.16227132839822594,0,-0.168831166820555
2026-04-01,2026-06-02,TJX,live,0.13882629991759143,0,-0.0152254297658869
2026-04-01,2026-06-02,TSM,live,0.1823971309992929,0,-0.0055071558387985
2026-04-01,2026-06-02,TXN,live,0.40155578697860167,0,-0.0315136687295646
2026-04-01,2026-06-02,UNH,live,0.19580165992744372,1,0.1286515489777959
2026-04-01,2026-06-02,UNP,live,0.1932314252913514,1,0.0493048914601279
2026-04-01,2026-06-02,V,live,0.09659121650448609,1,0.106390956979756
2026-04-01,2026-06-02,VLO,live,0.11597047773116662,1,0.0432896780493707
2026-04-01,2026-06-02,VTR,live,0.13258549272505205,1,0.1188069961159876
2026-04-01,2026-06-02,WELL,live,0.24118025538294374,1,0.1783465331423075
2026-04-01,2026-06-02,WMB,live,0.10349005177711146,1,0.0204739746803805
2026-04-01,2026-06-02,XLE,live,0.11760105895502702,0,-0.0888543442465531
2026-04-01,2026-06-02,XLF,live,0.10602739179466067,1,0.064516124249718
2026-04-01,2026-06-02,XLK,live,0.32098992124675174,0,-0.0635185468453892
2026-04-01,2026-06-02,XLU,live,0.12061306998811286,1,0.0198177426342891
2026-04-01,2026-06-02,ZM,live,0.2924898088581274,0,-0.1944047241146632
2026-04-01,2026-06-03,AAPL,live,0.13753865387851807,0,-0.0052536737945823
2026-04-01,2026-06-03,ADI,live,0.23465870210254555,0,-0.1382548676152702
2026-04-01,2026-06-03,AEP,live,0.16384308164082992,1,0.096587737978403
2026-04-01,2026-06-03,AFRM,live,0.34327677102966525,1,0.2762940412779391
2026-04-01,2026-06-03,AMAT,live,0.33134231754351,1,0.2042254752827843
2026-04-01,2026-06-03,AMZN,live,0.15157791929861258,0,-0.029397672097893
2026-04-01,2026-06-03,ANET,live,0.2533602149390338,0,-0.0824682573074524
2026-04-01,2026-06-03,ASML,live,0.17200291985557598,1,0.0248847061458918
2026-04-01,2026-06-03,AXP,live,0.20226925710602142,1,0.1709750902571793
2026-04-01,2026-06-03,BLK,live,0.2619389212362324,1,0.0049047658880696
2026-04-01,2026-06-03,BMY,live,0.10743624586790843,1,0.0623172472832831
2026-04-01,2026-06-03,C,live,0.21826515570884591,1,0.0772724475554698
2026-04-01,2026-06-03,CAT,live,0.14062381161326748,1,0.0403269741480676
2026-04-01,2026-06-03,CME,live,0.2822832947186613,0,-0.0634895239268672
2026-04-01,2026-06-03,COST,live,0.25755555931415935,0,-0.0105632325870096
2026-04-01,2026-06-03,CRWD,live,0.4479653547340468,1,0.0378673347243763
2026-04-01,2026-06-03,CVS,live,0.35387917357653914,1,0.1461092051310077
2026-04-01,2026-06-03,DLR,live,0.1468909577117754,0,-0.0555858144318375
2026-04-01,2026-06-03,EMR,live,0.15619691381695586,0,-0.0129897910819702
2026-04-01,2026-06-03,EOG,live,0.26345742430748365,0,-0.0757597259413648
2026-04-01,2026-06-03,ETN,live,0.11576398863320475,0,-0.0538686234935291
2026-04-01,2026-06-03,FDX,live,0.1247744634160427,0,-0.0353201989671653
2026-04-01,2026-06-03,FTNT,live,0.3640796518616781,1,0.0666985565089288
2026-04-01,2026-06-03,GE,live,0.12884425943757327,1,0.1998473539212526
2026-04-01,2026-06-03,GILD,live,0.27869073177299825,1,0.01767577860455
2026-04-01,2026-06-03,GLD,live,0.11801918857020244,0,-0.0729153666374262
2026-04-01,2026-06-03,GM,live,0.27288022868798484,0,-0.0697674071132854
2026-04-01,2026-06-03,GOOG,live,0.17557630081399042,1,0.0014057580136528
2026-04-01,2026-06-03,HLT,live,0.10689528884606579,1,0.0203699794775109
2026-04-01,2026-06-03,HON,live,0.20576742403887674,0,-0.0183126682335061
2026-04-01,2026-06-03,IBM,live,0.12318687519304838,0,-0.052710845178037
2026-04-01,2026-06-03,JNJ,live,0.14540838945743947,1,0.1782834710285676
2026-04-01,2026-06-03,JPM,live,0.26408590257997044,1,0.1117500230517516
2026-04-01,2026-06-03,KLAC,live,0.1713104352724244,1,0.108413217634858
2026-04-01,2026-06-03,KMI,live,0.128860543095881,1,0.0219955535734208
2026-04-01,2026-06-03,KO,live,0.09053440054235944,1,0.0683087494603191
2026-04-01,2026-06-03,LHX,live,0.2666646140915598,0,-0.0045477173415665
2026-04-01,2026-06-03,LRCX,live,0.3435593166018944,1,0.022402642921242
2026-04-01,2026-06-03,MCD,live,0.30829606576903235,1,0.0268579022591091
2026-04-01,2026-06-03,MMM,live,0.0913894524720651,1,0.0579624721312015
2026-04-01,2026-06-03,MO,live,0.2631891949735088,1,0.0342815921492991
2026-04-01,2026-06-03,MPWR,live,0.4140445617696449,0,-0.2377255188127289
2026-04-01,2026-06-03,MRK,live,0.15699764413401276,1,0.1295553705817191
2026-04-01,2026-06-03,MS,live,0.22267535010101341,1,0.0180355634202953
2026-04-01,2026-06-03,MSFT,live,0.2293026802633304,0,-0.086231119060475
2026-04-01,2026-06-03,NEE,live,0.24270983978164068,1,0.0444548879810429
2026-04-01,2026-06-03,NEM,live,0.19417104725984904,0,-0.0970503413669501
2026-04-01,2026-06-03,NFLX,live,0.31552270757651935,0,-0.0474729548153957
2026-04-01,2026-06-03,NVDA,live,0.21405620777011825,0,-0.0927590135922947
2026-04-01,2026-06-03,PG,live,0.09163027220566182,1,0.0800342465604324
2026-04-01,2026-06-03,PH,live,0.22821768253840677,1,0.1317998067559653
2026-04-01,2026-06-03,PLTR,live,0.2543686278717203,0,-0.0907172586028937
2026-04-01,2026-06-03,PM,live,0.3247502025687378,1,0.0359781842856503
2026-04-01,2026-06-03,PNC,live,0.12071271039495175,1,0.1430338599422576
2026-04-01,2026-06-03,PYPL,live,0.23647027693990266,1,0.0671204076363416
2026-04-01,2026-06-03,ROST,live,0.09714207244693915,0,-0.0824950685418889
2026-04-01,2026-06-03,SCHW,live,0.10883672126586626,1,0.1202217819883899
2026-04-01,2026-06-03,SO,live,0.09771412040740378,1,0.0827716396285043
2026-04-01,2026-06-03,SPG,live,0.12297778909355342,1,0.1105870506968855
2026-04-01,2026-06-03,T,live,0.1639281103711569,0,-0.1261146246102893
2026-04-01,2026-06-03,TJX,live,0.13623752741753767,0,-0.0230525619401527
2026-04-01,2026-06-03,TSM,live,0.17493446869810572,0,-0.0057935807212264
2026-04-01,2026-06-03,TXN,live,0.3850426465278093,0,-0.0502608961718976
2026-04-01,2026-06-03,UNH,live,0.1885463296694168,1,0.1282758232136935
2026-04-01,2026-06-03,UNP,live,0.17783099377874798,1,0.0767557881295668
2026-04-01,2026-06-03,V,live,0.08752365295177657,1,0.1591869780983621
2026-04-01,2026-06-03,VLO,live,0.10726737624963373,1,0.0241346233084018
2026-04-01,2026-06-03,VTR,live,0.1389555195054179,1,0.1705465026745833
2026-04-01,2026-06-03,WELL,live,0.21745316403763829,1,0.1827245948687839
2026-04-01,2026-06-03,WMB,live,0.0962253852615088,1,0.0206530233310833
2026-04-01,2026-06-03,WMT,live,0.21742293977912944,0,-0.0432030377117533
2026-04-01,2026-06-03,XLE,live,0.10342878672526006,0,-0.0935104402892335
2026-04-01,2026-06-03,XLF,live,0.09798982576633324,1,0.0933752722574317
2026-04-01,2026-06-03,XLK,live,0.26791871566347425,0,-0.0797023886774386
2026-04-01,2026-06-03,XLU,live,0.11215247999162602,1,0.0469000064058289
2026-04-01,2026-06-03,ZM,live,0.21767789175015656,0,-0.1794256200822911
2026-04-01,2026-06-04,AAPL,live,0.1278480165623141,1,0.0045946490547277
2026-04-01,2026-06-04,ADI,live,0.2552538179225238,0,-0.0931290752026675
2026-04-01,2026-06-04,AEP,live,0.15343136801588586,1,0.0640894808148997
2026-04-01,2026-06-04,AFRM,live,0.31735638766587637,1,0.248617213824952
2026-04-01,2026-06-04,AMAT,live,0.31950870975610085,1,0.1815626143192585
2026-04-01,2026-06-04,AMZN,live,0.15986181237454586,0,-0.0379447175963562
2026-04-01,2026-06-04,ANET,live,0.22871518170089936,1,0.0437925698031487
2026-04-01,2026-06-04,ASML,live,0.15804299439630504,1,0.0384643702099172
2026-04-01,2026-06-04,AXP,live,0.19625886628964917,1,0.1391866386263895
2026-04-01,2026-06-04,BLK,live,0.2418292651098651,0,-0.0110995693289743
2026-04-01,2026-06-04,BMY,live,0.10410156650829533,1,0.0017668249384155
2026-04-01,2026-06-04,C,live,0.2129509581889239,1,0.0644469634274527
2026-04-01,2026-06-04,CAT,live,0.1353398157198609,1,0.0313031675876107
2026-04-01,2026-06-04,CME,live,0.30409691933034644,0,-0.0831836415482421
2026-04-01,2026-06-04,COST,live,0.2512689972804883,0,-0.0227284168672088
2026-04-01,2026-06-04,CRWD,live,0.4491772983723122,1,0.1090683916431858
2026-04-01,2026-06-04,CVS,live,0.338475646429887,1,0.0765661480657731
2026-04-01,2026-06-04,DLR,live,0.13816398199551255,0,-0.0794912572474195
2026-04-01,2026-06-04,EMR,live,0.13298057578529704,0,-0.0035196396493937
2026-04-01,2026-06-04,EOG,live,0.26831948059346256,0,-0.0815588095892084
2026-04-01,2026-06-04,ETN,live,0.11466018859072315,0,-0.0123981082760589
2026-04-01,2026-06-04,FDX,live,0.1307953777091579,0,-0.0550914857445693
2026-04-01,2026-06-04,FTNT,live,0.3554353948593103,1,0.0847197707603184
2026-04-01,2026-06-04,GE,live,0.11092885687122056,1,0.1557454592702325
2026-04-01,2026-06-04,GILD,live,0.27047816969320804,1,0.0033287502628178
2026-04-01,2026-06-04,GLD,live,0.11312199862471617,0,-0.070853660391667
2026-04-01,2026-06-04,GM,live,0.2605370550361244,0,-0.0645277898078918
2026-04-01,2026-06-04,GOOG,live,0.1782273278857151,0,-0.0118341464164468
2026-04-01,2026-06-04,HLT,live,0.11012081280556925,1,0.0037261859777253
2026-04-01,2026-06-04,HON,live,0.19425115936614043,1,0.0128199103125703
2026-04-01,2026-06-04,IBM,live,0.1107265902560732,0,-0.0074560098151379
2026-04-01,2026-06-04,JNJ,live,0.13583709258928503,1,0.1365647922749613
2026-04-01,2026-06-04,JPM,live,0.2686859762161863,1,0.0863005735407926
2026-04-01,2026-06-04,KLAC,live,0.20890576890181453,1,0.0947867152662427
2026-04-01,2026-06-04,KMI,live,0.12007858484225757,0,-0.0003154646259039
2026-04-01,2026-06-04,KO,live,0.09228072534650043,1,0.079927094689407
2026-04-01,2026-06-04,LHX,live,0.24945917316418978,0,-0.0274711401612728
2026-04-01,2026-06-04,LRCX,live,0.3142765349589938,1,0.0409916720513834
2026-04-01,2026-06-04,MCD,live,0.2974718305380746,1,0.0248606583637041
2026-04-01,2026-06-04,META,live,0.2414616465693274,0,-0.0434693006015206
2026-04-01,2026-06-04,MMM,live,0.08784582783717174,1,0.0417620569849883
2026-04-01,2026-06-04,MO,live,0.2523236106754296,1,0.0181302947161687
2026-04-01,2026-06-04,MPWR,live,0.39653165168091337,0,-0.1854471591617109
2026-04-01,2026-06-04,MRK,live,0.14439937823605248,1,0.0542158367474545
2026-04-01,2026-06-04,MS,live,0.21001246295053003,1,0.017547082769439
2026-04-01,2026-06-04,MSFT,live,0.2257917863186108,0,-0.0965074144064076
2026-04-01,2026-06-04,NEE,live,0.234488627121982,1,0.0205415748128112
2026-04-01,2026-06-04,NEM,live,0.19234110703080845,0,-0.0935106130489195
2026-04-01,2026-06-04,NFLX,live,0.30997564831515945,0,-0.0679254669122241
2026-04-01,2026-06-04,NVDA,live,0.20976161527601236,0,-0.1056891988626459
2026-04-01,2026-06-04,PG,live,0.08892887282958117,1,0.06059098489317
2026-04-01,2026-06-04,PH,live,0.19199148211516545,1,0.1136512239920237
2026-04-01,2026-06-04,PLTR,live,0.2439251113488537,0,-0.0646436405037834
2026-04-01,2026-06-04,PM,live,0.2904602136481696,1,0.0558316972797257
2026-04-01,2026-06-04,PNC,live,0.12294631240474702,1,0.1149374257278044
2026-04-01,2026-06-04,PYPL,live,0.2401568746085928,1,0.0547368456745704
2026-04-01,2026-06-04,ROST,live,0.08847626573298527,0,-0.0931090585066473
2026-04-01,2026-06-04,SCHW,live,0.09929474895467584,1,0.1434091221202502
2026-04-01,2026-06-04,SO,live,0.09132158781738473,1,0.0476969546625616
2026-04-01,2026-06-04,SPG,live,0.11952232603408298,1,0.0910677852202994
2026-04-01,2026-06-04,T,live,0.15915676807629575,0,-0.0961792046565775
2026-04-01,2026-06-04,TJX,live,0.12267263853463506,0,-0.0461451623204978
2026-04-01,2026-06-04,TSM,live,0.16397401825758506,1,0.0154409667127803
2026-04-01,2026-06-04,TXN,live,0.3681088921139884,0,-0.00612370287549
2026-04-01,2026-06-04,UNH,live,0.24224377425723667,1,0.0542789844059155
2026-04-01,2026-06-04,UNP,live,0.17107129841267188,1,0.0708222920563517
2026-04-01,2026-06-04,V,live,0.08255266350981126,1,0.1157786500474948
2026-04-01,2026-06-04,VLO,live,0.11251267246662505,1,0.0443113809165458
2026-04-01,2026-06-04,VTR,live,0.1342128955533498,1,0.1657395810777508
2026-04-01,2026-06-04,WELL,live,0.21053114078799864,1,0.1585262403302128
2026-04-01,2026-06-04,WMB,live,0.09341936367356796,1,0.0053845007318129
2026-04-01,2026-06-04,WMT,live,0.228471521332408,0,-0.0602173982209008
2026-04-01,2026-06-04,XLE,live,0.099150010296003,0,-0.0956595562874003
2026-04-01,2026-06-04,XLF,live,0.09546019550907858,1,0.0756850137359073
2026-04-01,2026-06-04,XLK,live,0.2508567498636366,0,-0.0496971110199548
2026-04-01,2026-06-04,XLU,live,0.10518060821649668,1,0.0309513120814002
2026-04-01,2026-06-04,ZM,live,0.20710958120494363,0,-0.192472200135097
2026-04-01,2026-06-09,AAPL,live,0.10416524327495917,1,0.0883497315650398
2026-04-01,2026-06-09,ABBV,live,0.1244491296163325,1,0.1086416719549858
2026-04-01,2026-06-09,ADI,live,0.10206730579933998,0,-0.027136524643499
2026-04-01,2026-06-09,AEP,live,0.09736704656096498,1,0.047667531821042
2026-04-01,2026-06-09,AFRM,live,0.1343659942938234,1,0.2867454767920405
2026-04-01,2026-06-09,AMAT,live,0.15828370126548738,1,0.1791830757007242
2026-04-01,2026-06-09,AMZN,live,0.11623287421808576,1,0.0116712019993956
2026-04-01,2026-06-09,ASML,live,0.13334603023212316,1,0.0148950540158911
2026-04-01,2026-06-09,AVGO,live,0.15011303991756733,1,0.0228222705168184
2026-04-01,2026-06-09,AXP,live,0.07127635391254118,1,0.0890131160979215
2026-04-01,2026-06-09,BLK,live,0.1255661697642217,1,0.0076287309137728
2026-04-01,2026-06-09,BMY,live,0.08957575991472784,1,0.0258498423566886
2026-04-01,2026-06-09,C,live,0.07119077827500514,1,0.0359237864630197
2026-04-01,2026-06-09,CAT,live,0.11232022499826518,1,0.0258992042475716
2026-04-01,2026-06-09,CME,live,0.06129839022102681,0,-0.0634132826940746
2026-04-01,2026-06-09,COST,live,0.11287787067456875,0,-0.0574237340982277
2026-04-01,2026-06-09,CVS,live,0.09204344589558655,1,0.0592417076512783
2026-04-01,2026-06-09,CVX,live,0.1009626538708077,0,-0.0680552143334578
2026-04-01,2026-06-09,DLR,live,0.05943267378327455,0,-0.0302816799141091
2026-04-01,2026-06-09,EMR,live,0.142545535960876,0,-0.0324392302807576
2026-04-01,2026-06-09,EOG,live,0.07629872198226988,0,-0.0275978190809638
2026-04-01,2026-06-09,ETN,live,0.1342415934641894,1,0.0102309701759273
2026-04-01,2026-06-09,FDX,live,0.12781274003005488,0,-0.063057670641237
2026-04-01,2026-06-09,GE,live,0.06551851602725065,1,0.0865512828114296
2026-04-01,2026-06-09,GILD,live,0.10200274073282363,1,0.0744222815768176
2026-04-01,2026-06-09,GLD,live,0.09496719355695495,0,-0.032243221615423
2026-04-01,2026-06-09,GM,live,0.17404583869412552,0,-0.0848853919414613
2026-04-01,2026-06-09,GOOG,live,0.07410757344528181,0,-0.0166993794138727
2026-04-01,2026-06-09,GS,live,0.10231552817708375,1,0.0232167912237029
2026-04-01,2026-06-09,HD,live,0.05427379074702773,1,0.0541500175557045
2026-04-01,2026-06-09,HLT,live,0.11650998962315108,0,-0.0143620670886051
2026-04-01,2026-06-09,HON,live,0.17931342535038533,0,-0.0123738145510226
2026-04-01,2026-06-09,IBM,live,0.1727899215560668,1,0.0641824865233913
2026-04-01,2026-06-09,JNJ,live,0.06853812480244724,1,0.0932489709009098
2026-04-01,2026-06-09,JPM,live,0.07649416977930201,1,0.0728173588896325
2026-04-01,2026-06-09,KLAC,live,0.14530979755553428,1,0.0728392380483682
2026-04-01,2026-06-09,KMI,live,0.08033163502856178,1,0.0338226345925363
2026-04-01,2026-06-09,KO,live,0.08751689984353284,1,0.0158593677600944
2026-04-01,2026-06-09,LHX,live,0.12670453600992462,0,-0.0593828650198576
2026-04-01,2026-06-09,LLY,live,0.17710668419313863,1,0.0631354562584067
2026-04-01,2026-06-09,LMT,live,0.14121019175547414,0,-0.0223907249313523
2026-04-01,2026-06-09,MCD,live,0.054559106190180784,0,-0.0204074748117802
2026-04-01,2026-06-09,MMM,live,0.10357052968427224,0,-0.0067140038100627
2026-04-01,2026-06-09,MO,live,0.09021048789323685,1,0.0004192115751864
2026-04-01,2026-06-09,MPWR,live,0.1346958059184943,0,-0.1030365785443482
2026-04-01,2026-06-09,MRK,live,0.12368585669288655,1,0.0457357967432308
2026-04-01,2026-06-09,MS,live,0.10244749894009739,1,0.0565041849360878
2026-04-01,2026-06-09,MSFT,live,0.10140616066635981,0,-0.0472224737552688
2026-04-01,2026-06-09,NEE,live,0.08069055239071227,1,0.0267593610051697
2026-04-01,2026-06-09,NEM,live,0.1076288997424699,0,-0.0378526823856142
2026-04-01,2026-06-09,NFLX,live,0.07969493021299284,0,-0.072964036042304
2026-04-01,2026-06-09,NVDA,live,0.1357313860706737,0,-0.0259858955697547
2026-04-01,2026-06-09,PANW,live,0.10154252725268971,1,0.298595162848865
2026-04-01,2026-06-09,PG,live,0.04188313256839027,0,-0.0122418247652191
2026-04-01,2026-06-09,PH,live,0.09660642392891974,1,0.0481927182991013
2026-04-01,2026-06-09,PLTR,live,0.1510048285703353,0,-0.0229424840618623
2026-04-01,2026-06-09,PM,live,0.09291254020193052,1,0.0150148052736986
2026-04-01,2026-06-09,PNC,live,0.0953734112742438,1,0.0806702195588529
2026-04-01,2026-06-09,PYPL,live,0.1060220485323998,1,0.0931018016302172
2026-04-01,2026-06-09,ROST,live,0.1170082812525639,0,-0.0385704552731934
2026-04-01,2026-06-09,RTX,live,0.09044048208642638,1,0.0751266775339456
2026-04-01,2026-06-09,SCHW,live,0.04914628502939698,1,0.1480230654043772
2026-04-01,2026-06-09,SO,live,0.0931881361243919,1,0.0238838224162536
2026-04-01,2026-06-09,SOFI,live,0.13069650679217262,1,0.1305404745302936
2026-04-01,2026-06-09,SPG,live,0.059649995953494885,1,0.0369059764346801
2026-04-01,2026-06-09,SPOT,live,0.19802168142554455,0,-0.020837524308682
2026-04-01,2026-06-09,T,live,0.06924950492523246,0,-0.0735358096111561
2026-04-01,2026-06-09,TJX,live,0.058503358949438394,0,-0.0847334362494123
2026-04-01,2026-06-09,TSLA,live,0.13990328884593087,1,0.0248815047378871
2026-04-01,2026-06-09,TSM,live,0.11351697207178862,1,0.0211253919977509
2026-04-01,2026-06-09,TXN,live,0.09076061962893932,1,0.0689463796550329
2026-04-01,2026-06-09,UNH,live,0.08205109660641155,1,0.0452300064788893
2026-04-01,2026-06-09,UNP,live,0.05581667420299385,1,0.0507225369638091
2026-04-01,2026-06-09,V,live,0.11188254614189294,1,0.0712198901198151
2026-04-01,2026-06-09,VLO,live,0.12048188706917769,1,0.1082433657216335
2026-04-01,2026-06-09,VTR,live,0.06266421586195564,1,0.1124044683624823
2026-04-01,2026-06-09,WELL,live,0.12241142349970391,1,0.1225999435165792
2026-04-01,2026-06-09,WMB,live,0.118508206017433,1,0.0539181562760964
2026-04-01,2026-06-09,WMT,live,0.12792566690165164,0,-0.0561069845478444
2026-04-01,2026-06-09,XLE,live,0.09778946367671004,0,-0.0447813159462722
2026-04-01,2026-06-09,XLF,live,0.048129442245308615,1,0.0587114350897182
2026-04-01,2026-06-09,XLK,live,0.07417317563577328,1,0.0253360719301172
2026-04-01,2026-06-09,XLU,live,0.062272826059576604,1,0.0261482841711833
2026-04-01,2026-06-09,ZM,live,0.11430559395731109,0,-0.0717753221750715
2026-04-01,2026-06-10,AAPL,live,0.10416524327495917,1,0.0814185535538096
2026-04-01,2026-06-10,ABBV,live,0.1244491296163325,1,0.1028228726232629
2026-04-01,2026-06-10,ADI,live,0.10206730579933998,1,0.0075890197031773
2026-04-01,2026-06-10,AEP,live,0.09736704656096498,1,0.0536839178558818
2026-04-01,2026-06-10,AFRM,live,0.1343659942938234,1,0.328132404792756
2026-04-01,2026-06-10,AMAT,live,0.15828370126548738,1,0.2122492266989168
2026-04-01,2026-06-10,AMZN,live,0.11623287421808576,1,0.0308403207474396
2026-04-01,2026-06-10,ASML,live,0.13334603023212316,1,0.0364031663288397
2026-04-01,2026-06-10,AVGO,live,0.15011303991756733,1,0.074899206288737
2026-04-01,2026-06-10,AXP,live,0.07127635391254118,1,0.1188485053603474
2026-04-01,2026-06-10,BLK,live,0.1255661697642217,1,0.0251612704912216
2026-04-01,2026-06-10,BMY,live,0.08957575991472784,1,0.0356115721451895
2026-04-01,2026-06-10,C,live,0.07119077827500514,1,0.0555554665770983
2026-04-01,2026-06-10,CAT,live,0.11232022499826518,1,0.1124205791196824
2026-04-01,2026-06-10,CME,live,0.06129839022102681,0,-0.0891963025372625
2026-04-01,2026-06-10,COST,live,0.11287787067456875,0,-0.0682550773874169
2026-04-01,2026-06-10,CVS,live,0.09204344589558655,1,0.0625383094546976
2026-04-01,2026-06-10,CVX,live,0.1009626538708077,0,-0.0706006793457179
2026-04-01,2026-06-10,DLR,live,0.05943267378327455,0,-0.0020466595844997
2026-04-01,2026-06-10,EMR,live,0.142545535960876,1,0.0129093739667542
2026-04-01,2026-06-10,EOG,live,0.07629872198226988,0,-0.0440546958194963
2026-04-01,2026-06-10,ETN,live,0.1342415934641894,1,0.0847493955371962
2026-04-01,2026-06-10,FDX,live,0.12781274003005488,0,-0.014283469251664
2026-04-01,2026-06-10,GE,live,0.06551851602725065,1,0.1272630248377722
2026-04-01,2026-06-10,GILD,live,0.10200274073282363,1,0.0687355798763609
2026-04-01,2026-06-10,GLD,live,0.09496719355695495,1,0.0064873278884871
2026-04-01,2026-06-10,GM,live,0.17404583869412552,0,-0.0195214486394262
2026-04-01,2026-06-10,GOOG,live,0.07410757344528181,1,0.0048397809906897
2026-04-01,2026-06-10,GS,live,0.10231552817708375,1,0.0538206482299596
2026-04-01,2026-06-10,HD,live,0.05427379074702773,1,0.0764454199759989
2026-04-01,2026-06-10,HLT,live,0.11650998962315108,0,-0.0081012069791432
2026-04-01,2026-06-10,HON,live,0.17931342535038533,1,0.0486277143110742
2026-04-01,2026-06-10,IBM,live,0.1727899215560668,1,0.0558085365859124
2026-04-01,2026-06-10,JNJ,live,0.06853812480244724,1,0.0775294774090398
2026-04-01,2026-06-10,JPM,live,0.07649416977930201,1,0.0884064995705782
2026-04-01,2026-06-10,KLAC,live,0.14530979755553428,1,0.0840778843866125
2026-04-01,2026-06-10,KMI,live,0.08033163502856178,1,0.0087939314684368
2026-04-01,2026-06-10,KO,live,0.08751689984353284,0,-0.0011962971468125
2026-04-01,2026-06-10,LHX,live,0.12670453600992462,0,-0.040363072562139
2026-04-01,2026-06-10,LLY,live,0.17710668419313863,1,0.04594450853317
2026-04-01,2026-06-10,LMT,live,0.14121019175547414,0,-0.0034285336961666
2026-04-01,2026-06-10,MCD,live,0.054559106190180784,0,-0.0280333541630323
2026-04-01,2026-06-10,MMM,live,0.10357052968427224,1,0.0042715852271191
2026-04-01,2026-06-10,MO,live,0.09021048789323685,0,-0.0183234840450919
2026-04-01,2026-06-10,MPWR,live,0.1346958059184943,0,-0.0816678743536996
2026-04-01,2026-06-10,MRK,live,0.12368585669288655,1,0.037366737043226
2026-04-01,2026-06-10,MS,live,0.10244749894009739,1,0.0755830583586281
2026-04-01,2026-06-10,MSFT,live,0.10140616066635981,0,-0.0308535828971302
2026-04-01,2026-06-10,NEE,live,0.08069055239071227,1,0.0333646175546518
2026-04-01,2026-06-10,NEM,live,0.1076288997424699,1,0.0271640009016782
2026-04-01,2026-06-10,NFLX,live,0.07969493021299284,0,-0.1052438689441215
2026-04-01,2026-06-10,NVDA,live,0.1357313860706737,1,0.052589605035507
2026-04-01,2026-06-10,PANW,live,0.10154252725268971,1,0.2381658010435245
2026-04-01,2026-06-10,PG,live,0.04188313256839027,0,-0.0134854728243583
2026-04-01,2026-06-10,PH,live,0.09660642392891974,1,0.0978415330447941
2026-04-01,2026-06-10,PLTR,live,0.1510048285703353,0,-0.0262653069810157
2026-04-01,2026-06-10,PM,live,0.09291254020193052,0,-0.007269755961958
2026-04-01,2026-06-10,PNC,live,0.0953734112742438,1,0.082831861773631
2026-04-01,2026-06-10,PYPL,live,0.1060220485323998,1,0.1380835092514842
2026-04-01,2026-06-10,ROST,live,0.1170082812525639,0,-0.0389789296201508
2026-04-01,2026-06-10,RTX,live,0.09044048208642638,1,0.1043908947149596
2026-04-01,2026-06-10,SCHW,live,0.04914628502939698,1,0.155147380131456
2026-04-01,2026-06-10,SO,live,0.0931881361243919,1,0.0169113382690426
2026-04-01,2026-06-10,SOFI,live,0.13069650679217262,1,0.1833648911197776
2026-04-01,2026-06-10,SPG,live,0.059649995953494885,1,0.0279578833919393
2026-04-01,2026-06-10,SPOT,live,0.19802168142554455,0,-0.0463725239650334
2026-04-01,2026-06-10,T,live,0.06924950492523246,0,-0.0896165448406915
2026-04-01,2026-06-10,TJX,live,0.058503358949438394,0,-0.0973398960261804
2026-04-01,2026-06-10,TSLA,live,0.13990328884593087,1,0.0685814976254286
2026-04-01,2026-06-10,TSM,live,0.11351697207178862,1,0.0620427776185015
2026-04-01,2026-06-10,TXN,live,0.09076061962893932,1,0.1044288524153047
2026-04-01,2026-06-10,UNH,live,0.08205109660641155,1,0.0421145732635721
2026-04-01,2026-06-10,UNP,live,0.05581667420299385,1,0.0746357816233733
2026-04-01,2026-06-10,V,live,0.11188254614189294,1,0.0805363216924746
2026-04-01,2026-06-10,VLO,live,0.12048188706917769,1,0.0879879571544968
2026-04-01,2026-06-10,VTR,live,0.06266421586195564,1,0.0748074131847698
2026-04-01,2026-06-10,WELL,live,0.12241142349970391,1,0.0957134541498874
2026-04-01,2026-06-10,WMB,live,0.118508206017433,1,0.0381953283316069
2026-04-01,2026-06-10,WMT,live,0.12792566690165164,0,-0.0554771955815182
2026-04-01,2026-06-10,XLE,live,0.09778946367671004,0,-0.0544205694239539
2026-04-01,2026-06-10,XLF,live,0.048129442245308615,1,0.0666283663169897
2026-04-01,2026-06-10,XLK,live,0.07417317563577328,1,0.0518031684512212
2026-04-01,2026-06-10,XLU,live,0.062272826059576604,1,0.0320454510775478
2026-04-01,2026-06-10,ZM,live,0.11430559395731109,0,-0.0446998402422957
2026-04-01,2026-06-11,AAPL,live,0.0664844446773362,1,0.0733348858969007
2026-04-01,2026-06-11,ABBV,live,0.10540969004701473,1,0.1033500702317031
2026-04-01,2026-06-11,ADI,live,0.07948976905554506,0,-0.0633780477221371
2026-04-01,2026-06-11,AEP,live,0.09835663516677964,1,0.0556507580404663
2026-04-01,2026-06-11,AMAT,live,0.18145228072524186,1,0.041166038283479
2026-04-01,2026-06-11,AMZN,live,0.07442463903440158,1,0.0240155818959022
2026-04-01,2026-06-11,ASML,live,0.07151264538123457,0,-0.0913091705043654
2026-04-01,2026-06-11,AVGO,live,0.1031101956004641,0,-0.0039422660019606
2026-04-01,2026-06-11,AXP,live,0.09201061561439991,1,0.1128449984093948
2026-04-01,2026-06-11,BLK,live,0.09958368371099892,1,0.0147357229653102
2026-04-01,2026-06-11,BMY,live,0.11642856993008906,1,0.0428822242754991
2026-04-01,2026-06-11,C,live,0.09946200959328604,1,0.0191207304237273
2026-04-01,2026-06-11,CAT,live,0.10318110170577688,1,0.0376992364740864
2026-04-01,2026-06-11,CME,live,0.12083267237274666,0,-0.0651460334480488
2026-04-01,2026-06-11,COST,live,0.09789946388859416,0,-0.0504873572982862
2026-04-01,2026-06-11,CSCO,live,0.14890646096932506,0,-0.021177064698993
2026-04-01,2026-06-11,CVS,live,0.13612738707032696,1,0.0539410627773562
2026-04-01,2026-06-11,CVX,live,0.0924621314344293,0,-0.0194812734543722
2026-04-01,2026-06-11,DLR,live,0.12198775243712028,0,-0.0269087632218778
2026-04-01,2026-06-11,EMR,live,0.1410096544233623,0,-0.0472235317616712
2026-04-01,2026-06-11,EOG,live,0.11683614730406483,1,0.0225591581234361
2026-04-01,2026-06-11,ETN,live,0.14946174645617982,1,0.0233969899206096
2026-04-01,2026-06-11,FDX,live,0.08187485008158502,0,-0.0717751768213756
2026-04-01,2026-06-11,GE,live,0.09453885573826051,1,0.0620867984607313
2026-04-01,2026-06-11,GILD,live,0.11992269864569674,1,0.0439341465737157
2026-04-01,2026-06-11,GLD,live,0.09764393761604666,0,-0.049673850894554
2026-04-01,2026-06-11,GM,live,0.08832242078133877,0,-0.0510822180749938
2026-04-01,2026-06-11,GOOG,live,0.09887835845154283,0,-0.0165189145478706
2026-04-01,2026-06-11,GS,live,0.10919917089044497,1,0.0099165920454862
2026-04-01,2026-06-11,HD,live,0.09485312162514967,1,0.0340479594289682
2026-04-01,2026-06-11,HLT,live,0.09757727327349394,0,-0.0567775521448361
2026-04-01,2026-06-11,HON,live,0.14514133884172423,0,-0.0328798421573161
2026-04-01,2026-06-11,IBM,live,0.17942847831497202,1,0.0559578116837298
2026-04-01,2026-06-11,JNJ,live,0.10027531021864902,1,0.0815675199650174
2026-04-01,2026-06-11,JPM,live,0.09097269156461797,1,0.0671154078291038
2026-04-01,2026-06-11,KMI,live,0.08845193907007874,1,0.0280612580034438
2026-04-01,2026-06-11,KO,live,0.10760144140778773,1,0.0208409214363709
2026-04-01,2026-06-11,LHX,live,0.0932017764124788,0,-0.0752154594495144
2026-04-01,2026-06-11,LLY,live,0.11138834445021753,1,0.0180197638358101
2026-04-01,2026-06-11,LMT,live,0.13046406172100417,0,-0.0510315673503068
2026-04-01,2026-06-11,MCD,live,0.06733371167256591,0,-0.0427011417327601
2026-04-01,2026-06-11,MMM,live,0.10145405935541658,0,-0.0013299139319669
2026-04-01,2026-06-11,MO,live,0.10934228688331944,1,0.006441661684394
2026-04-01,2026-06-11,MRK,live,0.10085039252640794,1,0.0270784745380965
2026-04-01,2026-06-11,MS,live,0.10906817265116979,1,0.0396407059654502
2026-04-01,2026-06-11,MSFT,live,0.1066690812156653,1,0.0016651993200351
2026-04-01,2026-06-11,NEE,live,0.12631100395494335,1,0.0417256137238462
2026-04-01,2026-06-11,NEM,live,0.13535112590788678,0,-0.0460087922149683
2026-04-01,2026-06-11,NFLX,live,0.15916738869868777,0,-0.0915466361428287
2026-04-01,2026-06-11,NVDA,live,0.1090809868643922,0,-0.0065407154284556
2026-04-01,2026-06-11,PANW,live,0.1258596406607447,1,0.1816262627817537
2026-04-01,2026-06-11,PG,live,0.11767328054215742,1,0.0002022298775614
2026-04-01,2026-06-11,PH,live,0.1207366706666825,1,0.0541795659352439
2026-04-01,2026-06-11,PLTR,live,0.17918179743255513,0,-0.0079341511320873
2026-04-01,2026-06-11,PM,live,0.09841350730214196,0,-0.0032085070384824
2026-04-01,2026-06-11,PNC,live,0.10285650769368665,1,0.0808327069537655
2026-04-01,2026-06-11,PYPL,live,0.16697512653669389,1,0.1554316097605557
2026-04-01,2026-06-11,ROST,live,0.14953202499565493,0,-0.0821797241701554
2026-04-01,2026-06-11,RTX,live,0.08775021787516098,1,0.0661201467447987
2026-04-01,2026-06-11,SCHW,live,0.07664149240684348,1,0.1542277426814149
2026-04-01,2026-06-11,SO,live,0.10153871176285675,1,0.0343090457039767
2026-04-01,2026-06-11,SOFI,live,0.153499947352433,1,0.0875824281818025
2026-04-01,2026-06-11,SPG,live,0.13624808267321178,1,0.0215489382372711
2026-04-01,2026-06-11,SPOT,live,0.1324339107259234,0,-0.012674904654546
2026-04-01,2026-06-11,T,live,0.10856578248511994,0,-0.0630435114321501
2026-04-01,2026-06-11,TJX,live,0.11935691386290656,0,-0.1057977779852488
2026-04-01,2026-06-11,TSLA,live,0.08082237772997936,0,-0.0109983319503641
2026-04-01,2026-06-11,TSM,live,0.10663622914221954,1,0.0012111507330756
2026-04-01,2026-06-11,TXN,live,0.1123944289037394,1,0.0049478330208816
2026-04-01,2026-06-11,UNH,live,0.12682336131115057,1,0.0580446535654661
2026-04-01,2026-06-11,UNP,live,0.10870962945245757,1,0.0777173333770144
2026-04-01,2026-06-11,V,live,0.16109443315172714,1,0.1212976451581739
2026-04-01,2026-06-11,VLO,live,0.11177837210363206,1,0.1572378774714491
2026-04-01,2026-06-11,VTR,live,0.11110177669101895,1,0.097389417432198
2026-04-01,2026-06-11,WELL,live,0.09823342692971271,1,0.1133526609881208
2026-04-01,2026-06-11,WMB,live,0.07882018394760423,1,0.0396536753557463
2026-04-01,2026-06-11,WMT,live,0.11189860895206949,0,-0.0474688897983661
2026-04-01,2026-06-11,XLE,live,0.07631583643466215,0,-0.006652613104407
2026-04-01,2026-06-11,XLF,live,0.09484843537740857,1,0.0655644400032275
2026-04-01,2026-06-11,XLK,live,0.1181022208479527,0,-0.0105344024007626
2026-04-01,2026-06-11,XLU,live,0.06862350353738168,1,0.0379115099334113
2026-04-01,2026-06-11,XOM,live,0.09767518337340259,0,-0.0142565587289533
2026-04-01,2026-06-11,ZM,live,0.13286706187206465,0,-0.004766057656637
2026-04-01,2026-06-22,AAPL,live,0.14206808724144482,1,0.1034644606523513
2026-04-01,2026-06-22,ABBV,live,0.07063107059037037,1,0.1134299040031683
2026-04-01,2026-06-22,ADI,live,0.18985804484270177,0,-0.1406797429338703
2026-04-01,2026-06-22,AEP,live,0.07336050901926001,1,0.0013813712322765
2026-04-01,2026-06-22,AMZN,live,0.26673611802962066,1,0.063404829207941
2026-04-01,2026-06-22,ASML,live,0.2472967179915296,0,-0.0662122535878579
2026-04-01,2026-06-22,AVGO,live,0.28529128171043266,0,-0.0143574957608638
2026-04-01,2026-06-22,AXP,live,0.07158199216376734,1,0.0376253466593512
2026-04-01,2026-06-22,BA,live,0.07875694665962067,0,-0.0725897688103113
2026-04-01,2026-06-22,BLK,live,0.059415244891840295,0,-0.0128358721027538
2026-04-01,2026-06-22,BMY,live,0.06978596793630547,1,0.1138939571360535
2026-04-01,2026-06-22,C,live,0.09458659581393306,0,-0.0880758014163952
2026-04-01,2026-06-22,CAT,live,0.2293674875054503,0,-0.1294264338556559
2026-04-01,2026-06-22,CME,live,0.1424225793966133,0,-0.0318923008269056
2026-04-01,2026-06-22,COST,live,0.13394372170052363,0,-0.023261686498896
2026-04-01,2026-06-22,CRWD,live,0.3845294092350511,1,0.1320028023544042
2026-04-01,2026-06-22,CSCO,live,0.29996910615538447,0,-0.0769357242494591
2026-04-01,2026-06-22,CVS,live,0.19290816252418017,1,0.0918064673464182
2026-04-01,2026-06-22,CVX,live,0.08849288748163463,1,0.0914544155655339
2026-04-01,2026-06-22,DLR,live,0.056252811812900705,0,-0.083000901528056
2026-04-01,2026-06-22,DUK,live,0.05319861466312682,1,0.0193491506152589
2026-04-01,2026-06-22,EMR,live,0.05060293790822351,0,-0.0728980208881141
2026-04-01,2026-06-22,EOG,live,0.0789960916927627,1,0.0798765374094199
2026-04-01,2026-06-22,ETN,live,0.07702091949958954,0,-0.0753361482037465
2026-04-01,2026-06-22,FDX,live,0.06834184746915892,0,-0.041334620075272
2026-04-01,2026-06-22,GILD,live,0.11131971382258551,1,0.0433250253361023
2026-04-01,2026-06-22,GLD,live,0.08308929700758277,0,-0.0254296754268783
2026-04-01,2026-06-22,GM,live,0.06573537318125731,0,-0.0113142317376171
2026-04-01,2026-06-22,GOOG,live,0.2064761125142123,0,-0.0074258740379476
2026-04-01,2026-06-22,GS,live,0.09318828794140276,0,-0.0188092018179083
2026-04-01,2026-06-22,HD,live,0.12363741735354632,1,0.015247109977273
2026-04-01,2026-06-22,HLT,live,0.06639512910211438,0,-0.0553757053624902
2026-04-01,2026-06-22,IBM,live,0.2084898798640222,0,-0.1654111530361796
2026-04-01,2026-06-22,JNJ,live,0.12334225610401392,1,0.0835315313460951
2026-04-01,2026-06-22,JPM,live,0.05513746339577141,1,0.0414806309408717
2026-04-01,2026-06-22,KMI,live,0.053336244433649344,1,0.0040310408717902
2026-04-01,2026-06-22,KO,live,0.06976005668384454,1,0.0306802776167203
2026-04-01,2026-06-22,LHX,live,0.09847787733945866,0,-0.0284084788113528
2026-04-01,2026-06-22,LLY,live,0.18839052656420952,1,0.066537892937925
2026-04-01,2026-06-22,LMT,live,0.21641911295731217,1,0.0273298015955574
2026-04-01,2026-06-22,MCD,live,0.08797733447856346,0,-0.0229174465069575
2026-04-01,2026-06-22,MMM,live,0.06909994043364827,1,0.046195277721738
2026-04-01,2026-06-22,MO,live,0.1640243803805161,1,0.0500646758824538
2026-04-01,2026-06-22,MRK,live,0.08156562837523947,1,0.0933494844642264
2026-04-01,2026-06-22,MS,live,0.13003126818619662,0,-0.047073858883244
2026-04-01,2026-06-22,MSFT,live,0.202601237590232,1,0.0827843522765685
2026-04-01,2026-06-22,NEE,live,0.06794780997023593,1,0.021491617504284
2026-04-01,2026-06-22,NEM,live,0.09281370901561495,0,-0.091453879262212
2026-04-01,2026-06-22,NFLX,live,0.24716725568900547,0,-0.0577661806137789
2026-04-01,2026-06-22,NVDA,live,0.19275807680139437,0,-0.006518095615312
2026-04-01,2026-06-22,PG,live,0.06972110845344376,1,0.0028440780644978
2026-04-01,2026-06-22,PH,live,0.07856804304126246,0,-0.0026607328659219
2026-04-01,2026-06-22,PLTR,live,0.21399343953334268,1,0.1101255536578189
2026-04-01,2026-06-22,PM,live,0.21982238452612474,1,0.0858693496241784
2026-04-01,2026-06-22,PNC,live,0.07007952340187826,1,0.0667632300315532
2026-04-01,2026-06-22,PYPL,live,0.09754344645847178,1,0.3190835680879762
2026-04-01,2026-06-22,ROST,live,0.061597933898467835,0,-0.004895149833877
2026-04-01,2026-06-22,RTX,live,0.0844714551319189,1,0.0651157466790965
2026-04-01,2026-06-22,SCHW,live,0.17448309026457096,1,0.0861675585174486
2026-04-01,2026-06-22,SO,live,0.06264113212971441,1,0.0044953244950598
2026-04-01,2026-06-22,SOFI,live,0.11778535090743762,1,0.0315788886627088
2026-04-01,2026-06-22,SPG,live,0.08457135732800979,1,0.056951044157115
2026-04-01,2026-06-22,SPOT,live,0.1550505081517025,1,0.0737798034541454
2026-04-01,2026-06-22,T,live,0.21538613701167023,1,0.0072398119751284
2026-04-01,2026-06-22,TJX,live,0.12011337781738882,0,-0.0555521424066912
2026-04-01,2026-06-22,TSLA,live,0.12397920295349263,0,-0.0644858558310538
2026-04-01,2026-06-22,TSM,live,0.11158109479264994,0,-0.0920735280001561
2026-04-01,2026-06-22,TXN,live,0.2180531867776652,0,-0.1233297554378148
2026-04-01,2026-06-22,UNH,live,0.2061227580930101,1,0.0729566587048413
2026-04-01,2026-06-22,UNP,live,0.07957879260745705,1,0.1278134767905667
2026-04-01,2026-06-22,V,live,0.06935300334259006,1,0.0894672402775211
2026-04-01,2026-06-22,VLO,live,0.08599387359465686,1,0.2913282031721105
2026-04-01,2026-06-22,VTR,live,0.06282707003470785,1,0.1755780547965821
2026-04-01,2026-06-22,WELL,live,0.07936355485188291,1,0.1651454181741742
2026-04-01,2026-06-22,WMB,live,0.06757634120448978,0,-0.0212140947649219
2026-04-01,2026-06-22,WMT,live,0.09962483380095748,0,-0.0579450494781014
2026-04-01,2026-06-22,XLF,live,0.06700574255443395,1,0.0448789536903573
2026-04-01,2026-06-22,XLK,live,0.22678181714072018,0,-0.0591724979357156
2026-04-01,2026-06-22,XLU,live,0.06825601130399006,1,0.0044722035506028
2026-04-01,2026-06-22,XOM,live,0.07308698579357314,1,0.0956164178265674
2026-04-01,2026-06-22,ZM,live,0.23476710991454952,1,0.0643822686856852
2026-04-01,2026-06-23,AAPL,live,0.1379041804067109,1,0.1073395452455518
2026-04-01,2026-06-23,ABBV,live,0.06732591602448706,1,0.0789743098429915
2026-04-01,2026-06-23,ADI,live,0.18885754127937776,0,-0.0504100532510219
2026-04-01,2026-06-23,AEP,live,0.07222090367958547,0,-0.0050097064560055
2026-04-01,2026-06-23,AMZN,live,0.2553109511755651,1,0.0458758936617984
2026-04-01,2026-06-23,ASML,live,0.22706577147699308,1,0.0131574648448804
2026-04-01,2026-06-23,AVGO,live,0.2864610784545712,1,0.0438248163345911
2026-04-01,2026-06-23,AXP,live,0.06967653766305115,1,0.0324471297728889
2026-04-01,2026-06-23,BA,live,0.08367956888411493,0,-0.0371926194807646
2026-04-01,2026-06-23,BLK,live,0.0610884871902826,1,0.0406764176157654
2026-04-01,2026-06-23,BMY,live,0.07154374452889406,1,0.0941833181560634
2026-04-01,2026-06-23,C,live,0.09932398309072908,0,-0.0877422991901485
2026-04-01,2026-06-23,CAT,live,0.2051893384744428,0,-0.0964500463481226
2026-04-01,2026-06-23,CME,live,0.16750859686252534,1,0.0288120661462789
2026-04-01,2026-06-23,COST,live,0.13729680920786852,0,-0.0317120492747613
2026-04-01,2026-06-23,CRWD,live,0.38690042061826885,1,0.1068554479113081
2026-04-01,2026-06-23,CSCO,live,0.31107195164555995,0,-0.0737928380421569
2026-04-01,2026-06-23,CVS,live,0.1746809451457552,1,0.0640937496878046
2026-04-01,2026-06-23,CVX,live,0.10059348395814106,1,0.0966018889233311
2026-04-01,2026-06-23,DLR,live,0.0515467820849349,0,-0.0850769042968749
2026-04-01,2026-06-23,DUK,live,0.05319861466312682,1,0.023190674335962
2026-04-01,2026-06-23,EMR,live,0.051425993953440954,0,-0.0245214092622789
2026-04-01,2026-06-23,EOG,live,0.08324430615247355,1,0.0674574241307863
2026-04-01,2026-06-23,ETN,live,0.07583595297637966,1,0.0040219228378455
2026-04-01,2026-06-23,FDX,live,0.07117328742197812,1,0.0119152657157259
2026-04-01,2026-06-23,GILD,live,0.11048598379012103,1,0.042303024046655
2026-04-01,2026-06-23,GLD,live,0.0864160393675984,1,0.0047704541450994
2026-04-01,2026-06-23,GM,live,0.06362267967632847,1,0.0402786628004623
2026-04-01,2026-06-23,GOOG,live,0.21913762350324562,0,-0.0120491882569045
2026-04-01,2026-06-23,GS,live,0.09708204495234278,1,0.0034355560532575
2026-04-01,2026-06-23,HD,live,0.135836589377573,1,0.0215749722195519
2026-04-01,2026-06-23,HLT,live,0.06639512910211438,0,-0.0570048464397622
2026-04-01,2026-06-23,IBM,live,0.20006797849334185,0,-0.2233335759934224
2026-04-01,2026-06-23,JNJ,live,0.12209262096117315,1,0.0692237030492113
2026-04-01,2026-06-23,JPM,live,0.055874998716157864,1,0.0421080271437834
2026-04-01,2026-06-23,KMI,live,0.057589349471703764,0,-0.0015365468854885
2026-04-01,2026-06-23,KO,live,0.07046964719531976,1,0.0235337996152908
2026-04-01,2026-06-23,LHX,live,0.07337208877302734,0,-0.0293085940482565
2026-04-01,2026-06-23,LLY,live,0.18314879561722205,1,0.0505203381246788
2026-04-01,2026-06-23,LMT,live,0.21348674176766563,1,0.0212241579582579
2026-04-01,2026-06-23,MCD,live,0.08556982551200229,0,-0.0297798580167618
2026-04-01,2026-06-23,MMM,live,0.07096871187231236,1,0.0551161540458891
2026-04-01,2026-06-23,MO,live,0.16950360166490508,1,0.0078201026926509
2026-04-01,2026-06-23,MRK,live,0.0844148341000493,1,0.0658026993895399
2026-04-01,2026-06-23,MS,live,0.1510489824889338,0,-0.0333141566162171
2026-04-01,2026-06-23,MSFT,live,0.19275634508862974,1,0.043857286702174
2026-04-01,2026-06-23,NEE,live,0.06932702860737415,1,0.0344788076641384
2026-04-01,2026-06-23,NEM,live,0.09496536822695381,0,-0.021361369747734
2026-04-01,2026-06-23,NFLX,live,0.24162412828607888,0,-0.0589123995263112
2026-04-01,2026-06-23,NVDA,live,0.2146474155466583,1,0.0600880057782635
2026-04-01,2026-06-23,PANW,live,0.46314280617240045,1,0.1524817245430991
2026-04-01,2026-06-23,PG,live,0.06972110845344376,0,-0.0114675574740807
2026-04-01,2026-06-23,PH,live,0.07991060923925314,1,0.0244728698612979
2026-04-01,2026-06-23,PLTR,live,0.21518027618539418,1,0.0674379001918266
2026-04-01,2026-06-23,PM,live,0.21928271617439513,1,0.0873579965139359
2026-04-01,2026-06-23,PNC,live,0.07007952340187826,1,0.0579880020281973
2026-04-01,2026-06-23,PYPL,live,0.10148080611427016,1,0.3311749953459779
2026-04-01,2026-06-23,ROST,live,0.061597933898467835,1,0.0399912837374618
2026-04-01,2026-06-23,RTX,live,0.07909940880866827,1,0.0455496835718942
2026-04-01,2026-06-23,SCHW,live,0.1799420856634829,1,0.0818933673152702
2026-04-01,2026-06-23,SO,live,0.06264113212971441,1,0.0091646765383461
2026-04-01,2026-06-23,SOFI,live,0.11940348769707157,0,-0.0127241879151985
2026-04-01,2026-06-23,SPG,live,0.08457135732800979,1,0.0437390213494206
2026-04-01,2026-06-23,SPOT,live,0.194905526258052,1,0.0409659794996912
2026-04-01,2026-06-23,T,live,0.20812243713870246,1,0.010083360586149
2026-04-01,2026-06-23,TJX,live,0.12357020247884594,0,-0.0543961187064112
2026-04-01,2026-06-23,TSLA,live,0.14746998826850802,0,-0.0199155574478375
2026-04-01,2026-06-23,TSM,live,0.1734013533573986,0,-0.0347854503627647
2026-04-01,2026-06-23,UNH,live,0.2094028132868889,1,0.0539034760136682
2026-04-01,2026-06-23,UNP,live,0.07582815858231313,1,0.1312788141605536
2026-04-01,2026-06-23,V,live,0.06935300334259006,1,0.0759254798077935
2026-04-01,2026-06-23,VLO,live,0.08197337287370461,1,0.2759357467702188
2026-04-01,2026-06-23,VTR,live,0.06370794647766748,1,0.1383389619144248
2026-04-01,2026-06-23,WELL,live,0.07761052336359482,1,0.1257407789195834
2026-04-01,2026-06-23,WMB,live,0.0683811013920085,0,-0.0171526987208608
2026-04-01,2026-06-23,WMT,live,0.10019362750802033,0,-0.0844916805610409
2026-04-01,2026-06-23,XLF,live,0.06700574255443395,1,0.0402746497016952
2026-04-01,2026-06-23,XLK,live,0.20872054072603977,0,-0.0212823612410359
2026-04-01,2026-06-23,XLU,live,0.06825601130399006,1,0.0190814425599015
2026-04-01,2026-06-23,XOM,live,0.07231953523936237,1,0.1053460364330491
2026-04-01,2026-06-23,ZM,live,0.23319317794123934,0,-0.0073457358837666
2026-04-01,2026-06-24,AAPL,live,0.19120494671831223,1,0.0975160993560257
2026-04-01,2026-06-24,ABBV,live,0.08481102421794272,1,0.0937886418976114
2026-04-01,2026-06-24,ADI,live,0.23181948796371318,0,-0.0797753682905701
2026-04-01,2026-06-24,AEP,live,0.09935877771496515,0,-0.0002964474135415
2026-04-01,2026-06-24,ASML,live,0.299869315993211,1,0.0228220244405155
2026-04-01,2026-06-24,AXP,live,0.09512202045052362,0,-0.005021021815044
2026-04-01,2026-06-24,BA,live,0.09519271567109318,0,-0.0500340716116274
2026-04-01,2026-06-24,BLK,live,0.10040652341760775,1,0.055526216109679
2026-04-01,2026-06-24,BMY,live,0.13779880064495936,1,0.1183636058460582
2026-04-01,2026-06-24,C,live,0.11872362005264554,0,-0.0815515826570718
2026-04-01,2026-06-24,CAT,live,0.3238868562354875,0,-0.1004676282902871
2026-04-01,2026-06-24,CME,live,0.30469722221717205,1,0.0977210607914706
2026-04-01,2026-06-24,COST,live,0.11562293278868316,0,-0.0364482289047235
2026-04-01,2026-06-24,CVS,live,0.25788249793599394,1,0.0492784579141953
2026-04-01,2026-06-24,CVX,live,0.14044345522979132,1,0.1339749293062826
2026-04-01,2026-06-24,DLR,live,0.07208033394820774,0,-0.0708735241517249
2026-04-01,2026-06-24,DUK,live,0.07236143731057826,1,0.0215758772929486
2026-04-01,2026-06-24,EMR,live,0.06933532085263705,1,0.0244626088472494
2026-04-01,2026-06-24,EOG,live,0.11536554407199616,1,0.0821123748271399
2026-04-01,2026-06-24,ETN,live,0.1334033922742916,1,0.0260510853958917
2026-04-01,2026-06-24,FDX,live,0.10981511515032803,0,-0.0038190559806817
2026-04-01,2026-06-24,GILD,live,0.21053815850794141,1,0.0455416809001563
2026-04-01,2026-06-24,GLD,live,0.13165083370523184,1,0.0153038242797383
2026-04-01,2026-06-24,GM,live,0.08751264780438978,1,0.0217859567724962
2026-04-01,2026-06-24,GOOG,live,0.2658557766002853,0,-0.077382365945412
2026-04-01,2026-06-24,GS,live,0.14553662224189307,0,-0.0020336550009312
2026-04-01,2026-06-24,HD,live,0.1759572039334549,0,-0.0529370433177662
2026-04-01,2026-06-24,HLT,live,0.08451520714020913,0,-0.0676722958571647
2026-04-01,2026-06-24,IBM,live,0.26460057454876157,0,-0.2141390302266316
2026-04-01,2026-06-24,JNJ,live,0.12546820183058705,1,0.0758090830442816
2026-04-01,2026-06-24,JPM,live,0.09650025141754051,1,0.049332676824854
2026-04-01,2026-06-24,KMI,live,0.07825220468181011,1,0.0055231759537592
2026-04-01,2026-06-24,KO,live,0.0896958383369792,1,0.0070719566453494
2026-04-01,2026-06-24,LHX,live,0.12847651614561253,1,0.0431650533932814
2026-04-01,2026-06-24,LLY,live,0.22384099320285564,1,0.0614091480513612
2026-04-01,2026-06-24,LMT,live,0.27132069378827706,1,0.1565169837977016
2026-04-01,2026-06-24,MCD,live,0.11659222747361844,0,-0.0404557356955819
2026-04-01,2026-06-24,MMM,live,0.09802674386579013,1,0.022180655744399
2026-04-01,2026-06-24,MO,live,0.21041248506804092,1,0.0001387836308148
2026-04-01,2026-06-24,MRK,live,0.10705527370244541,1,0.0819236930217546
2026-04-01,2026-06-24,MS,live,0.19688402653989892,0,-0.0212863091129726
2026-04-01,2026-06-24,MSFT,live,0.2171080902727035,1,0.044108782066693
2026-04-01,2026-06-24,NEE,live,0.0954393559571832,1,0.0247660134777838
2026-04-01,2026-06-24,NEM,live,0.1370950038588002,1,0.0072309687213487
2026-04-01,2026-06-24,NVDA,live,0.2613850358847025,1,0.0490451985268136
2026-04-01,2026-06-24,PG,live,0.08835718922707764,0,-0.0333464370515208
2026-04-01,2026-06-24,PH,live,0.11401814209519008,1,0.0253773870623559
2026-04-01,2026-06-24,PLTR,live,0.2775613503432275,1,0.086960376621868
2026-04-01,2026-06-24,PM,live,0.26090817893992013,1,0.069023360678754
2026-04-01,2026-06-24,PNC,live,0.06626062772458802,1,0.0389296282476363
2026-04-01,2026-06-24,PYPL,live,0.1299316331636566,1,0.3182674341679601
2026-04-01,2026-06-24,ROST,live,0.08289289241935736,1,0.0166236629451659
2026-04-01,2026-06-24,RTX,live,0.10345176053988347,1,0.1302280688504011
2026-04-01,2026-06-24,SCHW,live,0.22452879893939057,1,0.1118284417218271
2026-04-01,2026-06-24,SO,live,0.0876100345719454,1,0.0085612832039569
2026-04-01,2026-06-24,SOFI,live,0.14958095850656208,0,-0.0381282419280639
2026-04-01,2026-06-24,SPG,live,0.1164128522652302,1,0.013729476189763
2026-04-01,2026-06-24,SPOT,live,0.25129562858956106,1,0.0307245558750477
2026-04-01,2026-06-24,T,live,0.2726214767930127,1,0.0263745294190822
2026-04-01,2026-06-24,TJX,live,0.1282475314155786,0,-0.0707755801356191
2026-04-01,2026-06-24,TSLA,live,0.19268611503784083,0,-0.1486964996655524
2026-04-01,2026-06-24,TSM,live,0.16622655185141094,0,-0.0572783176487944
2026-04-01,2026-06-24,TXN,live,0.2829468512837959,0,-0.0597802645669063
2026-04-01,2026-06-24,UNH,live,0.247424321312641,1,0.0437654270573457
2026-04-01,2026-06-24,UNP,live,0.09645803364258697,1,0.1706800914588226
2026-04-01,2026-06-24,V,live,0.09184349413076218,1,0.0583029662482377
2026-04-01,2026-06-24,VLO,live,0.11433153384710383,1,0.2591676730934475
2026-04-01,2026-06-24,VTR,live,0.0727779291392293,1,0.1311077568919025
2026-04-01,2026-06-24,WELL,live,0.09706011180280162,1,0.115702530024871
2026-04-01,2026-06-24,WMB,live,0.08391005207843569,0,-0.0081719088458839
2026-04-01,2026-06-24,WMT,live,0.10716162828278337,0,-0.089075617429589
2026-04-01,2026-06-24,XOM,live,0.10836617265309219,1,0.1460190386003912
2026-04-01,2026-06-24,ZM,live,0.28568484940036465,0,-0.015912022825877
2026-04-01,2026-06-25,AAPL,live,0.19346902788226109,1,0.2103216296597814
2026-04-01,2026-06-25,ABBV,live,0.09442611943596543,1,0.0667104795699222
2026-04-01,2026-06-25,ADI,live,0.20050548056817663,0,-0.1102337906625395
2026-04-01,2026-06-25,AEP,live,0.0903744347106098,0,-0.0106569833128992
2026-04-01,2026-06-25,ANET,live,0.27323489350667207,1,0.0516168552580478
2026-04-01,2026-06-25,ASML,live,0.2663458135878384,0,-0.0456718438379449
2026-04-01,2026-06-25,AXP,live,0.0888486516267323,0,-0.047567536161317
2026-04-01,2026-06-25,BA,live,0.08797384132926514,0,-0.0394277967964656
2026-04-01,2026-06-25,BAC,live,0.0850581119080957,1,0.0663344337763884
2026-04-01,2026-06-25,BLK,live,0.09018482086767259,1,0.0861697079057772
2026-04-01,2026-06-25,BMY,live,0.11683426623273534,1,0.1209604772841284
2026-04-01,2026-06-25,C,live,0.1085387569178697,0,-0.0882190209894132
2026-04-01,2026-06-25,CAT,live,0.18963586850752853,0,-0.1592038180737648
2026-04-01,2026-06-25,COST,live,0.1060053388377317,0,-0.0076519368868079
2026-04-01,2026-06-25,CVS,live,0.265593962521646,1,0.0294285695957339
2026-04-01,2026-06-25,CVX,live,0.10743949530301156,1,0.130921894297453
2026-04-01,2026-06-25,D,live,0.09139845212734436,1,0.0228743531725756
2026-04-01,2026-06-25,DLR,live,0.06346434682230655,1,0.0345042574589977
2026-04-01,2026-06-25,DUK,live,0.06515806509480558,1,0.0268271862617839
2026-04-01,2026-06-25,EMR,live,0.06380321778496267,1,0.0178891301020198
2026-04-01,2026-06-25,EOG,live,0.09622487903990525,1,0.0958155805273219
2026-04-01,2026-06-25,ETN,live,0.12771033278690277,0,-0.0376306665794465
2026-04-01,2026-06-25,FDX,live,0.09995317643922144,0,-0.0439534084477294
2026-04-01,2026-06-25,GILD,live,0.19539644762312264,1,0.0441699078040871
2026-04-01,2026-06-25,GLD,live,0.11898377121140932,1,0.0066042399660015
2026-04-01,2026-06-25,GM,live,0.08339368116339402,1,0.052336695202332
2026-04-01,2026-06-25,GOOG,live,0.23235156184221203,0,-0.0675063734729394
2026-04-01,2026-06-25,GS,live,0.1405266360341245,0,-0.0036240932460476
2026-04-01,2026-06-25,HD,live,0.14286209521317242,0,-0.0348405478657155
2026-04-01,2026-06-25,HLT,live,0.0783580922682402,0,-0.0457494850410542
2026-04-01,2026-06-25,IBM,live,0.2501125734530808,0,-0.1706740560163658
2026-04-01,2026-06-25,JNJ,live,0.12179893725371989,1,0.0756288330790202
2026-04-01,2026-06-25,JPM,live,0.08897330536893791,1,0.0539806535016353
2026-04-01,2026-06-25,KMI,live,0.07113748763179817,0,-0.0045440084461862
2026-04-01,2026-06-25,KO,live,0.08189145595526907,1,0.0227555567361521
2026-04-01,2026-06-25,LHX,live,0.12309774365149845,1,0.0405171318679493
2026-04-01,2026-06-25,LLY,live,0.19629159332608648,1,0.0606018422097511
2026-04-01,2026-06-25,LMT,live,0.26717298764209263,1,0.1536176552610977
2026-04-01,2026-06-25,MCD,live,0.108182640097887,1,0.0008316368549061
2026-04-01,2026-06-25,MMM,live,0.08507301627845898,1,0.0276834783752519
2026-04-01,2026-06-25,MO,live,0.19445684259407967,0,-0.003005070665952
2026-04-01,2026-06-25,MRK,live,0.08555360911078723,1,0.0447988083913246
2026-04-01,2026-06-25,MS,live,0.14063749136741457,0,-0.0296778762117583
2026-04-01,2026-06-25,MSFT,live,0.21299277693537777,1,0.0818241836960549
2026-04-01,2026-06-25,NEE,live,0.08506337974049366,1,0.0237172394918352
2026-04-01,2026-06-25,NEM,live,0.12085764427788241,0,-0.0226533410307404
2026-04-01,2026-06-25,NVDA,live,0.18250248171832723,1,0.0567078294330292
2026-04-01,2026-06-25,PG,live,0.08243700472617581,0,-0.0073400426793981
2026-04-01,2026-06-25,PH,live,0.1146600526124409,0,-0.002394152176949
2026-04-01,2026-06-25,PLTR,live,0.25413108118531236,1,0.1458935584565479
2026-04-01,2026-06-25,PM,live,0.24108537859373164,1,0.0786341468739308
2026-04-01,2026-06-25,PNC,live,0.06477004558757436,1,0.0232795447744806
2026-04-01,2026-06-25,PYPL,live,0.1250481672011045,1,0.3249174164868906
2026-04-01,2026-06-25,ROST,live,0.08866265310957627,1,0.110444819260701
2026-04-01,2026-06-25,RTX,live,0.09649912952204381,1,0.1404147996272926
2026-04-01,2026-06-25,SCHW,live,0.2107867570106316,1,0.1400939002378214
2026-04-01,2026-06-25,SO,live,0.08051132957570648,1,0.0139713928341764
2026-04-01,2026-06-25,SOFI,live,0.13312185534544402,0,-0.0485549242562056
2026-04-01,2026-06-25,SPG,live,0.10571453451403363,1,0.0190252036969456
2026-04-01,2026-06-25,SPOT,live,0.22564966546354587,1,0.0939462229092595
2026-04-01,2026-06-25,T,live,0.23518940971927635,1,0.0762711453458353
2026-04-01,2026-06-25,TJX,live,0.13410934285326945,0,-0.0062504104996671
2026-04-01,2026-06-25,TSLA,live,0.17076100214368567,0,-0.1655203592079748
2026-04-01,2026-06-25,TSM,live,0.12915532847609335,0,-0.0725993408612694
2026-04-01,2026-06-25,TXN,live,0.2623086893278824,0,-0.1033642642592678
2026-04-01,2026-06-25,UNH,live,0.22570520313152154,1,0.0125381836940376
2026-04-01,2026-06-25,UNP,live,0.08634247765828772,1,0.1478728372364364
2026-04-01,2026-06-25,V,live,0.08610704933341491,1,0.076304012038618
2026-04-01,2026-06-25,VLO,live,0.10948142368449364,1,0.1859954634027159
2026-04-01,2026-06-25,VTR,live,0.06676590219605939,1,0.1498341350611385
2026-04-01,2026-06-25,WELL,live,0.08799794513701924,1,0.1266705946358326
2026-04-01,2026-06-25,WFC,live,0.10129639599402414,1,0.0185272567194088
2026-04-01,2026-06-25,WMB,live,0.07706599723395928,0,-0.0455307472575312
2026-04-01,2026-06-25,WMT,live,0.0984537420484975,0,-0.0544998931173081
2026-04-01,2026-06-25,XOM,live,0.09753442825348996,1,0.1409669135547187
2026-04-01,2026-06-25,ZM,live,0.26914832760290514,1,0.0616554148129007
2026-04-01,2026-06-26,AAPL,live,0.26615554632484484,1,0.1872225143116344
2026-04-01,2026-06-26,ABBV,live,0.14044229644693754,1,0.0140516971495125
2026-04-01,2026-06-26,ADI,live,0.17721818765306693,0,-0.0388203687459808
2026-04-01,2026-06-26,AEP,live,0.2109700756849237,0,-0.0367727018079062
2026-04-01,2026-06-26,ANET,live,0.18990295632015428,1,0.0835024612541988
2026-04-01,2026-06-26,ASML,live,0.14555618055102137,0,-0.0776543144123735
2026-04-01,2026-06-26,AVGO,live,0.25434498835184877,1,0.0498603165711826
2026-04-01,2026-06-26,AXP,live,0.17864489179992157,0,-0.0146021004730959
2026-04-01,2026-06-26,BA,live,0.1289027627995057,0,-0.0264672036823935
2026-04-01,2026-06-26,BAC,live,0.3023468481662352,1,0.0734277802621055
2026-04-01,2026-06-26,BLK,live,0.28615508051900207,1,0.1009940712303938
2026-04-01,2026-06-26,BMY,live,0.10596909718073337,1,0.0876217120204678
2026-04-01,2026-06-26,C,live,0.1889540008986208,0,-0.0610890853477192
2026-04-01,2026-06-26,CAT,live,0.18782757896226587,0,-0.1245049425585288
2026-04-01,2026-06-26,CME,live,0.33418815982387445,1,0.1554751158839438
2026-04-01,2026-06-26,COST,live,0.23976846497808302,0,-0.001007790706578
2026-04-01,2026-06-26,CVS,live,0.25761249333875286,1,0.0261644954260191
2026-04-01,2026-06-26,CVX,live,0.28166201294453574,1,0.1107214001620611
2026-04-01,2026-06-26,D,live,0.27548887229798796,1,0.0126819031727682
2026-04-01,2026-06-26,DLR,live,0.13436120801526488,1,0.014300489672725
2026-04-01,2026-06-26,DUK,live,0.2718632312633396,1,0.0033489716122336
2026-04-01,2026-06-26,EMR,live,0.11189624776005627,1,0.0404906079599427
2026-04-01,2026-06-26,EOG,live,0.27245270147152745,1,0.0581447292623744
2026-04-01,2026-06-26,ETN,live,0.17598629101575583,0,-0.0100327259879448
2026-04-01,2026-06-26,FDX,live,0.17935584441795357,0,-0.0242990935360467
2026-04-01,2026-06-26,FTNT,live,0.38380407069557476,1,0.0068054095656422
2026-04-01,2026-06-26,GILD,live,0.22105692341748395,1,0.0206444094130788
2026-04-01,2026-06-26,GLD,live,0.15633612726076251,1,0.0026764445760014
2026-04-01,2026-06-26,GM,live,0.21307185380394159,1,0.1144686634580227
2026-04-01,2026-06-26,GOOG,live,0.14508593815442414,0,-0.0242612419192564
2026-04-01,2026-06-26,GS,live,0.19756267746778253,1,0.0280695516210733
2026-04-01,2026-06-26,HD,live,0.11744519717274715,0,-0.0366049118554051
2026-04-01,2026-06-26,HLT,live,0.13150424117962276,0,-0.0060385126975354
2026-04-01,2026-06-26,IBM,live,0.1267719409451509,0,-0.2037698527723213
2026-04-01,2026-06-26,JNJ,live,0.10347297000728618,1,0.0443336542156882
2026-04-01,2026-06-26,JPM,live,0.32689815061631433,1,0.0825103340564312
2026-04-01,2026-06-26,KMI,live,0.2649672878847822,0,-0.0433865226360743
2026-04-01,2026-06-26,KO,live,0.0847010902079865,1,0.0174271147194875
2026-04-01,2026-06-26,LHX,live,0.22414806256293832,1,0.0419914540303112
2026-04-01,2026-06-26,LLY,live,0.13842521654107265,0,-0.0087656572717226
2026-04-01,2026-06-26,LMT,live,0.21398741568244264,1,0.1430823945148231
2026-04-01,2026-06-26,MCD,live,0.1900741317614415,1,0.0033733823738366
2026-04-01,2026-06-26,MMM,live,0.10558357209428257,1,0.0867020407107594
2026-04-01,2026-06-26,MO,live,0.2155916582145313,0,-0.0121967951580486
2026-04-01,2026-06-26,MRK,live,0.20380049474360612,1,0.016322017604178
2026-04-01,2026-06-26,MS,live,0.18184933188133426,1,0.0119322680463265
2026-04-01,2026-06-26,MSFT,live,0.16617522182930125,1,0.043247459125453
2026-04-01,2026-06-26,NEE,live,0.285335682958883,1,0.0030488288155416
2026-04-01,2026-06-26,NEM,live,0.16731934915242366,0,-0.0276708218944661
2026-04-01,2026-06-26,NFLX,live,0.15682076127072767,0,-0.0461996497155799
2026-04-01,2026-06-26,NVDA,live,0.18967443068935466,1,0.0206720809887992
2026-04-01,2026-06-26,PG,live,0.10551644304046708,0,-0.0026170942052543
2026-04-01,2026-06-26,PH,live,0.15396421728906773,1,0.0189799105940646
2026-04-01,2026-06-26,PLTR,live,0.2621951351532387,1,0.1647037848566146
2026-04-01,2026-06-26,PM,live,0.22607321002069725,1,0.0823698569327124
2026-04-01,2026-06-26,PNC,live,0.16445229171459583,1,0.0189803412066706
2026-04-01,2026-06-26,PYPL,live,0.22774850294645985,1,0.2659742274958274
2026-04-01,2026-06-26,ROST,live,0.12272437106282831,1,0.1410954345481574
2026-04-01,2026-06-26,RTX,live,0.1572845675756207,1,0.1618702685600368
2026-04-01,2026-06-26,SCHW,live,0.12764530217660974,1,0.1490019015006187
2026-04-01,2026-06-26,SO,live,0.0973900764708308,0,-0.0069987678010038
2026-04-01,2026-06-26,SOFI,live,0.3172558433483077,0,-0.0559284142582211
2026-04-01,2026-06-26,SPG,live,0.19029174439731164,1,0.0210674723088519
2026-04-01,2026-06-26,SPOT,live,0.13868190923605045,1,0.0754315313154794
2026-04-01,2026-06-26,T,live,0.13422682465438504,1,0.0748239795033891
2026-04-01,2026-06-26,TJX,live,0.24051797671016034,1,0.0061121550009521
2026-04-01,2026-06-26,TSLA,live,0.24272971698858395,0,-0.1856416523680398
2026-04-01,2026-06-26,TSM,live,0.1400142980549655,0,-0.0769284359803194
2026-04-01,2026-06-26,UNH,live,0.2426335150331028,0,-0.0239547539066121
2026-04-01,2026-06-26,UNP,live,0.2127630791644394,1,0.1153343804192581
2026-04-01,2026-06-26,V,live,0.10234823646266883,1,0.0782202270279739
2026-04-01,2026-06-26,VLO,live,0.10585185714222102,1,0.1756563920896441
2026-04-01,2026-06-26,VTR,live,0.12569999264487422,1,0.1241998560310597
2026-04-01,2026-06-26,WELL,live,0.255517540994664,1,0.0924206850728395
2026-04-01,2026-06-26,WFC,live,0.2474812245541792,1,0.0406629621738152
2026-04-01,2026-06-26,WMB,live,0.10952647898258788,0,-0.091504073677707
2026-04-01,2026-06-26,WMT,live,0.20892373144373927,0,-0.0341430071249007
2026-04-01,2026-06-26,XOM,live,0.15867124652612058,1,0.1335140756021964
2026-04-01,2026-06-26,ZM,live,0.22660606243250916,1,0.054810333947443
2026-04-01,2026-06-29,AAPL,live,0.54555922955343,1,0.2070703427275571
2026-04-01,2026-06-29,ABBV,live,0.4346825805845496,1,0.0349573934716791
2026-04-01,2026-06-29,ADI,live,0.4480834711202868,0,-0.0662361843072284
2026-04-01,2026-06-29,ANET,live,0.5171591597461916,1,0.0341864741114801
2026-04-01,2026-06-29,ASML,live,0.48501259281992815,0,-0.1593959123548749
2026-04-01,2026-06-29,AVGO,live,0.599961510036398,1,0.0227144346296208
2026-04-01,2026-06-29,AXP,live,0.47671494880071724,0,-0.0124677304010866
2026-04-01,2026-06-29,BA,live,0.36327042393559866,1,0.0319996042622547
2026-04-01,2026-06-29,BLK,live,0.6223275853660247,1,0.1551091579072798
2026-04-01,2026-06-29,CAT,live,0.48811561116952995,0,-0.1861612837214841
2026-04-01,2026-06-29,COST,live,0.5542777322983682,1,0.0210208566442977
2026-04-01,2026-06-29,CVX,live,0.5987984830767455,1,0.1134326614345815
2026-04-01,2026-06-29,DLR,live,0.4151749839494576,1,0.0136425166321039
2026-04-01,2026-06-29,FTNT,live,0.7135495685194332,0,-0.0350019463743194
2026-04-01,2026-06-29,GLD,live,0.4264694184265142,1,0.0021433842685514
2026-04-01,2026-06-29,GOOG,live,0.4516277141703804,0,-0.0531769321928219
2026-04-01,2026-06-29,GS,live,0.5879196973783242,1,0.0128698440172823
2026-04-01,2026-06-29,HD,live,0.34737359919204097,0,-0.0180724505630193
2026-04-01,2026-06-29,IBM,live,0.3558526808111428,0,-0.1814748091663388
2026-04-01,2026-06-29,JNJ,live,0.2915210555694682,1,0.0317976128976811
2026-04-01,2026-06-29,JPM,live,0.5394090450992253,1,0.0847626875998521
2026-04-01,2026-06-29,LLY,live,0.5021294633056976,0,-0.0075370298524543
2026-04-01,2026-06-29,LMT,live,0.5136012483826028,1,0.1578265761316521
2026-04-01,2026-06-29,MCD,live,0.4730746880942594,1,0.0218579103899345
2026-04-01,2026-06-29,MRK,live,0.5480008287032156,1,0.0188591926829522
2026-04-01,2026-06-29,MSFT,live,0.43662437329713877,1,0.0672328140838078
2026-04-01,2026-06-29,NEE,live,0.6257947196952796,1,0.0069929516307076
2026-04-01,2026-06-29,NFLX,live,0.4188566078931824,0,-0.0188397860212282
2026-04-01,2026-06-29,NVDA,live,0.49904060992312976,1,0.0104631136757473
2026-04-01,2026-06-29,PG,live,0.26266749194028777,1,0.0028966516902
2026-04-01,2026-06-29,PLTR,live,0.5776529630935716,1,0.0676750392185179
2026-04-01,2026-06-29,PYPL,live,0.48797488787195,1,0.314105414403069
2026-04-01,2026-06-29,RTX,live,0.4132558921900551,1,0.1668179132789584
2026-04-01,2026-06-29,SOFI,live,0.6858946998183166,0,-0.0797141682445021
2026-04-01,2026-06-29,SPOT,live,0.42465453448138546,1,0.1065780962230857
2026-04-01,2026-06-29,TSLA,live,0.5280732971429081,0,-0.2534964909304978
2026-04-01,2026-06-29,TSM,live,0.415439831634888,0,-0.1379696939196257
2026-04-01,2026-06-29,UNH,live,0.5304775092625569,1,0.0213663023777135
2026-04-01,2026-06-29,UNP,live,0.25086312090564694,1,0.0797579722273265
2026-04-01,2026-06-29,V,live,0.25409871843642984,1,0.072998691312615
2026-04-01,2026-06-29,WMT,live,0.46248498230921686,0,-0.0130890054098798
2026-04-01,2026-06-29,XOM,live,0.38644902708013984,1,0.1247978541248076
2026-04-01,2026-06-29,ZM,live,0.5852892046438392,1,0.061992152369656
2026-04-01,2026-06-30,AAPL,live,0.22217478675158506,1,0.1687517955549968
2026-04-01,2026-06-30,ABBV,live,0.17552393439897118,1,0.0463359896344044
2026-04-01,2026-06-30,ADI,live,0.14801169479984805,0,-0.1102802750200987
2026-04-01,2026-06-30,AEP,live,0.21913509927087538,0,-0.0541627351388247
2026-04-01,2026-06-30,APH,live,0.08720542040755898,0,-0.1475159294758737
2026-04-01,2026-06-30,ASML,live,0.27715529267829875,0,-0.2205394547823677
2026-04-01,2026-06-30,ATI,live,0.12230413614263322,0,-0.097311046882957
2026-04-01,2026-06-30,AVGO,live,0.24083152125978768,0,-0.0196690739266214
2026-04-01,2026-06-30,AXP,live,0.17713059633575584,0,-0.0199556541019955
2026-04-01,2026-06-30,BA,live,0.11092503085870944,0,-0.0113641922668031
2026-04-01,2026-06-30,BAC,live,0.2205887867940932,1,0.0717795750341518
2026-04-01,2026-06-30,BLK,live,0.2874246524648783,1,0.1223324016663747
2026-04-01,2026-06-30,BWXT,live,0.1977763217628882,0,-0.1911635891181509
2026-04-01,2026-06-30,C,live,0.17258906082462308,0,-0.0916691114961059
2026-04-01,2026-06-30,CAT,live,0.16657700939131737,0,-0.2649920142472295
2026-04-01,2026-06-30,CMG,live,0.11024704484728402,1,0.0070588728960823
2026-04-01,2026-06-30,CRM,live,0.12873644023393938,1,0.2024767041951443
2026-04-01,2026-06-30,CVS,live,0.23166383789623787,1,0.0238762812331343
2026-04-01,2026-06-30,D,live,0.2172899492869888,1,0.0330941881085347
2026-04-01,2026-06-30,DE,live,0.08134139697539751,0,-0.0368577936608998
2026-04-01,2026-06-30,DLR,live,0.1409767888673562,1,0.0478894685212067
2026-04-01,2026-06-30,DUK,live,0.1654138960132376,1,0.0197503552206985
2026-04-01,2026-06-30,EME,live,0.23151668232631972,0,-0.1896660041065684
2026-04-01,2026-06-30,EMR,live,0.10332393888879486,1,0.0180230663014933
2026-04-01,2026-06-30,EOG,live,0.24788090083055303,1,0.1249518788847545
2026-04-01,2026-06-30,ETN,live,0.19308910067799223,0,-0.1507556344937728
2026-04-01,2026-06-30,FDX,live,0.18181819643741337,0,-0.0144349613922868
2026-04-01,2026-06-30,FTNT,live,0.37071072323507676,0,-0.002603787978116
2026-04-01,2026-06-30,GLD,live,0.1442530387258573,1,0.0073293383290768
2026-04-01,2026-06-30,GM,live,0.19995536315205387,1,0.1598339310088161
2026-04-01,2026-06-30,GOOG,live,0.13625472657942025,0,-0.0497268204634736
2026-04-01,2026-06-30,GRMN,live,0.257115951109612,1,0.2411804113218238
2026-04-01,2026-06-30,GS,live,0.2402929483965744,0,-0.0302757598752368
2026-04-01,2026-06-30,HLT,live,0.14037451751729654,0,-0.0264479527336763
2026-04-01,2026-06-30,IBM,live,0.1110992395546244,0,-0.1947654446069747
2026-04-01,2026-06-30,JNJ,live,0.08910156032972054,1,0.0455171772375901
2026-04-01,2026-06-30,JPM,live,0.21978189927904948,1,0.0530962808046169
2026-04-01,2026-06-30,KMI,live,0.20694437802873264,0,-0.003753485594685
2026-04-01,2026-06-30,KO,live,0.07129569285378153,1,0.0960994894867464
2026-04-01,2026-06-30,LHX,live,0.18893815936533034,1,0.0238824547605438
2026-04-01,2026-06-30,LLY,live,0.1673913043226005,1,0.0088291649751046
2026-04-01,2026-06-30,LMT,live,0.1804778712476092,1,0.1172614567462473
2026-04-01,2026-06-30,MA,live,0.09475067830683197,1,0.0968069199800067
2026-04-01,2026-06-30,MCHP,live,0.2284877920072715,0,-0.2174341542238654
2026-04-01,2026-06-30,MMM,live,0.07448727682651855,1,0.0990673394066912
2026-04-01,2026-06-30,MO,live,0.19691807985944038,1,0.0412786844569239
2026-04-01,2026-06-30,MRK,live,0.19944215448880717,1,0.0144747129210238
2026-04-01,2026-06-30,MS,live,0.21702012461748663,0,-0.0282720464654375
2026-04-01,2026-06-30,MSFT,live,0.1760959513730374,1,0.046968044735554
2026-04-01,2026-06-30,NEM,live,0.12167559221629239,0,-0.0220557297037892
2026-04-01,2026-06-30,NFLX,live,0.13003792988885107,1,0.0312324324913466
2026-04-01,2026-06-30,NVDA,live,0.1954515938893177,0,-0.0503773402745865
2026-04-01,2026-06-30,OXY,live,0.26120623993516556,1,0.1535927348434309
2026-04-01,2026-06-30,PG,live,0.07254271877432081,0,-0.0036824419556764
2026-04-01,2026-06-30,PH,live,0.09674567453955171,0,-0.0276550811025265
2026-04-01,2026-06-30,PM,live,0.24003107459164286,1,0.0968990018486657
2026-04-01,2026-06-30,PNC,live,0.1277516411197732,1,0.0092194145934805
2026-04-01,2026-06-30,PYPL,live,0.17705465897104014,1,0.3513200106931671
2026-04-01,2026-06-30,ROST,live,0.12069275844527425,1,0.1837444185523356
2026-04-01,2026-06-30,RTX,live,0.12403220632734384,1,0.1345069564493577
2026-04-01,2026-06-30,SCHW,live,0.09789890477041867,1,0.1322207111899085
2026-04-01,2026-06-30,SO,live,0.10377550689518791,1,0.0035524393536465
2026-04-01,2026-06-30,SPG,live,0.17878818359459406,1,0.0534764455187191
2026-04-01,2026-06-30,SPOT,live,0.13846535187022233,1,0.1413107490096892
2026-04-01,2026-06-30,SPY,live,0.09201127314396239,0,-0.0231798239161492
2026-04-01,2026-06-30,TJX,live,0.20536855673734158,1,0.0668647186984323
2026-04-01,2026-06-30,TMO,live,0.16211968236009974,1,0.1497926416453683
2026-04-01,2026-06-30,TSLA,live,0.2079514744512292,0,-0.2907275249758366
2026-04-01,2026-06-30,TSM,live,0.16142411463975898,0,-0.2154657795053414
2026-04-01,2026-06-30,UNH,live,0.2095799902946916,1,0.0118855770357557
2026-04-01,2026-06-30,UNP,live,0.0705638306883729,1,0.0742279501522289
2026-04-01,2026-06-30,V,live,0.0703402783200878,1,0.0747326209511105
2026-04-01,2026-06-30,WELL,live,0.1729331273094725,1,0.0621668085406192
2026-04-01,2026-06-30,WFC,live,0.2310395439804451,1,0.0148838742257744
2026-04-01,2026-06-30,WMB,live,0.10223015566047941,0,-0.0566316826992745
2026-04-01,2026-06-30,WMT,live,0.15952162435379877,1,0.0084760645096753
2026-04-01,2026-06-30,XLE,live,0.10898807584728173,1,0.1043118217258607
2026-04-01,2026-06-30,XLF,live,0.09085677487482505,1,0.0572654292085836
2026-04-01,2026-06-30,XLI,live,0.09482245260644279,0,-0.0462667616644313
2026-04-01,2026-06-30,XLK,live,0.19418632874139288,0,-0.1257085681878923
2026-04-01,2026-06-30,XLU,live,0.09700579583261547,0,-0.0094839061254665
2026-04-01,2026-06-30,XLY,live,0.09218476634332774,0,-0.048345823908264
2026-04-01,2026-06-30,ZM,live,0.234708682402242,1,0.0706755448506932
2026-07-01,2026-07-01,AAPL,live,0.5471460683356147,1,0.1326516310389827
2026-07-01,2026-07-01,ABBV,live,0.544085387567333,1,0.0252927832600398
2026-07-01,2026-07-01,ADI,live,0.5250190457212294,0,-0.0573551260436822
2026-07-01,2026-07-01,AEP,live,0.5481170830240322,0,-0.0538319445255748
2026-07-01,2026-07-01,APH,live,0.5007678891130649,0,-0.0720008930936747
2026-07-01,2026-07-01,ASML,live,0.5387363785240449,0,-0.1039587277516289
2026-07-01,2026-07-01,ATI,live,0.5118482559712579,0,-0.0534422874034276
2026-07-01,2026-07-01,AVGO,live,0.5499133931920217,1,0.0500893490643652
2026-07-01,2026-07-01,AXP,live,0.5370601873563143,0,-0.030114974098644
2026-07-01,2026-07-01,BA,live,0.5121508119526325,1,0.0106139264616844
2026-07-01,2026-07-01,BAC,live,0.554860600277595,1,0.0577450119369431
2026-07-01,2026-07-01,BLK,live,0.5640815654634563,1,0.1203512817955509
2026-07-01,2026-07-01,BWXT,live,0.5424450895711638,0,-0.1341699537888071
2026-07-01,2026-07-01,C,live,0.5315858339148708,0,-0.0557339419571495
2026-07-01,2026-07-01,CAT,live,0.5341990669244226,0,-0.1838492283045874
2026-07-01,2026-07-01,CMG,live,0.512107929094993,1,0.1005714416503906
2026-07-01,2026-07-01,CRM,live,0.5177381194415897,1,0.107088227922921
2026-07-01,2026-07-01,CVS,live,0.5504376800143863,1,0.0039118755048168
2026-07-01,2026-07-01,D,live,0.541346136367307,1,0.0286178258623077
2026-07-01,2026-07-01,DE,live,0.49382139091887256,0,-0.0448672529366173
2026-07-01,2026-07-01,DLR,live,0.5326751571748244,1,0.0956782804923936
2026-07-01,2026-07-01,DUK,live,0.5334700471644875,1,0.0039755109592551
2026-07-01,2026-07-01,EME,live,0.5486339507561072,0,-0.0024368380279375
2026-07-01,2026-07-01,EMR,live,0.5104411428488209,1,0.0653669354781381
2026-07-01,2026-07-01,EOG,live,0.551457380488191,1,0.1315809833642527
2026-07-01,2026-07-01,ETN,live,0.538860015394299,0,-0.0616525989199274
2026-07-01,2026-07-01,FDX,live,0.5319129982090408,0,-0.0170124139229139
2026-07-01,2026-07-01,FTNT,live,0.5786460074585767,0,-0.0297521440096486
2026-07-01,2026-07-01,GLD,live,0.523820741750992,1,0.0177010184850385
2026-07-01,2026-07-01,GM,live,0.5464215973279509,1,0.1705509196946586
2026-07-01,2026-07-01,GOOG,live,0.5218806629990242,0,-0.0676465421826262
2026-07-01,2026-07-01,GRMN,live,0.5550639583993298,1,0.2521039747399107
2026-07-01,2026-07-01,GS,live,0.5519037638978554,1,0.0051490276433392
2026-07-01,2026-07-01,HLT,live,0.5174600227580745,0,-0.0304107137540812
2026-07-01,2026-07-01,IBM,live,0.5178746614669196,0,-0.2253624262247543
2026-07-01,2026-07-01,JNJ,live,0.4993316488897408,1,0.0072447107159321
2026-07-01,2026-07-01,JPM,live,0.5472665436881613,1,0.0502289891681646
2026-07-01,2026-07-01,KMI,live,0.5410225203295242,0,-0.0018915342762041
2026-07-01,2026-07-01,KO,live,0.4901697966172768,1,0.0885717415075941
2026-07-01,2026-07-01,LHX,live,0.5395172473079622,0,-0.0695685464378772
2026-07-01,2026-07-01,LLY,live,0.5295941352731744,0,-0.0308540619871441
2026-07-01,2026-07-01,LMT,live,0.5382100547340867,1,0.1002069244057459
2026-07-01,2026-07-01,MA,live,0.508037091524709,1,0.1051029264373559
2026-07-01,2026-07-01,MCHP,live,0.5559534925610918,0,-0.1542451226587076
2026-07-01,2026-07-01,MMM,live,0.4953079113387937,1,0.1007126777580647
2026-07-01,2026-07-01,MO,live,0.5414374215913839,0,-0.0503214764893822
2026-07-01,2026-07-01,MRK,live,0.5447077766743262,1,0.0352555670632406
2026-07-01,2026-07-01,MS,live,0.5465916293964256,0,-0.0084961911005954
2026-07-01,2026-07-01,MSFT,live,0.5302414627510816,1,0.1738836461342745
2026-07-01,2026-07-01,NEM,live,0.5179969257880008,1,0.0263665488103788
2026-07-01,2026-07-01,NFLX,live,0.5228013254894744,0,-0.0137485407587971
2026-07-01,2026-07-01,NVDA,live,0.5365227986153213,0,-0.0128555953101658
2026-07-01,2026-07-01,OXY,live,0.5572189482006792,1,0.1670839041653169
2026-07-01,2026-07-01,PG,live,0.4887664909031633,0,-0.0235364995882828
2026-07-01,2026-07-01,PH,live,0.5073850069918759,0,-0.001058320139689
2026-07-01,2026-07-01,PM,live,0.5508354024991076,1,0.0805334985760524
2026-07-01,2026-07-01,PNC,live,0.5235651656931978,0,-0.0115650125577859
2026-07-01,2026-07-01,PYPL,live,0.533218471268121,1,0.3081461748376091
2026-07-01,2026-07-01,ROST,live,0.5122163688094481,1,0.1919302246304082
2026-07-01,2026-07-01,RTX,live,0.5105823145013596,1,0.1178433947615362
2026-07-01,2026-07-01,SCHW,live,0.5042572556872521,1,0.0892671033694554
2026-07-01,2026-07-01,SO,live,0.5099476519479297,0,-0.008200235346602
2026-07-01,2026-07-01,SPG,live,0.5370274408806783,1,0.0333632396475616
2026-07-01,2026-07-01,SPOT,live,0.523818940129217,1,0.1060996723662135
2026-07-01,2026-07-01,SPY,live,0.5030795256799324,0,-0.0054575295952082
2026-07-01,2026-07-01,TJX,live,0.5419043103041069,1,0.0522628879044133
2026-07-01,2026-07-01,TMO,live,0.5306868214803563,1,0.1235852187274348
2026-07-01,2026-07-01,TSLA,live,0.5432261070542477,0,-0.2738066894705383
2026-07-01,2026-07-01,TSM,live,0.5228568442231619,0,-0.0921144731687065
2026-07-01,2026-07-01,UNH,live,0.536595322507273,0,-0.0118863581906755
2026-07-01,2026-07-01,UNP,live,0.49651271502800337,1,0.04223519247017
2026-07-01,2026-07-01,V,live,0.49674349629454584,1,0.0432665005764421
2026-07-01,2026-07-01,WELL,live,0.5361207493684185,1,0.0236326616434654
2026-07-01,2026-07-01,WFC,live,0.5556670501895473,0,-0.0059343975068907
2026-07-01,2026-07-01,WMB,live,0.5059914243490451,0,-0.0255598882336111
2026-07-01,2026-07-01,WMT,live,0.5436648844570307,1,0.0209520197177992
2026-07-01,2026-07-01,XLE,live,0.5092644330430669,1,0.1164551704460292
2026-07-01,2026-07-01,XLF,live,0.5037593776313166,1,0.0405257625077226
2026-07-01,2026-07-01,XLI,live,0.5039819505523759,0,-0.0271051549092465
2026-07-01,2026-07-01,XLK,live,0.5301866981718968,0,-0.053280894568522
2026-07-01,2026-07-01,XLU,live,0.5054605793799115,0,-0.002457016064928
2026-07-01,2026-07-01,XLY,live,0.5026228100731363,0,-0.0482682456177981
2026-07-01,2026-07-01,ZM,live,0.5515943629376345,1,0.0242982637095687
2026-07-01,2026-07-02,AAPL,live,0.5429275162884681,1,0.0009072312311408
2026-07-01,2026-07-02,ABBV,live,0.5531885506227853,0,-0.0388018715234194
2026-07-01,2026-07-02,ADI,live,0.5293984379060966,0,-0.0258510974263719
2026-07-01,2026-07-02,AEP,live,0.5479822994384697,0,-0.0769619266152575
2026-07-01,2026-07-02,APH,live,0.5119916224453481,0,-0.0236344825092684
2026-07-01,2026-07-02,ATI,live,0.5102895141348575,0,-0.0035087912849197
2026-07-01,2026-07-02,AVGO,live,0.5549138355768569,1,0.0799833141792392
2026-07-01,2026-07-02,AXP,live,0.5381606480410926,0,-0.0446357308685275
2026-07-01,2026-07-02,BA,live,0.5128337585913214,0,-0.0456974076228189
2026-07-01,2026-07-02,BAC,live,0.5529928160737159,1,0.0548271964209265
2026-07-01,2026-07-02,BLK,live,0.5696108691796928,1,0.0950659677186032
2026-07-01,2026-07-02,BWXT,live,0.5391428136224861,0,-0.1170313037583613
2026-07-01,2026-07-02,C,live,0.5340396359316,0,-0.0537258284409348
2026-07-01,2026-07-02,CAT,live,0.5402045335148613,0,-0.1543491403654622
2026-07-01,2026-07-02,CMG,live,0.5067484304932744,1,0.0517095750951033
2026-07-01,2026-07-02,CRM,live,0.5176566835062523,1,0.1078201408482402
2026-07-01,2026-07-02,CVS,live,0.5481299257038614,0,-0.0027692982443359
2026-07-01,2026-07-02,D,live,0.5505647402842949,0,-0.00831543843806
2026-07-01,2026-07-02,DE,live,0.4984496421788603,0,-0.0460347927985846
2026-07-01,2026-07-02,DLR,live,0.5293059806871458,1,0.087824587147627
2026-07-01,2026-07-02,DUK,live,0.5341644543061114,0,-0.0321759691508742
2026-07-01,2026-07-02,EME,live,0.5536078103296893,1,0.0293935666235871
2026-07-01,2026-07-02,EMR,live,0.5119195248964825,1,0.0774541822084828
2026-07-01,2026-07-02,EOG,live,0.5521091558965372,1,0.1369475747765844
2026-07-01,2026-07-02,ETN,live,0.5506603790010247,1,0.0418549223456572
2026-07-01,2026-07-02,FDX,live,0.5345169891847212,0,-0.0178913933019668
2026-07-01,2026-07-02,FTNT,live,0.5769099806719044,1,0.0364799804687498
2026-07-01,2026-07-02,GLD,live,0.5237639141739193,0,-0.0174278588125609
2026-07-01,2026-07-02,GM,live,0.5486998397261383,1,0.1692105343467311
2026-07-01,2026-07-02,GOOG,live,0.5266155957526911,1,0.001319560981436
2026-07-01,2026-07-02,GRMN,live,0.5565296429616944,1,0.2239813080155177
2026-07-01,2026-07-02,GS,live,0.5543775009268381,0,-0.0025661068728575
2026-07-01,2026-07-02,HLT,live,0.516718772268558,0,-0.0521412668206806
2026-07-01,2026-07-02,IBM,live,0.5201559639862561,0,-0.2275144985380507
2026-07-01,2026-07-02,JNJ,live,0.5087507487278888,0,-0.0254334026158752
2026-07-01,2026-07-02,JPM,live,0.5519419924423397,1,0.0517834402517611
2026-07-01,2026-07-02,KMI,live,0.5402681500650628,1,0.003742948432458
2026-07-01,2026-07-02,KO,live,0.4991661740970486,1,0.0410030541153847
2026-07-01,2026-07-02,LHX,live,0.5383204933421212,0,-0.0827954088761323
2026-07-01,2026-07-02,LLY,live,0.5305030344096116,0,-0.0536036992258217
2026-07-01,2026-07-02,LMT,live,0.5332594058321379,1,0.0674653677376451
2026-07-01,2026-07-02,MA,live,0.505154605375512,1,0.0624964497340043
2026-07-01,2026-07-02,MCHP,live,0.5527894329576997,0,-0.1222825915495802
2026-07-01,2026-07-02,META,live,0.5461343984360717,0,-0.044930522121238
2026-07-01,2026-07-02,MMM,live,0.49105695881233746,1,0.0987284723064965
2026-07-01,2026-07-02,MO,live,0.5419717258513111,0,-0.0602392698194013
2026-07-01,2026-07-02,MRK,live,0.5470168992470769,1,0.0049397916155331
2026-07-01,2026-07-02,MS,live,0.5507069212514117,0,-0.0164072108961153
2026-07-01,2026-07-02,MSFT,live,0.5345525612451454,1,0.1900945295467746
2026-07-01,2026-07-02,NEM,live,0.5160629323731353,0,-0.0343157646294071
2026-07-01,2026-07-02,NFLX,live,0.5190170210180374,0,-0.0764971323204235
2026-07-01,2026-07-02,NVDA,live,0.5349082105563548,1,0.0303854545670989
2026-07-01,2026-07-02,OXY,live,0.5534611550428227,1,0.166837045039244
2026-07-01,2026-07-02,PG,live,0.4911492387385167,0,-0.0457037051817802
2026-07-01,2026-07-02,PH,live,0.5088970642489097,1,0.014165703705441
2026-07-01,2026-07-02,PM,live,0.542062698303819,1,0.0469084481886394
2026-07-01,2026-07-02,PNC,live,0.5266315502940528,1,0.0015230655162812
2026-07-01,2026-07-02,PYPL,live,0.5386704113600723,1,0.2581921607344084
2026-07-01,2026-07-02,ROST,live,0.5126517328203016,1,0.1763576626534209
2026-07-01,2026-07-02,RTX,live,0.5136155820146102,1,0.0801505707438048
2026-07-01,2026-07-02,SCHW,live,0.5010713337602524,1,0.0849484315852528
2026-07-01,2026-07-02,SO,live,0.5137715747641933,0,-0.035109229674902
2026-07-01,2026-07-02,SPG,live,0.5373687735050379,1,0.0146421197661732
2026-07-01,2026-07-02,SPOT,live,0.5243727984844102,1,0.0287466328901209
2026-07-01,2026-07-02,SPY,live,0.5026291645124668,1,0.0030210262245138
2026-07-01,2026-07-02,TJX,live,0.5464787209805413,1,0.0199663032589969
2026-07-01,2026-07-02,TMO,live,0.5291853887338087,1,0.0971648806249876
2026-07-01,2026-07-02,TSLA,live,0.5462014465275642,0,-0.2090227937486475
2026-07-01,2026-07-02,TSM,live,0.5239017436836151,0,-0.0688916607007107
2026-07-01,2026-07-02,UNH,live,0.5298175354613757,0,-0.0257663904281443
2026-07-01,2026-07-02,UNP,live,0.4882855969226154,1,0.0350044459975642
2026-07-01,2026-07-02,V,live,0.4956453562574764,1,0.0110457568996371
2026-07-01,2026-07-02,WELL,live,0.536518435993925,0,-0.0068626414214267
2026-07-01,2026-07-02,WFC,live,0.5524894509263883,1,0.0109928053856689
2026-07-01,2026-07-02,WMB,live,0.5101607997632694,0,-0.0218758338456801
2026-07-01,2026-07-02,WMT,live,0.5472797249515742,0,-0.0057224553880963
2026-07-01,2026-07-02,XLE,live,0.5086384511481189,1,0.1189402080264325
2026-07-01,2026-07-02,XLF,live,0.5013383883508563,1,0.0237324653033661
2026-07-01,2026-07-02,XLI,live,0.5040663784029673,0,-0.0221304292489517
2026-07-01,2026-07-02,XLK,live,0.5363056822564916,0,-0.0290159496131269
2026-07-01,2026-07-02,XLU,live,0.5050416926740787,0,-0.0308129348586232
2026-07-01,2026-07-02,XLY,live,0.5023049540319541,0,-0.0087944534198831
2026-07-01,2026-07-02,ZM,live,0.5512881412719729,1,0.102415553337082
2026-07-01,2026-07-06,AAPL,live,0.6704257393081697,0,-0.029552837350954
2026-07-01,2026-07-06,ADI,live,0.6740455196611316,0,-0.0693104508914832
2026-07-01,2026-07-06,ANET,live,0.69484758154298,1,0.0670013890358978
2026-07-01,2026-07-06,ASML,live,0.7007865790231443,0,-0.1000235235526142
2026-07-01,2026-07-06,AVGO,live,0.7175311244178921,1,0.0490238496631763
2026-07-01,2026-07-06,CAT,live,0.7044389370487146,0,-0.1442283446862845
2026-07-01,2026-07-06,CMG,live,0.6612492295145359,1,0.1024131721341188
2026-07-01,2026-07-06,CRM,live,0.705225561742498,1,0.1225475629322594
2026-07-01,2026-07-06,CVS,live,0.6936970576659994,1,0.0322296322150581
2026-07-01,2026-07-06,DUK,live,0.6225716139617259,0,-0.0134159119237072
2026-07-01,2026-07-06,GLD,live,0.6704965814492726,0,-0.0272682419453815
2026-07-01,2026-07-06,GM,live,0.6482687448110875,1,0.1262684909919731
2026-07-01,2026-07-06,GS,live,0.6795106389220985,0,-0.0267509210016129
2026-07-01,2026-07-06,JPM,live,0.6255643486733783,1,0.0441786490992697
2026-07-01,2026-07-06,LHX,live,0.6496713750805725,0,-0.0777043997603326
2026-07-01,2026-07-06,LLY,live,0.6934126538746422,0,-0.0655801121607276
2026-07-01,2026-07-06,LMT,live,0.6890620884088237,1,0.0897583234708991
2026-07-01,2026-07-06,MA,live,0.6342188863390392,1,0.0710373229253369
2026-07-01,2026-07-06,MCHP,live,0.7105529930938522,0,-0.1412261175290899
2026-07-01,2026-07-06,META,live,0.6866233503073847,0,-0.016741888355349
2026-07-01,2026-07-06,MO,live,0.6683934524644973,0,-0.0503616479620185
2026-07-01,2026-07-06,MRK,live,0.6484331369554378,1,0.0078087858755462
2026-07-01,2026-07-06,NFLX,live,0.7061799586140681,0,-0.0353853582057092
2026-07-01,2026-07-06,NVDA,live,0.6754312268059915,1,0.0567118187922264
2026-07-01,2026-07-06,OXY,live,0.6680657608388937,1,0.1364474423280077
2026-07-01,2026-07-06,PG,live,0.6322685653570467,0,-0.0290670176736657
2026-07-01,2026-07-06,PNC,live,0.6330185925326556,0,-0.0057666146508968
2026-07-01,2026-07-06,SPG,live,0.6415687076021995,1,0.0184889051649306
2026-07-01,2026-07-06,SPOT,live,0.6864560183421683,1,0.0068735155369794
2026-07-01,2026-07-06,TSLA,live,0.6937260409510815,0,-0.2327226933753582
2026-07-01,2026-07-06,TSM,live,0.6787045183623464,0,-0.1011089717111736
2026-07-01,2026-07-06,UNP,live,0.637583064566575,1,0.0305743825344289
2026-07-01,2026-07-06,XLE,live,0.6308807379350756,1,0.1065311449957571
2026-07-01,2026-07-06,XLU,live,0.6290440620979948,0,-0.0207505219103836
2026-07-01,2026-07-06,ZM,live,0.7103433908360085,1,0.156426566133947
2026-07-01,2026-07-07,AAPL,live,0.674348163736759,0,-0.0041202561134617
2026-07-01,2026-07-07,ADI,live,0.6798622254586705,1,0.0033243008988286
2026-07-01,2026-07-07,ASML,live,0.6998841752351139,0,-0.0202543462152879
2026-07-01,2026-07-07,CAT,live,0.7121696702105885,0,-0.0676296828277951
2026-07-01,2026-07-07,CMG,live,0.6665442338548699,0,-0.0154293683505158
2026-07-01,2026-07-07,CRM,live,0.7031916799505434,1,0.1266517265195172
2026-07-01,2026-07-07,CVS,live,0.6957598795340284,1,0.0008626122525747
2026-07-01,2026-07-07,DUK,live,0.6295323110765729,0,-0.0308064618626671
2026-07-01,2026-07-07,GLD,live,0.6823385704913764,0,-0.0088213903902408
2026-07-01,2026-07-07,GM,live,0.6523911244812313,1,0.1615151779094956
2026-07-01,2026-07-07,GS,live,0.6802818797912357,1,0.0095879117406507
2026-07-01,2026-07-07,JPM,live,0.6308875512995887,1,0.0539472546639796
2026-07-01,2026-07-07,LHX,live,0.6677968583366298,0,-0.0341909489241727
2026-07-01,2026-07-07,LLY,live,0.6993954945145056,0,-0.0970248301966426
2026-07-01,2026-07-07,LMT,live,0.6860931169321995,1,0.1007695687455496
2026-07-01,2026-07-07,MA,live,0.6378252220504251,1,0.0742635356671399
2026-07-01,2026-07-07,META,live,0.6905706950902845,0,-0.044900766563388
2026-07-01,2026-07-07,MO,live,0.677619961576192,0,-0.0670230187912533
2026-07-01,2026-07-07,MRK,live,0.6420122119676818,0,-0.0066739143743452
2026-07-01,2026-07-07,NFLX,live,0.7118170361489179,0,-0.0342609687568383
2026-07-01,2026-07-07,NVDA,live,0.6709595480563706,1,0.0762200290655419
2026-07-01,2026-07-07,OXY,live,0.6968726750978423,1,0.0659829687940345
2026-07-01,2026-07-07,PG,live,0.6316846491681413,0,-0.0310311325248056
2026-07-01,2026-07-07,PNC,live,0.6345415269664811,1,0.0005118101083578
2026-07-01,2026-07-07,SOFI,live,0.6923031055400388,1,0.0535211697430677
2026-07-01,2026-07-07,SPG,live,0.6484123999728527,0,-0.0056781043666503
2026-07-01,2026-07-07,SPOT,live,0.6891093966723628,0,-0.0319465500340607
2026-07-01,2026-07-07,TSLA,live,0.6918800060655877,0,-0.1875154850768737
2026-07-01,2026-07-07,TSM,live,0.6848943821311693,0,-0.0356011596637161
2026-07-01,2026-07-07,UNP,live,0.6477258192096622,1,0.0467293416731375
2026-07-01,2026-07-07,XLE,live,0.6400152151526179,1,0.0710102692433467
2026-07-01,2026-07-07,XLU,live,0.6371815057736826,0,-0.034792125296359
2026-07-01,2026-07-07,ZM,live,0.7142454366224202,1,0.1918767785113224
2026-07-01,2026-07-10,AAPL,live,0.4890091726527302,0,-0.0062476251901057
2026-07-01,2026-07-10,ABBV,live,0.52219200630943,0,-0.0085053232617616
2026-07-01,2026-07-10,ADI,live,0.47300473766316004,0,-0.0141791619818153
2026-07-01,2026-07-10,AEP,live,0.4613055310102388,0,-0.0716236420544552
2026-07-01,2026-07-10,AFRM,live,0.5273779851192059,0,-0.0975785131661476
2026-07-01,2026-07-10,AMZN,live,0.49865005073579793,1,0.1191815059543111
2026-07-01,2026-07-10,APH,live,0.5501506881970707,1,0.0639067565757842
2026-07-01,2026-07-10,ASML,live,0.534805474985108,0,-0.0309460734756916
2026-07-01,2026-07-10,ATI,live,0.5368156375992552,1,0.2185094730700392
2026-07-01,2026-07-10,AXP,live,0.4667953064804762,0,-0.0274402290080655
2026-07-01,2026-07-10,BA,live,0.4552211059099286,1,0.0549531959914169
2026-07-01,2026-07-10,BAC,live,0.4574684147857059,1,0.0585721946343376
2026-07-01,2026-07-10,BLK,live,0.46483261834541295,1,0.096871950407013
2026-07-01,2026-07-10,BMY,live,0.4523933312893058,1,0.1239144543234074
2026-07-01,2026-07-10,BWXT,live,0.5228908807774785,0,-0.0873118574901293
2026-07-01,2026-07-10,C,live,0.46559793253282633,0,-0.041196022938798
2026-07-01,2026-07-10,CAT,live,0.5360016580370534,0,-0.1156014517807128
2026-07-01,2026-07-10,CME,live,0.538012568968942,1,0.0971822967058684
2026-07-01,2026-07-10,CMG,live,0.4819871074528383,0,-0.069219819197418
2026-07-01,2026-07-10,CRM,live,0.5292931840729843,1,0.1799534537817166
2026-07-01,2026-07-10,CVS,live,0.5305504961761438,0,-0.0814210584032157
2026-07-01,2026-07-10,D,live,0.4714931127338983,0,-0.0386700772497949
2026-07-01,2026-07-10,DE,live,0.46197501066632124,1,0.0580547458927684
2026-07-01,2026-07-10,DLR,live,0.44691163564507064,1,0.074081203719758
2026-07-01,2026-07-10,DUK,live,0.4393170760239195,0,-0.0048613372173443
2026-07-01,2026-07-10,EME,live,0.5487903550032776,1,0.044903910503218
2026-07-01,2026-07-10,EMR,live,0.43657979287760623,1,0.139184916125006
2026-07-01,2026-07-10,ETN,live,0.4743444214693213,1,0.1015640108975508
2026-07-01,2026-07-10,FDX,live,0.4602255429545154,1,0.0122659929505744
2026-07-01,2026-07-10,FTNT,live,0.5677349695897246,1,0.0132055228467702
2026-07-01,2026-07-10,GLD,live,0.509353453155907,1,0.0569612875777165
2026-07-01,2026-07-10,GM,live,0.4743562500759834,1,0.1251123706445196
2026-07-01,2026-07-10,GOOG,live,0.48001171157382305,0,-0.004562980938956
2026-07-01,2026-07-10,GS,live,0.5007163455490472,0,-0.0148980192699358
2026-07-01,2026-07-10,HD,live,0.488742454550807,1,0.0360035429904952
2026-07-01,2026-07-10,HLT,live,0.45876050838906324,0,-0.0536843006314285
2026-07-01,2026-07-10,IBM,live,0.5377201904983449,0,-0.1753025597791561
2026-07-01,2026-07-10,JNJ,live,0.4750579101286272,1,0.0087555448042988
2026-07-01,2026-07-10,JPM,live,0.45295702479229666,1,0.0625761363550818
2026-07-01,2026-07-10,KO,live,0.4526036248665632,1,0.0426399003362909
2026-07-01,2026-07-10,LHX,live,0.45968295917667745,0,-0.0142380035329736
2026-07-01,2026-07-10,LLY,live,0.5317076092855298,0,-0.0027301445734948
2026-07-01,2026-07-10,LMT,live,0.4756398756824013,1,0.1234089120058756
2026-07-01,2026-07-10,MA,live,0.4561467565511063,1,0.0681741178673547
2026-07-01,2026-07-10,MCD,live,0.4635445286369815,0,-0.0004369814804092
2026-07-01,2026-07-10,META,live,0.49750734730360924,0,-0.1152254805739736
2026-07-01,2026-07-10,MMM,live,0.4561615664918064,1,0.1611223269148971
2026-07-01,2026-07-10,MO,live,0.5009341468295181,0,-0.0483354391482199
2026-07-01,2026-07-10,MRK,live,0.468855527078987,1,0.0407156092878027
2026-07-01,2026-07-10,MS,live,0.4953068208696897,0,-0.0271279413910925
2026-07-01,2026-07-10,MSFT,live,0.5125556750172708,1,0.2983380480653037
2026-07-01,2026-07-10,NEM,live,0.5166335273269624,1,0.1857487331113878
2026-07-01,2026-07-10,NFLX,live,0.5422417881399195,1,0.0104947064773317
2026-07-01,2026-07-10,NVDA,live,0.49992676855520574,1,0.0616230545424298
2026-07-01,2026-07-10,OXY,live,0.5188268469170487,1,0.057099650077794
2026-07-01,2026-07-10,PANW,live,0.5615086747328447,1,0.1164431323464318
2026-07-01,2026-07-10,PG,live,0.4489164782148335,0,-0.0086370312272834
2026-07-01,2026-07-10,PH,live,0.4821228985285828,1,0.1171262637268302
2026-07-01,2026-07-10,PM,live,0.5143771734697496,1,0.0433873201996732
2026-07-01,2026-07-10,PNC,live,0.46080282048718774,1,0.0024016343882498
2026-07-01,2026-07-10,PYPL,live,0.493392910203891,1,0.2752590691710364
2026-07-01,2026-07-10,ROST,live,0.4660840598997645,1,0.1451453254487129
2026-07-01,2026-07-10,RTX,live,0.46027290679678967,1,0.1380085211847419
2026-07-01,2026-07-10,SCHW,live,0.5250750535179699,1,0.0432505718161502
2026-07-01,2026-07-10,SOFI,live,0.5104747346336107,0,-0.0212993349975406
2026-07-01,2026-07-10,SPG,live,0.4709739874595434,1,0.0190382282981795
2026-07-01,2026-07-10,SPOT,live,0.5216845873474935,1,0.0181128512420534
2026-07-01,2026-07-10,TJX,live,0.4828818379792637,1,0.0658121247183718
2026-07-01,2026-07-10,TMO,live,0.47350144192987204,1,0.1267999175929832
2026-07-01,2026-07-10,TSLA,live,0.4750523435603525,0,-0.1941829048877819
2026-07-01,2026-07-10,TSM,live,0.5036867022969127,0,-0.032710562227573
2026-07-01,2026-07-10,UNH,live,0.514045333994796,0,-0.0412603956835255
2026-07-01,2026-07-10,UNP,live,0.4667135927783984,1,0.0213269978374164
2026-07-01,2026-07-10,V,live,0.4578293570230155,1,0.0384560660824453
2026-07-01,2026-07-10,VTR,live,0.46520307903029223,1,0.0296712409370438
2026-07-01,2026-07-10,WELL,live,0.4678108378315005,1,0.0234897989007663
2026-07-01,2026-07-10,WFC,live,0.4610864567446904,1,0.0009177856619908
2026-07-01,2026-07-10,WMB,live,0.4655376526921566,0,-0.0617168416501907
2026-07-01,2026-07-10,WMT,live,0.5064917430051383,0,-0.0179982706259406
2026-07-01,2026-07-10,XLF,live,0.45601833149707427,1,0.0342846863902472
2026-07-01,2026-07-10,XLI,live,0.4576662094280007,1,0.0177550338613099
2026-07-01,2026-07-10,XLK,live,0.540456894371145,1,0.0117343521848125
2026-07-01,2026-07-10,XLU,live,0.4552316779244985,0,-0.0396388294012101
2026-07-01,2026-07-10,XLY,live,0.4552316779244985,1,0.0220914706113752
2026-07-01,2026-07-10,ZM,live,0.5441002475014269,1,0.1642156585669234
